CV,rCV_MAD,avg,mean,median,std,var,amplitude,first_order_sensitivity,second_order_sensitivity,CV_MC,rCV_MAD_MC,avg_MC,std_MC,var_MC,amplitude_MC,first_order_sensitivity_MC,second_order_sensitivity_MC,CV_KR,rCV_MAD_KR,avg_KR,std_KR,var_KR,amplitude_KR,first_order_sensitivity_KR,second_order_sensitivity_KR,CV_GR,rCV_MAD_GR,avg_GR,std_GR,var_GR,amplitude_GR,first_order_sensitivity_GR,second_order_sensitivity_GR,label
0.023706245,0.019296239,0.930150919,0.930150919,0.926491911,0.022050386,0.00048622,0.085532483,-0.001319422,0.00073276,0.084166178,0.059244324,2.908762832,0.24481945,0.059936563,1.008851111,-0.015203029,0.001770377,0.131345627,0.177405128,114.9473684,15.09783423,227.9445983,49,-2.738596491,-0.02572608,0.165409933,0.200351351,35.89473684,5.937346003,35.25207756,18,-0.773684211,0.060518944,1
0.311909779,0.376362534,1.545514567,1.545514567,1.597420511,0.482061107,0.232382911,1.536999028,-0.005991425,0.017095322,0.243146507,0.265737894,0.920830619,0.223896748,0.050129754,0.830887062,0.017244146,0.002430063,0.057642462,0.0,8.368421053,0.482376389,0.232686981,1,-0.073684211,0.005159959,0.090824457,0.09884,14.84210526,1.348026155,1.817174515,4,-0.205263158,0.014816453,0
0.00263097,0.001562703,0.853320563,0.853320563,0.852934446,0.002245061,5.04e-06,0.008957615,0.000204568,6.42e-05,0.028076747,0.024223737,3.425079433,0.096165089,0.009247724,0.309557077,-0.012541777,-0.002449715,0.015124915,0.0118608,125.9473684,1.904943271,3.628808864,7,-0.257894737,0.006560519,0.0,0.0,2.0,0.0,0.0,0,0.0,-2.18e-12,1
0.001658938,0.001580223,1.021534662,1.021534662,1.022120107,0.001694663,2.87e-06,0.005056916,0.000292568,-1.96e-05,0.129486766,0.109969847,0.86255589,0.111689573,0.012474561,0.486603619,-0.016477984,0.00015389,0.386500603,0.185325,9.473684211,3.661584659,13.40720222,12,0.522807018,0.08137992,0.540872552,0.39536,20.94736842,11.32985662,128.365651,37,1.777192982,0.209568038,1
0.265386775,0.363848638,1.290041991,1.290041991,1.207708695,0.342360084,0.117210427,1.130412392,0.014968898,0.012345079,0.040860591,0.037684637,3.073722023,0.125594098,0.015773877,0.420319919,-0.011407757,0.00395448,0.056749767,0.044927273,65.05263158,3.691721667,13.62880886,13,0.647368421,-0.017765001,0.327132172,0.0,1.526315789,0.499306999,0.249307479,1,0.078947368,-0.001105705,0
0.065042418,0.085051263,0.911874693,0.911874693,0.905041943,0.059310535,0.00351774,0.190992042,0.003387568,0.002091346,0.018829675,0.015170118,3.46635361,0.065270311,0.004260214,0.2577736,0.009370056,-0.000615986,0.04280365,0.06354,70.42105263,3.014278119,9.085872576,9,0.526315789,0.006634233,0.0,0.0,1.0,0.0,0.0,0,0.0,-2.18e-12,0
0.416711782,0.585860716,1.670610275,1.670610275,1.659087883,0.696162986,0.484642903,2.310182765,0.020182696,0.024996633,0.05639583,0.024373094,3.764795332,0.212318759,0.045079255,0.842780021,0.033285701,-0.002099444,0.012473663,0.012458824,118.8947368,1.483052927,2.199445983,6,0.138596491,-0.035014006,0.044308928,0.041183333,71.21052632,3.15526206,9.95567867,11,-0.401754386,-0.030148902,0
0.341898743,0.298393004,0.917689892,0.917689892,0.839276508,0.313757021,0.098443468,1.106303614,-0.034502646,0.009079208,0.034576376,0.046041693,4.87286303,0.168485945,0.028387514,0.573305893,0.02978314,0.00020844,0.138090919,0.204496552,28.68421053,3.961028994,15.68975069,13,-0.673684211,-0.004717677,0.048416818,0.054911111,27.84210526,1.348026155,1.817174515,4,-0.207017544,0.015332449,0
0.016874459,0.01071202,1.028762612,1.028762612,1.029325384,0.017359813,0.000301363,0.079522285,-0.000899496,0.000461378,0.274330237,0.36853162,0.383625865,0.105240175,0.011075494,0.348115836,0.015169243,0.000906503,0.0,0.0,10.0,0.0,0.0,0,0.0,-2.18e-12,0.042226901,0.0706,20.63157895,0.87120765,0.75900277,3,-0.014035088,-0.018428424,1
0.020302734,0.001446427,1.028828967,1.028828967,1.015805704,0.02088804,0.00043631,0.076959562,-0.003087591,0.000423294,0.382714826,0.034255205,0.79437875,0.304020525,0.092428479,0.960569949,0.033945074,-0.006594499,0.104875216,0.164733333,18.31578947,1.920872378,3.689750693,6,-0.343859649,-0.000147427,0.816359424,0.88956,9.947368421,8.120627952,65.94459834,19,-1.361403509,0.037151703,1
0.009511053,0.005917611,0.861889555,0.861889555,0.858140556,0.008197477,6.72e-05,0.025979908,0.001374495,0.000121221,0.022277918,0.023194105,3.351188398,0.074657501,0.005573742,0.279533497,-0.006075051,0.00072583,0.062044917,0.080869091,55.15789474,3.422266991,11.71191136,11,0.61754386,0.001916556,0.0,0.0,1.0,0.0,0.0,0,0.0,-2.18e-12,1
0.003413642,0.004356853,1.014908553,1.014908553,1.014573262,0.003464534,1.2e-05,0.01082856,0.000631344,2.62e-06,0.182154172,0.121672671,1.209807887,0.220371554,0.048563622,0.650318539,-0.032748535,-0.00235969,0.114322872,0.185325,8.157894737,0.932633955,0.869806094,3,0.145614035,-0.006707946,0.374165739,0.59304,5.263157895,1.969293361,3.878116343,7,0.280701754,-0.002506266,1
0.016781551,0.015472391,0.939616557,0.939616557,0.934193761,0.015768223,0.000248637,0.051039658,0.002311386,0.00034078,0.073547021,0.08011252,1.755375167,0.129102614,0.016667485,0.50859324,-0.022022393,-0.001141674,0.191894307,0.164733333,16.94736842,3.252103517,10.57617729,10,-0.571929825,-0.027274068,0.108785659,0.0,2.052631579,0.223296878,0.049861496,1,0.00877193,-0.000368568,1
0.507863676,0.368997103,1.319001286,1.319001286,1.058349353,0.669872842,0.448729624,2.312952713,0.087804962,0.016796785,0.01995862,0.015637221,4.76403069,0.095083476,0.009040867,0.312338314,0.014867508,0.001510293,0.021981489,0.030052703,147.9473684,3.252103517,10.57617729,11,0.577192982,-0.003317116,0.12289214,0.161152174,45.10526316,5.543082335,30.72576177,17,0.745614035,-0.093395253,0
0.051890043,0.040846662,0.741131183,0.741131183,0.726965409,0.038457329,0.001478966,0.144276399,0.003790035,0.001191108,0.033864945,0.026669012,4.301729223,0.145677823,0.021222028,0.517555495,0.007407436,0.003048917,0.033778915,0.041471329,142.1052632,4.800161585,23.04155125,14,0.863157895,-0.013415893,0.164376967,0.214153333,90.84210526,14.93234976,222.9750693,47,2.719298246,0.005749668,1
0.064803882,0.044732832,0.928674414,0.928674414,0.910909661,0.060181707,0.003621838,0.227715142,-0.006034419,0.001806318,0.217514834,0.228816976,1.770830826,0.385181974,0.148365153,1.473008986,-0.068164477,0.001080579,0.090967026,0.086365049,103.0,9.36960371,87.78947368,34,-1.68245614,0.001105705,0.131125059,0.1059,42.36842105,5.555561711,30.86426593,23,0.568421053,0.153914197,0
0.218006882,0.291985955,1.182593762,1.182593762,1.1207437,0.257813579,0.066467841,0.862520689,0.013003514,0.009224362,0.047645456,0.042776962,2.25650789,0.107512347,0.011558905,0.365604481,0.001840255,0.000887546,0.207872294,0.23165625,33.10526316,6.881667002,47.35734072,26,1.114035088,0.091626124,0.0,0.0,2.0,0.0,0.0,0,0.0,-2.18e-12,0
0.757772163,0.221186147,1.37096449,1.37096449,0.95611292,1.038878726,1.079269008,4.232122611,0.123273019,0.02482763,0.006581864,0.006630648,4.434997334,0.02919055,0.000852088,0.101255592,-0.000990731,0.000103569,0.040334924,0.040619178,73.42105263,2.96143261,8.770083102,11,-0.421052632,0.051157305,0.270420468,0.29652,6.105263158,1.65098812,2.725761773,6,-0.203508772,0.015479876,0
0.004086057,0.006210274,0.876396008,0.876396008,0.876329684,0.003581004,1.28e-05,0.010241098,-0.000649346,4.85e-06,0.052506517,0.029197909,2.545030947,0.133630711,0.017857167,0.439771975,-0.019060488,0.002928091,0.026489985,0.020309589,72.94736842,1.932374711,3.734072022,7,-0.235087719,-0.038331122,0.0,0.0,2.0,0.0,0.0,0,0.0,-2.18e-12,1
0.012404472,0.013180207,0.92938353,0.92938353,0.92547843,0.011528512,0.000132907,0.035624551,0.000774227,0.000391101,0.06269682,0.062474354,2.720087763,0.170540853,0.029084183,0.484533661,-0.030087162,-0.001306844,0.094304176,0.128301923,105.1578947,9.916828641,98.3434903,33,-1.771929825,0.016364441,0.16761782,0.0,3.263157895,0.546963413,0.299168975,2,-0.047368421,0.001842842,1
0.011523054,0.009642476,0.854768798,0.854768798,0.850858479,0.009849547,9.7e-05,0.031113262,-0.001472734,0.000205433,0.026906079,0.027847432,3.430313682,0.092296292,0.008518606,0.310880788,-0.011513293,-0.002412258,0.015963602,0.0237216,125.6315789,2.005532514,4.022160665,7,-0.301754386,0.012826183,0.0,0.0,2.0,0.0,0.0,0,0.0,-2.18e-12,1
0.003199058,0.001555786,0.850548996,0.850548996,0.849646801,0.002720956,7.4e-06,0.011198152,0.00042825,3.76e-05,0.029221253,0.039366664,3.777861976,0.110393862,0.012186805,0.395786205,-0.018577995,-0.001003399,0.017076756,0.022809231,130.1052632,2.221775886,4.936288089,7,-0.329824561,-0.015037594,0.145773797,0.0,2.105263158,0.306892205,0.094182825,1,-0.005263158,-0.002285125,1
0.046647367,0.044462439,0.943887776,0.943887776,0.933574811,0.04402988,0.00193863,0.165758511,-0.002855494,0.00149619,0.091865375,0.118525567,3.81781841,0.350725319,0.12300825,1.205249095,-0.063201185,0.000938414,0.124273239,0.09884,46.57894737,5.788516667,33.50692521,20,-0.989473684,0.065900044,0.14542232,0.16944,36.10526316,5.250511121,27.56786704,16,-0.919298246,0.040542533,1
0.051657525,0.067115727,0.914885355,0.914885355,0.908654316,0.047260713,0.002233575,0.15631735,-0.000693509,0.00174614,0.196750426,0.208549644,3.738047693,0.735462476,0.540905054,2.441689696,-0.109266968,0.004781244,0.046417166,0.050257627,118.0,5.477225575,30.0,17,-0.963157895,-0.017027864,0.108397417,0.04633125,31.57894737,3.423076325,11.71745152,15,-0.347368421,-0.069438302,1
0.730340515,0.603990199,3.687714126,3.687714126,2.692590169,2.693287032,7.253795037,9.340774313,0.357020555,0.063662341,0.02222003,0.017038184,4.9903126,0.110884895,0.01229546,0.403696744,0.017462267,-0.001496059,0.066251446,0.051124138,29.21052632,1.935239612,3.745152355,8,0.322807018,0.011351909,0.046322369,0.061775,24.31578947,1.126364977,1.268698061,5,0.140350877,-0.008698216,0
0.332758261,0.257601479,1.002693975,1.002693975,0.85934097,0.333654704,0.111325461,1.164564877,0.026243924,0.010917197,0.406572644,0.351344362,1.097178204,0.446082643,0.198989724,1.346829227,0.076089682,-0.002529688,0.05901497,0.0,11.42105263,0.674013078,0.454293629,2,-0.09122807,-0.008845644,0.041326487,0.0,21.15789474,0.874381459,0.764542936,3,0.101754386,-0.001769129,0
0.344965794,0.413928532,1.057282051,1.057282051,1.011633975,0.364726142,0.133025158,1.27401683,-0.024730774,0.012254946,0.022617227,0.015126605,5.444717151,0.123144404,0.015164544,0.339244696,0.020715154,-0.001379612,0.030842854,0.017041379,87.57894737,2.70118472,7.296398892,9,0.366666667,0.061845791,0.119327913,0.172395349,42.89473684,5.118539438,26.19944598,16,0.9,0.030296329,0
0.006146766,0.003786009,0.848833163,0.848833163,0.846501291,0.005217579,2.72e-05,0.017384011,-0.000865351,8.05e-05,0.018222616,0.018616167,3.962433164,0.072205898,0.005213692,0.264128826,-0.002671932,-0.001717483,0.043474777,0.04633125,95.63157895,4.157561612,17.28531856,14,0.745614035,-0.000958278,0.0,0.0,2.0,0.0,0.0,0,0.0,-2.18e-12,1
0.041638544,0.04438294,0.883796862,0.883796862,0.873289488,0.036800014,0.001354241,0.124405634,0.003633341,0.001152541,0.009560218,0.00734361,3.80154703,0.036343619,0.001320859,0.135159926,-0.003747816,-0.000967001,0.059187583,0.076030769,77.36842105,4.579249839,20.96952909,13,0.814035088,-0.022703818,0.352505823,0.0,1.368421053,0.482376389,0.232686981,1,0.073684211,0.005159959,1
0.45334234,0.563641239,1.778353668,1.778353668,1.72942573,0.806203013,0.649963298,2.776471195,0.03643119,0.028308336,0.083117325,0.066108057,4.195084636,0.348684212,0.121580679,1.307049951,0.057876284,0.001947282,0.063043255,0.103437209,43.68421053,2.753994832,7.584487535,9,0.026315789,-0.090594133,0.064537426,0.1059,27.63157895,1.783270984,3.180055402,6,-0.292982456,-0.010246204,0
0.145479092,0.190671579,1.029856957,1.029856957,1.002094937,0.149822655,0.022446828,0.504133709,0.009048562,0.005270506,0.008883735,0.010660583,3.058518261,0.027171066,0.000738267,0.093814505,-0.000769674,0.000366941,0.04230034,0.029070588,51.21052632,2.166222698,4.692520776,9,0.350877193,0.020492407,0.0,0.0,1.0,0.0,0.0,0,0.0,-2.18e-12,0
0.077100345,0.091325615,0.941904398,0.941904398,0.927827895,0.072621154,0.005273832,0.246418275,0.005288028,0.002487137,0.005576418,0.005335209,2.912206459,0.016239681,0.000263727,0.062786961,-0.000850729,0.000352904,0.03156514,0.04942,91.05263158,2.87408904,8.260387812,9,0.466666667,-0.00619195,0.0,0.0,2.0,0.0,0.0,0,0.0,-2.18e-12,0
0.002059984,0.002077857,0.854366938,0.854366938,0.854208927,0.001759982,3.1e-06,0.006395635,-0.000145919,5.64e-05,0.024761849,0.021192752,4.253299634,0.105319564,0.011092211,0.378591515,-0.017914703,0.000437718,0.011924183,0.010514894,141.1052632,1.682564986,2.831024931,6,-0.189473684,-0.027421495,0.195213617,0.0,3.473684211,0.678110459,0.459833795,2,0.052631579,-0.007666224,1
0.304954902,0.463637979,1.020478155,1.020478155,1.007198601,0.311199815,0.096845325,1.007641757,-0.007960211,0.011303684,0.020901074,0.031086575,5.355067378,0.111926657,0.012527577,0.341273115,0.019956759,-6.6e-05,0.04938612,0.069496875,63.21052632,3.121722658,9.745152355,11,0.552631579,0.00479139,0.075065794,0.114046154,25.89473684,1.94380898,3.778393352,6,0.30877193,0.005012531,0
0.278044476,0.390866097,1.15126567,1.15126567,1.1340945,0.320103059,0.102465969,1.026755932,-0.003923097,0.011822944,0.009068872,0.006572837,5.111371322,0.046354374,0.002148728,0.167391781,0.002322352,0.000306862,0.029322896,0.036758678,121.9473684,3.575850053,12.7867036,11,0.624561404,0.016511868,0.164274123,0.2118,14.42105263,2.369005776,5.612188366,10,0.285964912,-0.02233525,0
0.109486275,0.123315145,0.942828815,0.942828815,0.910198025,0.103226815,0.010655775,0.346838134,0.004444633,0.003752507,0.034313612,0.032445489,3.941957114,0.135262786,0.018296021,0.449027109,0.022727347,0.001628396,0.02881784,0.034082759,86.63157895,2.496534995,6.232686981,9,0.410526316,-0.022114109,0.145773797,0.0,2.105263158,0.306892205,0.094182825,1,0.003508772,0.001031992,0
0.039764654,0.047130458,0.88084199,0.88084199,0.875831635,0.035026377,0.001226847,0.117381217,0.00044229,0.001265872,0.014701847,0.020584171,3.805269358,0.05594449,0.003129786,0.16983277,-0.008537595,0.000209743,0.051352429,0.059304,100.2631579,5.148756674,26.50969529,18,0.91754386,-0.004643963,0.108785659,0.0,2.052631579,0.223296878,0.049861496,1,-0.00877193,-0.000368568,1
0.040848673,0.029851734,0.984003382,0.984003382,0.988902753,0.040195233,0.001615657,0.175327949,0.002502502,-2.53e-05,0.094124707,0.09482874,2.579913156,0.242833571,0.058968143,0.889623612,-0.0060652,0.00332915,0.152809281,0.09884,16.31578947,2.493204059,6.216066482,9,-0.403508772,0.037741412,0.152305755,0.177912,25.10526316,3.82367606,14.62049861,13,-0.673684211,0.03051747,1
0.005160269,0.005608061,0.855021749,0.855021749,0.853806139,0.004412142,1.95e-05,0.015558241,-0.000125687,0.000160614,0.023976177,0.028925924,4.009995573,0.096144362,0.009243738,0.357936417,0.016522762,0.000419513,0.031356248,0.027973585,106.1578947,3.328713326,11.08033241,13,0.580701754,-0.001253133,0.168980567,0.0,2.157894737,0.364642275,0.132963989,1,-0.019298246,-0.000368568,1
0.398352587,0.538339069,1.406871842,1.406871842,1.339256876,0.560431038,0.314082949,1.899392188,0.026390371,0.019737848,0.012536371,0.012493897,5.081093551,0.063698475,0.004057496,0.241714227,0.009727358,0.000115442,0.025394256,0.026713514,110.6842105,2.810743142,7.900277008,10,0.496491228,-0.011130768,0.05958765,0.080140541,37.47368421,2.232968783,4.986149584,8,0.324561404,0.021155831,0
0.29729663,0.285389666,0.903110682,0.903110682,0.850302452,0.268491762,0.072087826,0.960132984,-0.027306586,0.008126236,0.062875388,0.064949476,4.797335109,0.301634306,0.090983254,0.972148401,0.052379088,0.000522431,0.108720193,0.117666667,65.47368421,7.118311605,50.67036011,21,1.121052632,0.089562141,0.141007423,0.156063158,40.89473684,5.766461442,33.25207756,17,0.964912281,0.044817927,0
0.049374518,0.038536159,1.034472132,1.034472132,1.017517003,0.051076563,0.002608815,0.200060753,-0.006310456,0.001305073,0.177673841,0.193666397,2.026130841,0.359990449,0.129593123,1.303823309,-0.055845898,0.005055084,0.090755523,0.082366667,16.94736842,1.538067284,2.36565097,5,-0.175438596,-0.033613445,0.138627419,0.14826,20.57894737,2.852806365,8.138504155,9,-0.50877193,0.00058971,0
0.176079957,0.098073567,1.16225081,1.16225081,1.084806319,0.204649073,0.041881243,0.704761114,-0.028581155,0.004645068,0.085527546,0.088956162,1.051606876,0.089941355,0.008089447,0.399502617,0.007481375,0.000671093,0.036366041,0.0,11.21052632,0.407682457,0.166204986,1,0.031578947,-0.002506266,0.032141217,0.0,20.84210526,0.669890635,0.448753463,2,0.085964912,0.001842842,0
0.088866664,0.103846135,0.937152293,0.937152293,0.912964048,0.083281598,0.006935825,0.27839259,0.003093902,0.003047246,0.106596213,0.042121149,2.958990192,0.315417148,0.099487977,1.37493376,0.049816238,0.003839627,0.016081537,0.012252893,121.5789474,1.955176381,3.822714681,7,0.284210526,0.025062657,0.161970886,0.0,3.789473684,0.61378441,0.376731302,2,-0.024561404,-0.001916556,0
0.272330272,0.374750534,1.112466269,1.112466269,1.119441407,0.302958242,0.091783696,0.934432615,-0.002831748,0.011060179,0.027804258,0.025072943,5.17312229,0.143834828,0.020688458,0.408484169,-0.022728093,-0.001265706,0.06377776,0.075642857,98.42105263,6.277074322,39.40166205,21,1.136842105,-0.010467345,0.163184108,0.1412,40.10526316,6.544541613,42.83102493,24,1.163157895,-0.021008403,0
0.01277793,0.013386571,0.888902727,0.888902727,0.886033608,0.011358337,0.000129012,0.038369574,-0.001214845,0.000342916,0.025164665,0.019716405,2.979480605,0.074977632,0.005621645,0.244675983,0.010802589,-0.000508419,0.022311759,0.04176338,71.31578947,1.59118068,2.531855956,5,-0.198245614,-0.001842842,0.145773797,0.0,2.105263158,0.306892205,0.094182825,1,0.029824561,0.006265664,1
0.364557008,0.337557054,1.002088326,1.002088326,0.953143445,0.365318322,0.133457476,1.296259765,-0.037100017,0.01093163,0.051014215,0.074843776,5.090382937,0.259681892,0.067434685,0.791286187,0.046785609,-0.000288506,0.042416061,0.04176338,71.94736842,3.051724003,9.313019391,11,0.533333333,0.019312988,0.100933071,0.102248276,29.21052632,2.948308121,8.692520776,9,0.519298246,-0.001769129,0
0.323916727,0.393139576,1.175276837,1.175276837,1.217283729,0.380691827,0.144926267,1.128010155,0.000311803,0.013750852,0.034730282,0.049313319,5.005165363,0.173830802,0.030217148,0.526585884,0.029320318,0.00099249,0.028611257,0.026956364,54.63157895,1.563078148,2.443213296,5,0.189473684,0.010025063,0.095145688,0.1059,28.36842105,2.699132927,7.28531856,8,0.429824561,-0.007445083,0
0.024277457,0.028328431,0.87779551,0.87779551,0.87274261,0.021310643,0.000454144,0.067300796,0.001617456,0.00070608,0.0433017,0.055738707,3.187192194,0.13801084,0.019046992,0.402668336,0.022225733,-0.000234783,0.039471821,0.031212632,94.73684211,3.73943572,13.9833795,13,0.649122807,-0.020492407,0.0,0.0,2.0,0.0,0.0,0,0.0,-2.18e-12,1
0.012573752,0.014134547,1.037784036,1.037784036,1.037107195,0.013048839,0.000170272,0.042093959,0.002154436,9.95e-05,0.185055973,0.251302491,2.539538662,0.469956798,0.220859392,1.401939293,-0.085055677,-0.000621457,0.0803001,0.083136449,106.8421053,8.579431694,73.6066482,30,-1.531578947,-0.018796992,0.185592145,0.0,3.157894737,0.586080459,0.343490305,2,-0.084210526,0.005012531,1
0.10898456,0.086699068,0.836306598,0.836306598,0.811288985,0.091144507,0.008307321,0.317939491,0.011222461,0.002490217,0.057102586,0.045400592,4.781092689,0.273012754,0.074535964,0.808191582,-0.039234483,-0.004906829,0.076473413,0.113175573,130.8947368,10.00996733,100.199446,30,-1.814035088,-0.009287926,0.064744769,0.095212844,110.8421053,7.176446547,51.50138504,20,-1.28245614,0.010246204,0
0.239536664,0.323661114,1.031629269,1.031629269,1.006442921,0.247113033,0.061064851,0.843809389,0.01027022,0.008856879,0.012320779,0.015793732,5.279028867,0.065041747,0.004230429,0.186641066,0.002012351,0.001696362,0.012320257,0.010821898,137.3684211,1.692414231,2.864265928,6,0.257894737,0.017470146,0.134756643,0.094634043,48.26315789,6.503781129,42.29916898,22,0.542105263,-0.142636002,0
0.306635511,0.385774686,1.045239489,1.045239489,0.997122489,0.320507545,0.102725087,1.116694929,-0.021439544,0.010807465,0.103251716,0.125059213,4.035672962,0.416690158,0.173630688,1.424013622,0.069371049,0.001469262,0.079843852,0.111593548,91.15789474,7.278397437,52.97506925,21,1.287719298,0.012089046,0.117563799,0.191303226,60.26315789,7.084765756,50.19390582,21,1.261403509,0.017027864,0
0.028542447,0.02402074,0.853540851,0.853540851,0.846138029,0.024362145,0.000593514,0.091755231,-0.001671951,0.000825331,0.0207768,0.008900794,4.769778732,0.099100739,0.009820956,0.355300354,-0.011534279,-0.002414323,0.021693725,0.010154795,145.0,3.145590063,9.894736842,12,-0.363157895,-0.065678903,0.23570226,0.2118,7.263157895,1.711942733,2.930747922,6,0.110526316,-0.006265664,1
0.374102248,0.449015281,1.580243092,1.580243092,1.479951789,0.591172493,0.349484916,2.060782291,0.039317583,0.020335121,0.127177042,0.133670813,1.909385932,0.242830056,0.058966436,0.92032439,0.035942836,-0.001292297,0.280951113,0.390157895,19.47368421,5.471153261,29.93351801,18,0.950877193,0.033760873,0.0,0.0,2.0,0.0,0.0,0,0.0,-2.18e-12,0
0.243627068,0.263997794,1.023736434,1.023736434,1.029846304,0.249409906,0.062205301,0.869286978,-0.022099786,0.007689154,0.020761992,0.024480467,4.65262107,0.096597682,0.009331112,0.380248938,-0.001937478,0.002944665,0.01955421,0.018303704,81.10526316,1.585949387,2.515235457,5,0.075438596,-0.017322719,0.055893358,0.054911111,54.84210526,3.065309427,9.396121884,11,0.056140351,-0.060445231,0
0.039307338,0.037227811,0.874086872,0.874086872,0.864786589,0.034358029,0.001180474,0.132953047,-0.001618365,0.001168405,0.01574146,0.013919583,4.768342236,0.075060668,0.005634104,0.266024995,-0.005096889,-0.001576371,0.030041328,0.033695455,130.8947368,3.932251757,15.46260388,13,0.685964912,-0.030886039,0.298243026,0.269563636,11.36842105,3.390552297,11.49584488,12,0.061403509,-0.041795666,1
0.286104303,0.378413763,1.239449057,1.239449057,1.150015437,0.354611708,0.125749464,1.185102064,0.015495377,0.012806621,0.01558798,0.017024985,5.165305538,0.080516681,0.006482936,0.281533333,-0.000232327,0.000742396,0.087248523,0.110641791,67.36842105,5.877795204,34.54847645,19,1.068421053,-0.001547988,0.126983061,0.0,3.210526316,0.407682457,0.166204986,1,0.038596491,0.001621701,0
0.245881788,0.277218873,1.116347678,1.116347678,1.041097381,0.274489563,0.07534452,0.990699041,0.01972411,0.009390147,0.028725381,0.020309956,5.123912305,0.147186334,0.021663817,0.524642973,0.021903957,-0.00289173,0.069646644,0.090402439,82.26315789,5.72935291,32.82548476,18,1.035087719,0.007961079,0.265372446,0.4236,7.473684211,1.983309861,3.933518006,6,0.342105263,0.009951349,0
0.560769305,0.026974821,1.097908389,1.097908389,0.856245888,0.615673325,0.379053643,2.57627869,0.067324592,0.013580082,0.038232817,0.034851415,4.399525959,0.168206269,0.028293349,0.579876247,-0.025716215,0.00140651,0.012255915,0.011766667,125.7894737,1.541665107,2.376731302,5,-0.19122807,-0.012752469,0.232641411,0.2118,7.421052632,1.726444154,2.980609418,6,0.035087719,0.02432552,0
0.137151133,0.078465862,1.33561573,1.33561573,1.240616234,0.183181211,0.033555356,0.59447443,0.028449153,0.002494681,0.19915226,0.294597215,2.97566377,0.592610166,0.351186808,1.914726824,-0.091972162,-0.004638471,0.113913269,0.1059,42.84210526,4.880284266,23.81717452,18,-0.821052632,0.060740086,0.048329699,0.032230435,46.78947368,2.261321164,5.113573407,8,-0.243859649,0.065973758,0
0.010352029,0.009443512,0.889328755,0.889328755,0.886232445,0.009206357,8.48e-05,0.030122654,-0.001340464,0.000204987,0.062510996,0.082723653,2.518928152,0.157460708,0.024793874,0.484796894,-0.026447022,0.001739152,0.084718048,0.117666667,62.84210526,5.32386047,28.3434903,18,-0.922807018,-0.031402035,0.336781161,0.0,1.210526316,0.407682457,0.166204986,1,0.052631579,0.008108507,1
0.390275476,0.470430529,1.695689013,1.695689013,1.714912258,0.661785836,0.437960493,2.196312085,0.045436621,0.021766473,0.133436906,0.140168251,3.750428203,0.500445535,0.250445733,1.579736834,-0.078268765,0.003846642,0.051464901,0.0353,41.26315789,2.123604316,4.509695291,8,-0.289473684,0.027495209,0.055375141,0.087211765,33.68421053,1.86526791,3.479224377,6,0.280701754,0.001031992,0
0.010318434,0.004893005,0.999648182,0.999648182,0.995692481,0.010314804,0.000106395,0.030519449,-0.001324855,0.000186907,0.079541218,0.073101483,1.58330968,0.125938381,0.015860476,0.460672623,-0.021590474,0.000152475,0.091506781,0.143477419,32.15789474,2.942665421,8.659279778,9,0.424561404,-0.036709421,0.080882261,0.101086364,44.31578947,3.58436123,12.84764543,12,0.459649123,-0.071354858,1
0.041497803,0.039983801,0.87910468,0.87910468,0.867923337,0.036480913,0.001330857,0.125888232,0.003782517,0.00112264,0.018251813,0.026674525,3.928657915,0.07170513,0.005141626,0.221987172,0.012022332,0.000445361,0.025480231,0.028511538,105.0,2.675424216,7.157894737,9,0.463157895,0.014890167,0.0,0.0,2.0,0.0,0.0,0,0.0,-2.18e-12,1
0.494225195,0.555370022,1.918372387,1.918372387,1.818214216,0.948107967,0.898908717,3.392552546,0.069699873,0.031493507,0.053577543,0.075450054,4.243643524,0.227363995,0.051694386,0.683882847,0.041224979,0.000414002,0.015040322,0.01765,84.42105263,1.269719798,1.612188366,5,0.18245614,0.007076515,0.068347947,0.057023077,26.0,1.777046633,3.157894737,6,0.173684211,0.041500811,0
0.283410301,0.355462097,1.275270876,1.275270876,1.202476078,0.361424903,0.13062796,1.161109809,0.010354983,0.013272937,0.026138134,0.024555744,3.641069351,0.09517076,0.009057474,0.272721645,0.013842829,0.001673512,0.046854291,0.044927273,33.47368421,1.568385729,2.459833795,5,0.238596491,0.016217013,0.0,0.0,2.0,0.0,0.0,0,0.0,-2.18e-12,0
0.492900327,0.688486072,3.491156205,3.491156205,3.548619695,1.720792036,2.961125232,5.649128837,0.038562386,0.061673554,0.01297305,0.014776638,4.80218163,0.062298943,0.003881158,0.243787487,-0.004742324,-0.000772918,0.034571287,0.048214634,122.2105263,4.224975209,17.85041551,13,0.759649123,-0.009066785,0.189563161,0.134781818,20.68421053,3.920964323,15.37396122,13,-0.575438596,-0.070470293,0
0.643667966,0.897231017,3.690375545,3.690375545,3.141621241,2.375376519,5.642413607,7.730387518,-0.109485308,0.085748504,0.150061901,0.030808778,4.840398242,0.726359364,0.527597925,3.476056389,-0.057231849,-0.001073983,0.025358908,0.0,26.57894737,0.674013078,0.454293629,3,0.077192982,0.00058971,0.183303028,0.0,2.631578947,0.482376389,0.232686981,1,0.073684211,-0.005159959,0
0.254578256,0.05885173,1.025825426,1.025825426,0.909205135,0.261152848,0.06820081,0.968382806,-0.031900179,0.006441015,0.111640857,0.121247669,2.595701442,0.289786333,0.083976119,0.96116463,-0.049658895,-0.000852114,0.095634751,0.087211765,17.36842105,1.661024615,2.75900277,7,-0.054385965,0.048724753,0.120856467,0.164733333,18.84210526,2.277190279,5.185595568,8,-0.110526316,0.077473095,0
0.814690047,0.172192323,1.822800906,1.822800906,0.894100333,1.485017756,2.205277734,5.187529081,-0.103630228,0.048966042,0.05739403,0.058132328,3.266656096,0.187486558,0.035151209,0.668364232,-0.018752976,-0.002799723,0.129821282,0.107434783,70.10526316,9.101155143,82.83102493,31,-1.592982456,0.068553737,0.090043904,0.080140541,75.52631579,6.800684339,46.24930748,23,-1.178947368,0.066637181,0
0.42862285,0.572836559,1.562982595,1.562982595,1.486162808,0.669930054,0.448806278,2.316996098,0.035662384,0.023288922,0.11853964,0.081188076,3.874979409,0.459338663,0.210992007,1.585781477,0.070169985,-0.000741085,0.19436354,0.234094737,36.05263158,7.00731711,49.10249307,21,1.09122807,-0.060445231,0.137559313,0.179709091,31.94736842,4.394658052,19.31301939,13,0.701754386,-0.019018134,0
0.002376913,0.001600762,0.850707944,0.850707944,0.851751983,0.002022059,4.09e-06,0.006364438,-0.000348688,-2.14e-05,0.016875365,0.010798741,4.283885618,0.072292132,0.005226152,0.243112305,-0.011413806,-0.000582727,0.009519407,0.011231818,132.0,1.256561725,1.578947368,6,0.10877193,-0.020492407,0.209854429,0.37065,3.736842105,0.784192865,0.614958449,3,0.056140351,-0.008550789,1
0.005953659,0.002428958,1.015094516,1.015094516,1.017882408,0.006043527,3.65e-05,0.020015813,-0.000854707,-0.000113984,1.063601103,1.4826,0.386073623,0.410628331,0.168615626,1.217339773,-0.067882931,0.005199026,0.127274487,0.146171831,71.84210526,9.143667109,83.6066482,33,-1.657894737,0.008034793,0.720917766,0.0,3.894736842,2.807784983,7.88365651,9,-0.429824561,0.053737284,1
0.241616454,0.350534401,1.134216555,1.134216555,1.103169042,0.274045382,0.075100871,0.836847848,-0.005007476,0.009942741,0.089518583,0.07323299,4.871120988,0.436055848,0.190144702,1.24568642,-0.065229731,0.006128476,0.006605902,0.010982222,135.2105263,0.893187513,0.797783934,3,0.021052632,0.004865104,0.109105063,0.15885,81.10526316,8.84899481,78.30470914,27,1.556140351,-0.007445083,0
0.68795771,0.517416651,2.074744338,2.074744338,1.547609237,1.427336363,2.037289092,4.999416298,0.183231322,0.036836172,0.051400537,0.036481963,5.057895675,0.259978555,0.067588849,0.838776223,-0.036693122,-0.003961975,0.006419365,0.012892174,115.3684211,0.740591962,0.548476454,3,-0.094736842,-0.004127967,0.128067889,0.130817647,35.78947368,4.583482328,21.00831025,18,0.447368421,0.106368863,0
0.572473551,0.558617502,2.661874686,2.661874686,2.468726881,1.523852854,2.32212752,5.519837381,0.143536034,0.047534697,0.042335525,0.052009001,4.828103876,0.204400313,0.041779488,0.691950123,0.027265145,-0.004124137,0.042166032,0.047825806,93.78947368,3.954729978,15.6398892,13,0.70877193,0.016364441,0.177322194,0.2471,6.421052632,1.13859514,1.296398892,3,0.138596491,0.011867905,0
0.250985738,0.167138802,0.882913852,0.882913852,0.798539631,0.221598785,0.049106021,0.793154625,0.025402464,0.006295132,0.06805715,0.085159885,4.339542265,0.295336879,0.087223872,1.126872782,0.019601179,-0.007827985,0.092823266,0.051124138,55.52631579,5.154133967,26.56509695,17,-0.756140351,-0.111971104,0.094958174,0.05295,54.36842105,5.162725987,26.65373961,16,-0.79122807,-0.095164382,0
0.343822257,0.464009769,1.361423526,1.361423526,1.284113632,0.468087709,0.219106104,1.557632593,0.018238859,0.016821752,0.021737232,0.023355579,4.687643161,0.101896386,0.010382874,0.32135786,0.014190047,0.001333079,0.021044341,0.024917647,119.2631579,2.50981453,6.299168975,8,-0.185964912,-0.074155978,0.083106952,0.087211765,69.78947368,5.799990448,33.6398892,19,0.156140351,-0.184947663,0
0.689976963,0.542761163,5.240322921,5.240322921,4.315382785,3.615702096,13.07330165,13.10008322,0.433536168,0.095942842,0.008976706,0.009571431,5.378249549,0.048278963,0.002330858,0.186975272,-0.000406731,-0.000175245,0.092991832,0.128125926,80.42105263,7.478501042,55.92797784,24,1.357894737,-0.011794191,0.10099333,0.0,5.052631579,0.51028209,0.260387812,2,-0.026315789,0.000810851,0
0.009879345,0.010838901,0.872247863,0.872247863,0.87066401,0.008617237,7.43e-05,0.027975275,0.000777978,0.000270983,0.060097349,0.07976693,3.743048215,0.224947273,0.050601276,0.729653589,-0.0400389,-0.000636658,0.016936337,0.012458824,118.5789474,2.008293056,4.033240997,7,-0.331578947,-0.009066785,0.192299981,0.0,3.526315789,0.678110459,0.459833795,2,0.024561404,0.009140498,1
0.067872404,0.050717492,0.914690139,0.914690139,0.896205317,0.062082219,0.003854202,0.234244992,-0.005580803,0.001931367,0.10053517,0.145839132,4.613002296,0.46376897,0.215081658,1.338342074,-0.083317976,-0.000535147,0.042599346,0.04633125,127.5263158,5.432537655,29.51246537,17,-0.919298246,-0.06840631,0.031191667,0.01577234,92.78947368,2.894258334,8.376731302,12,-0.298245614,-0.072239422,0
0.499112499,0.587255873,3.208204775,3.208204775,3.148406874,1.601255102,2.564017901,5.600095577,0.077376741,0.055508295,0.09944782,0.060511219,3.727239314,0.370665824,0.137393153,1.564289128,-0.052427028,0.002135334,0.175023495,0.2779875,32.0,5.600751829,31.36842105,15,-0.98245614,-0.01415303,0.171207657,0.185325,30.15789474,5.163262513,26.65927978,16,-0.90877193,-0.035087719,0
0.045906586,0.031587127,0.891651484,0.891651484,0.872655546,0.040932676,0.001675484,0.125051888,-0.006528448,0.000732457,0.042461892,0.03997911,4.332290275,0.183957241,0.033840266,0.57435919,-0.030977061,-0.00212142,0.008976505,0.011231818,131.3684211,1.17922929,1.390581717,4,0.014035088,-0.018428424,0.181764962,0.2471,6.526315789,1.186255544,1.407202216,4,0.10877193,0.020197553,1
0.030593827,0.026111359,0.862521505,0.862521505,0.854800404,0.026387834,0.000696318,0.103611513,-0.001498763,0.000873573,0.005684644,0.006985576,4.550466635,0.025867783,0.000669142,0.117856047,0.00280607,3.36e-05,0.024445794,0.02471,120.1052632,2.936068564,8.620498615,11,0.514035088,0.003759398,0.232184316,0.37065,3.526315789,0.81875522,0.670360111,3,0.068421053,-0.005675955,1
0.019830426,0.015248673,0.905665745,0.905665745,0.898423934,0.017959737,0.000322552,0.057916722,0.002795459,0.000349503,0.017669971,0.01251339,3.348554,0.059168852,0.003500953,0.246104083,0.005093461,-0.000817715,0.012273794,0.010514894,141.0526316,1.731250969,2.997229917,7,0.149122807,0.022482677,0.0,0.0,2.0,0.0,0.0,0,0.0,-2.18e-12,1
0.550434094,0.589310504,13.27083241,13.27083241,14.08212747,7.304718623,53.35891416,23.78868144,0.038509609,0.262464165,0.019052927,0.016508446,5.34227568,0.10178599,0.010360388,0.321368518,0.016963531,-0.001506739,0.022815035,0.02534359,116.2631579,2.652548035,7.03601108,9,0.456140351,-0.01533245,0.334488509,0.2118,7.473684211,2.499861492,6.249307479,9,-0.129824561,-0.013415893,0
0.180581233,0.239394275,1.047777803,1.047777803,1.001088449,0.189209007,0.035800048,0.581821525,0.003702104,0.007011187,0.035031709,0.036351912,3.405782429,0.119310378,0.014234966,0.398366682,0.0202215,-0.001411255,0.054648228,0.07721875,95.89473684,5.240477448,27.46260388,17,0.928070175,0.017027864,0.108785659,0.0,2.052631579,0.223296878,0.049861496,1,0.015789474,0.003759398,0
0.449513306,0.552614429,2.240247126,2.240247126,1.989344303,1.007020892,1.014091078,3.391248657,-0.079246879,0.033786704,0.016581592,0.010848571,4.545725317,0.075375363,0.005681445,0.278105183,-0.010978119,-0.000712141,0.02036522,0.021643796,135.5263158,2.760023285,7.617728532,9,0.461403509,-0.00140056,0.25250946,0.29652,5.631578947,1.422026956,2.022160665,6,0.121052632,-0.00818222,0
0.000695764,0.000868064,0.855481055,0.855481055,0.855427909,0.000595213,3.54e-07,0.001848543,1.75e-05,-1.47e-05,0.045207138,0.032181081,4.336405643,0.19603649,0.038430305,0.617448435,-0.031757421,0.003116783,0.008170387,0.011147368,133.5789474,1.09139165,1.191135734,4,-0.098245614,-0.019312988,0.196861183,0.37065,4.473684211,0.880694765,0.775623269,3,-0.010526316,-0.017838714,1
0.000900444,0.000460091,0.850399108,0.850399108,0.850332635,0.000765737,5.86e-07,0.00347445,-2.94e-05,1.77e-05,0.025677126,0.015396736,3.734095256,0.095880834,0.009193134,0.317781841,0.012405262,-0.00211575,0.014002114,0.010666187,138.2105263,1.935239612,3.745152355,7,-0.224561404,-0.030370043,0.0,0.0,2.0,0.0,0.0,0,0.0,-2.18e-12,1
0.378005516,0.442895834,1.371705291,1.371705291,1.399083395,0.518512167,0.268854867,1.593067485,0.001677929,0.018890963,0.021262103,0.016721354,4.747248747,0.10093649,0.010188175,0.367935814,0.015427081,0.001016411,0.014805584,0.019768,150.3157895,2.225513107,4.952908587,7,0.345614035,0.033539732,0.085009021,0.100175676,74.05263158,6.295141687,39.62880886,22,-0.477192982,0.157305025,0
0.005416555,0.00550462,0.844322635,0.844322635,0.843067164,0.00457332,2.09e-05,0.016535211,-0.000420771,0.000141466,0.011265878,0.008378889,3.960312735,0.044616401,0.001990623,0.180489157,0.005725338,-0.00057939,0.028849235,0.0355824,123.8421053,3.572750052,12.76454294,12,0.633333333,-0.023514669,0.187317162,0.0,3.0,0.561951487,0.315789474,2,0.033333333,-0.004938818,1
0.778553931,0.552458103,2.820613358,2.820613358,1.80865705,2.195999619,4.822414326,7.563464702,0.301887608,0.05127615,0.101460818,0.10554213,3.282912569,0.333086993,0.110946945,1.192118414,0.055706786,0.003631174,0.173533107,0.2471,35.63157895,6.183258605,38.23268698,18,1.119298246,-0.01017249,0.064804507,0.061775,23.78947368,1.541665107,2.376731302,5,0.249122807,-0.012089046,0
0.350431836,0.503836823,1.164935389,1.164935389,1.13039647,0.408230448,0.166652098,1.318197628,0.01047231,0.014892485,0.026342825,0.029672708,5.116729983,0.134789124,0.018168108,0.410701808,0.02427543,-0.000339418,0.039852496,0.04942,59.47368421,2.370174789,5.617728532,7,0.407017544,-0.00339083,0.117712609,0.156063158,19.21052632,2.261321164,5.113573407,8,0.387719298,-0.006265664,0
0.021356035,0.021258108,0.864680337,0.864680337,0.859758681,0.018466143,0.000340998,0.05954214,-0.002554995,0.000439231,0.079173552,0.122203254,4.964114386,0.393026569,0.154469884,1.082481121,-0.069887365,0.001194477,0.040739352,0.048214634,121.3157895,4.942326658,24.4265928,15,0.884210526,-0.023440956,0.160521269,0.205916667,35.36842105,5.677383815,32.23268698,19,1.015789474,0.00199027,1
0.010728557,0.013605182,1.027404461,1.027404461,1.027645085,0.011022567,0.000121497,0.040896533,-0.001377581,4.63e-06,0.363862146,0.11269931,0.577547173,0.210147554,0.044161994,0.791575949,0.029670104,-0.004043424,0.045224866,0.0,9.736842105,0.440347382,0.193905817,1,-0.003508772,0.003538257,0.025922448,0.0,25.84210526,0.669890635,0.448753463,2,-0.068421053,0.016880436,1
0.191777129,0.166463471,1.023430903,1.023430903,0.973392153,0.196270641,0.038522164,0.710152072,-0.018876143,0.0061067,0.041117625,0.027029623,3.857107597,0.158595104,0.025152407,0.702779057,-0.013746119,-0.002788229,0.078522525,0.12152459,61.26315789,4.810537833,23.14127424,16,0.871929825,0.00479139,0.278471356,0.0,3.789473684,1.055259877,1.113573407,3,-0.135087719,0.009951349,0
0.634436762,0.589837594,4.871247659,4.871247659,4.539072072,3.090498594,9.551181559,11.41280348,-0.294508665,0.094912056,0.026546944,0.034180143,5.252365682,0.139434259,0.019441913,0.464523545,0.008519004,-0.004113242,0.039539973,0.038509091,76.78947368,3.036253706,9.218836565,11,0.545614035,0.010541059,0.152455339,0.0,4.421052632,0.674013078,0.454293629,3,-0.071929825,0.003759398,0
0.036803816,0.029867855,0.938592823,0.938592823,0.929486957,0.034543798,0.001193274,0.131602353,-0.003215817,0.001074815,0.127474955,0.167903574,3.475237271,0.443005714,0.196254063,1.41733699,-0.07929162,-0.000963737,0.111299233,0.152416822,106.2631579,11.82700792,139.8781163,35,-2.138596491,-0.029854047,0.108776711,0.089313253,87.63157895,9.532274961,90.86426593,30,-1.552631579,0.138655462,1
0.01117593,0.010259708,0.869997702,0.869997702,0.866490159,0.009723033,9.45e-05,0.030801253,0.001689722,0.000111302,0.01680687,0.01985278,3.796998375,0.063815657,0.004072438,0.200185933,-0.00158305,-0.002052642,0.024688697,0.037376471,119.0,2.937954892,8.631578947,9,0.480701754,0.008255934,0.168980567,0.0,2.157894737,0.364642275,0.132963989,1,-0.00877193,0.000515996,1
0.194665048,0.236053106,0.791888993,0.791888993,0.765413071,0.154153109,0.023763181,0.514682025,0.004912245,0.005651833,0.083063162,0.100448561,4.627748491,0.384395421,0.14775984,1.199757924,0.064935158,0.000551259,0.131458879,0.16944,35.68421053,4.691006306,22.00554017,15,0.850877193,-0.000958278,0.15558793,0.156063158,20.05263158,3.119947439,9.734072022,10,0.543859649,0.023440955,0
0.426682183,0.370111116,1.121522173,1.121522173,0.995031578,0.478533528,0.228994338,1.713228741,-0.055562309,0.01316562,0.032939193,0.042247467,4.709595247,0.155130268,0.0240654,0.463359063,0.027955908,-0.000443685,0.031467423,0.0397125,112.0,3.524351377,12.42105263,13,0.626315789,-0.002432552,0.12443141,0.185325,48.52631579,6.038197893,36.4598338,19,1.073684211,0.036709421,0
0.362042404,0.440264635,1.27725043,1.27725043,1.305012921,0.462418816,0.213831161,1.435443994,0.003504896,0.016890648,0.038333759,0.036541183,4.722465943,0.181029871,0.032771814,0.633518167,0.027948598,-0.002720602,0.124804026,0.139867925,55.05263158,6.870790073,47.20775623,19,-1.205263158,0.062435501,0.17521613,0.134781818,35.78947368,6.270893056,39.32409972,19,-1.08245614,0.064352057,0
0.028627722,0.011281136,0.877092253,0.877092253,0.864085689,0.025109153,0.00063047,0.084262894,0.003978629,0.000456044,0.014859512,0.013268837,3.213360697,0.047748973,0.002279964,0.220015591,-0.003009284,0.000148498,0.008998425,0.011404615,130.0,1.169795304,1.368421053,6,0.112280702,-0.004422822,0.183207027,0.37065,3.789473684,0.694258208,0.48199446,2,-0.073684211,0.001179419,1
0.305101774,0.385685303,1.425683059,1.425683059,1.345611688,0.434978431,0.189206235,1.383066671,0.011957589,0.015945019,0.020189244,0.022289415,2.938679961,0.059329726,0.003520016,0.210885502,-0.00142704,0.001966265,0.041949212,0.05295,54.94736842,2.304998783,5.313019391,9,0.4,-0.001916556,0.314069189,0.0,2.210526316,0.694258208,0.48199446,3,0.019298246,-0.008034793,0
0.312330005,0.194039817,0.879887071,0.879887071,0.766785496,0.274815134,0.075523358,0.962986415,0.032852892,0.00757892,0.060878547,0.08753462,4.67203608,0.284426769,0.080898587,0.84270447,0.014567865,-0.008826952,0.244213377,0.208084211,49.94736842,12.19781553,148.7867036,34,1.947368421,-0.150818222,0.218999674,0.137277778,47.78947368,10.46587913,109.534626,28,1.68245614,-0.140277163,0
0.055906572,0.05058352,0.888713854,0.888713854,0.871150609,0.049684945,0.002468594,0.174045447,0.005017851,0.001547052,0.022444649,0.032297775,4.152404102,0.093199252,0.008686101,0.326129876,-0.012029557,0.000566068,0.013520892,0.0132375,112.6842105,1.523591034,2.32132964,5,0.245614035,0.012383901,0.244780219,0.0,2.315789474,0.566859453,0.32132964,2,-0.015789474,-0.010098776,1
0.495996486,0.496047473,1.727284381,1.727284381,1.658881228,0.856726982,0.733981123,3.084623345,0.072810738,0.027488878,0.047898649,0.072567535,4.92984019,0.236132686,0.055758646,0.716426287,0.040314896,7.3e-05,0.055657165,0.050543182,86.94736842,4.839244006,23.41828255,17,0.843859649,-0.045923633,0.110620346,0.114046154,38.15789474,4.221039506,17.81717452,13,0.042105263,0.034203155,0
0.032640673,0.019509145,0.962659224,0.962659224,0.951431327,0.031421845,0.000987332,0.125590021,-0.004276125,0.000700289,0.133259231,0.197708856,3.613414121,0.481520788,0.231862269,1.62850859,-0.083716245,-0.00052611,0.04802728,0.057465116,127.5263158,6.124742066,37.51246537,19,-1.075438596,-0.042975085,0.127987317,0.150772881,115.2105263,14.74548619,217.4293629,45,-1.912280702,-0.354710305,1
0.01570664,0.016972002,0.845184335,0.845184335,0.841538053,0.013275006,0.000176226,0.044237681,0.001133201,0.000430992,0.017323414,0.016559676,4.897874847,0.084847912,0.007199168,0.302662112,-0.00221994,-0.002539569,0.063863863,0.083136449,108.1578947,6.907380933,47.71191136,21,1.247368421,-0.007002801,0.221976027,0.29652,4.473684211,0.993050645,0.986149584,3,0.087719298,0.008108507,1
0.187999616,0.263766621,1.078172486,1.078172486,1.038047516,0.202696014,0.041085674,0.617037415,0.00138419,0.007532446,0.012215033,0.004876906,4.279990551,0.052280225,0.002733222,0.17539159,-0.005456113,-0.001101595,0.0392155,0.036160976,82.84210526,3.248694603,10.55401662,11,0.573684211,0.016143299,0.20393112,0.0,2.421052632,0.493727975,0.243767313,1,-0.035087719,0.009730208,0
0.1111055,0.042571482,1.395949323,1.395949323,1.349103298,0.155097648,0.02405528,0.672073441,-0.008091497,0.004070782,2.930481611,,0.030641173,0.089793393,0.008062853,0.319063081,-0.008730739,0.001858932,0.025085374,0.028511538,52.15789474,1.308400305,1.711911357,5,0.156140351,-0.024251806,0.055041329,0.026956364,55.78947368,3.070726768,9.429362881,11,0.405263158,0.051968156,0
0.004391981,0.005529304,0.873156898,0.873156898,0.872569067,0.003834889,1.47e-05,0.011851077,-1.49e-05,0.000143379,0.021206828,0.032894301,3.091402756,0.065558847,0.004297962,0.207911147,0.010327057,-0.000314241,0.023470385,0.02088169,70.84210526,1.662691474,2.764542936,6,0.219298246,-0.005233672,0.0,0.0,1.0,0.0,0.0,0,0.0,-2.18e-12,1
0.078148885,0.050611479,0.894394763,0.894394763,0.875033168,0.069895953,0.004885444,0.271313731,-0.006414907,0.002102599,0.032050888,0.038884823,4.063928232,0.130252508,0.016965716,0.487990852,-0.016884486,-0.000333119,0.012298601,0.013727778,108.2631579,1.331485331,1.772853186,5,-0.173684211,-0.019828984,0.044707133,0.053912727,55.36842105,2.475363372,6.127423823,9,0.301754386,-0.02771635,0
0.397605035,0.57751678,1.746672158,1.746672158,1.737087391,0.694485645,0.482310311,2.184820103,0.011634306,0.025347102,0.262217543,0.199588252,2.478515426,0.649910226,0.422383302,2.654968382,-0.011343223,0.021177566,0.017467936,0.028695484,155.6315789,2.718562436,7.390581717,9,0.470175439,-0.005454814,0.155498898,0.15885,27.68421053,4.30486422,18.53185596,18,0.652631579,-0.028158632,0
0.016406814,0.017276496,0.827152716,0.827152716,0.830427136,0.01357094,0.00018417,0.043874401,-0.000141345,0.000454492,0.032024135,0.028080081,5.170889909,0.165593275,0.027421133,0.549954658,-0.024998123,0.002396292,0.018327933,0.022809231,130.5263158,2.392277511,5.72299169,8,0.421052632,0.0107622,0.053807118,0.05295,28.31578947,1.523591034,2.32132964,5,0.166666667,0.032655167,1
0.00577437,0.006650114,0.995948512,0.995948512,0.995394988,0.005750975,3.31e-05,0.023468874,0.000197291,0.000149673,0.46009831,0.63606795,1.258375889,0.57897662,0.335213927,1.874491611,-0.105054969,0.001040562,0.171766216,0.145036957,88.84210526,15.26007228,232.8698061,50,-2.745614035,-0.037962553,0.160835741,0.14826,10.68421053,1.718402918,2.952908587,6,-0.280701754,0.019018134,1
0.010142922,0.011609575,0.861582554,0.861582554,0.860261173,0.008738964,7.64e-05,0.028996258,0.000211254,0.000311337,0.041978441,0.048836275,4.903119814,0.205825327,0.042364065,0.576049062,-0.035429838,-0.001426754,0.035831574,0.04007027,112.0,4.013136324,16.10526316,13,0.71754386,0.003169689,0.212417451,0.2471,5.894736842,1.252144974,1.567867036,6,-0.019298246,-0.009066785,1
0.422889707,0.516983109,2.125869974,2.125869974,2.19929689,0.899008531,0.808216339,2.972429435,-0.024783219,0.032138838,0.120471829,0.09101283,4.003933425,0.482361184,0.232672312,1.750730222,-0.07900206,-0.004653699,0.036831687,0.03447907,86.47368421,3.184971636,10.14404432,12,-0.540350877,0.030370043,0.019027872,0.021802941,68.31578947,1.299904109,1.689750693,5,-0.08245614,0.026463217,0
0.192744364,0.261203118,0.865082821,0.865082821,0.857801265,0.166739838,0.027802174,0.49887124,-0.000232189,0.006176062,0.015360666,0.016488244,4.953608645,0.07609073,0.005789799,0.293551927,0.000763692,0.002336688,0.034809148,0.051718605,85.21052632,2.966105853,8.797783934,10,0.521052632,-0.010688486,0.053470712,0.061775,47.0,2.51312345,6.315789474,11,0.396491228,-0.028895769,0
0.141069716,0.172369806,0.786627466,0.786627466,0.768754493,0.110969313,0.012314188,0.379439198,-0.004090468,0.004031395,0.029513537,0.026936745,5.242876814,0.154735841,0.02394318,0.580171263,0.021508381,-0.000605697,0.082184448,0.089854545,97.84210526,8.041099414,64.65927978,26,1.450877193,-0.034719151,0.158255199,0.230058621,57.78947368,9.145484634,83.6398892,27,1.647368421,-0.029264337,0
0.203783777,0.254172789,0.84595744,0.84595744,0.813881402,0.172392402,0.02971914,0.589838155,-0.010659515,0.005932038,0.033740795,0.050082724,5.16416518,0.174243041,0.030360637,0.560092981,0.031281631,-0.000296446,0.104792474,0.134781818,65.84210526,6.899757112,47.6066482,22,1.256140351,-0.01297361,0.169612018,0.2471,36.73684211,6.231009931,38.82548476,20,1.119298246,0.035972283,0
0.56971523,0.560874836,3.740559689,3.740559689,3.347001075,2.131053823,4.541390398,7.524154108,-0.213386498,0.063414997,0.013489214,0.007937841,5.356719265,0.072257935,0.005221209,0.310218601,0.009419011,-0.001379468,0.117951672,0.161152174,46.68421053,5.506480695,30.32132964,18,0.99122807,0.026463217,0.0,0.0,3.0,0.0,0.0,0,0.0,-2.18e-12,0
0.618051304,0.480224379,2.056372247,2.056372247,1.680241578,1.270943548,1.615297502,4.546522414,0.154306753,0.033760366,0.029721828,0.034080559,4.294420278,0.127638023,0.016291465,0.408325453,-0.016413217,0.00048866,0.023829113,0.0308875,96.57894737,2.301390643,5.296398892,8,-0.378947368,0.021376972,0.079228937,0.06446087,46.05263158,3.648701055,13.31301939,13,-0.284210526,0.114698511,0
0.21250514,0.245751884,0.806897595,0.806897595,0.771400244,0.171469886,0.029401922,0.602681321,-0.013185034,0.005691483,0.030248567,0.035577462,5.265177024,0.159264057,0.02536504,0.539570756,0.02695993,0.000102578,0.018749437,0.016292308,90.52631579,1.697317421,2.880886427,7,0.10877193,-0.041574525,0.059514704,0.057023077,52.63157895,3.132352846,9.811634349,11,0.498245614,-0.013858175,0
0.64592994,0.443103742,1.49077583,1.49077583,1.078406818,0.962936742,0.927247169,3.339597591,-0.129884379,0.022894959,0.024477838,0.026327912,5.244454464,0.128372905,0.016479603,0.427911676,0.022422782,-0.001139584,0.068888008,0.08472,34.89473684,2.403828894,5.778393352,8,0.421052632,0.00339083,0.106733828,0.114046154,13.78947368,1.471803311,2.166204986,5,0.229824561,0.015406162,0
0.341898774,0.298392654,0.917690213,0.917690213,0.83927649,0.313757159,0.098443555,1.106303493,-0.034502725,0.009079203,0.034576376,0.046041693,4.87286303,0.168485945,0.028387514,0.573305893,0.02978314,0.00020844,0.138090919,0.204496552,28.68421053,3.961028994,15.68975069,13,-0.673684211,-0.004717677,0.048416818,0.054911111,27.84210526,1.348026155,1.817174515,4,-0.207017544,0.015332449,0
0.344965689,0.413928919,1.057282114,1.057282114,1.011633853,0.364726053,0.133025094,1.274016687,-0.024730761,0.012254944,0.022617227,0.015126602,5.444717156,0.123144403,0.015164544,0.339244703,0.020715154,-0.001379612,0.030842854,0.017041379,87.57894737,2.70118472,7.296398892,9,0.366666667,0.061845791,0.119327913,0.172395349,42.89473684,5.118539438,26.19944598,16,0.9,0.030296329,0
0.364557042,0.337557643,1.002088221,1.002088221,0.953143083,0.365318317,0.133457473,1.296259208,-0.037100028,0.010931628,0.051007567,0.074859066,5.090417683,0.259649822,0.06741803,0.791271163,0.046778612,-0.000286444,0.042416061,0.04176338,71.94736842,3.051724003,9.313019391,11,0.533333333,0.019312988,0.100933071,0.102248276,29.21052632,2.948308121,8.692520776,9,0.519298246,-0.001769129,0
0.361552478,0.291308871,0.937656291,0.937656291,0.84664595,0.339011956,0.114929106,1.191652383,-0.038617537,0.009580612,0.028602726,0.04480877,5.267759963,0.150672294,0.02270214,0.484048946,0.026904712,0.000433772,0.013499284,0.021486957,69.52631579,0.9385555,0.880886427,4,-0.042105263,0.02093469,0.078885955,0.080140541,37.89473684,2.989362489,8.936288089,10,0.512280702,0.026389503,0
0.378774587,0.469807788,1.111354804,1.111354804,1.047273011,0.420952956,0.177201391,1.480368833,-0.029064996,0.014222264,0.037362521,0.033796779,4.739216832,0.177069088,0.031353462,0.645112995,0.031778092,0.000463434,0.164201856,0.2118,22.47368421,3.690220662,13.61772853,11,-0.650877193,0.025578653,0.07279633,0.078031579,19.21052632,1.398455816,1.95567867,5,0.215789474,0.012310187,0
0.240994734,0.249974566,0.803319113,0.803319113,0.724606339,0.193595676,0.037479286,0.593318199,-0.002654173,0.007197478,0.071155028,0.034769613,5.020009219,0.357198895,0.12759105,1.308401346,-0.0303398,-0.008836106,0.044808858,0.05594717,52.94736842,2.372511088,5.628808864,7,0.40877193,0.01555359,0.080682916,0.114046154,24.73684211,1.99584055,3.983379501,6,0.310526316,-0.020713548,0
0.212505147,0.245751893,0.806897596,0.806897596,0.771400257,0.171469892,0.029401924,0.602681341,-0.013185036,0.005691483,0.030257771,0.035577518,5.265205767,0.159313388,0.025380756,0.539571103,0.026968536,0.000100159,0.018749437,0.016292308,90.52631579,1.697317421,2.880886427,7,0.10877193,-0.041574525,0.059514704,0.057023077,52.63157895,3.132352846,9.811634349,11,0.498245614,-0.013858175,0
0.194665051,0.236053101,0.791888996,0.791888996,0.765413064,0.154153112,0.023763182,0.514682044,0.004912247,0.005651833,0.083063162,0.100448561,4.627748491,0.384395421,0.14775984,1.199757925,0.064935158,0.000551258,0.131458879,0.16944,35.68421053,4.691006306,22.00554017,15,0.850877193,-0.000958278,0.15558793,0.156063158,20.05263158,3.119947439,9.734072022,10,0.543859649,0.023440955,0
0.158112685,0.178024935,0.75773427,0.75773427,0.738778768,0.1198074,0.014353813,0.424458035,-0.00649403,0.00423161,0.014416084,0.017031797,5.370660613,0.077423896,0.00599446,0.252941275,0.012779042,0.000337725,0.108499202,0.127810345,58.15789474,6.310085143,39.81717452,20,1.128070175,0.040173964,0.140892796,0.185325,31.94736842,4.501154053,20.26038781,16,0.812280702,-0.001105705,0
0.097232414,0.131889512,0.771680792,0.771680792,0.764876673,0.075032386,0.005629859,0.251788883,-0.001262306,0.002776571,0.034313074,0.036586557,4.612884293,0.15828224,0.025053267,0.539155206,0.026878522,-3.6e-05,0.028577783,0.030052703,147.1052632,4.203942221,17.67313019,13,0.735087719,-0.019239275,0.059865217,0.054911111,106.3684211,6.367768562,40.54847645,22,0.710526316,-0.174332889,0
0.051895777,0.040846979,0.741130209,0.741130209,0.726971214,0.038461528,0.001479289,0.14429286,0.003790152,0.001191263,0.033966966,0.026669,4.30214889,0.146130946,0.021354253,0.518376101,0.007525541,0.00307527,0.033778915,0.041471329,142.1052632,4.800161585,23.04155125,14,0.863157895,-0.013415893,0.164376967,0.214153333,90.84210526,14.93234976,222.9750693,47,2.719298246,0.005749668,1
