temp,MC,number
19.1,2.9055672523455582,0
19.2,3.293432418795402,0
19.3,3.129659762347842,0
19.4,3.0154819289766914,0
19.5,3.16061266055057,0
19.6,3.058311818572233,0
19.7,3.1584561877280173,0
19.8,2.3525346310626998,0
19.9,2.284581307842002,0
20.0,2.860483187299909,0
20.1,2.9632290869217583,0
20.2,3.0579147436004845,0
20.3,3.021672990666619,0
20.4,2.872541094117981,0
20.5,2.882410119958674,0
20.6,2.8097618662630874,0
20.7,2.8589401482568526,0
20.8,2.8118905328041777,0
20.9,2.769012064943768,0
20.1,1.179116683294518,1
20.7,0.8584106401215571,1
20.8,1.2047907706602918,1
20.5,1.332165335686076,1
20.6,1.1291511923926492,1
19.2,0.9486703165720288,1
19.3,0.8746937882060251,1
20.9,0.9320262152759796,1
20.2,1.0007702926438298,1
20.3,0.974330215698852,1
20.4,1.1864084367102017,1
20.0,0.5279436811428844,1
19.9,0.7649719298291032,1
19.8,0.6610490805595544,1
19.5,0.9000448235391012,1
19.7,0.6701007668191433,1
19.1,1.0257348196394451,1
19.4,0.8241244961888805,1
19.6,0.5012782734783442,1
19.4,3.476081110474512,2
19.2,3.445648765512929,2
20.1,3.500195827191371,2
20.0,3.5090799436055824,2
19.6,3.531401265501668,2
19.3,3.4535706133189823,2
20.7,3.2952789127533864,2
20.3,3.434382901120981,2
20.5,3.3404384449468614,2
20.4,3.384915853553504,2
19.1,3.410393000028773,2
20.8,3.2241983058851167,2
19.8,3.5148986685093853,2
19.5,3.4995874160441303,2
20.2,3.4693331919592563,2
19.9,3.521122363795145,2
20.9,3.221844188143783,2
20.6,3.334141027091839,2
19.7,3.509997422808595,2
20.7,0.8517499577984838,4
20.5,0.816177503670858,4
20.6,0.7451190474258491,4
20.9,0.6273374046843807,4
20.8,0.8068092443577335,4
19.6,0.9932692274433814,4
19.5,0.9387341929671104,4
19.8,0.9031786258239564,4
20.3,0.6520229303865095,4
19.3,0.8986486074309835,4
20.1,0.8004682402860877,4
20.2,0.8439721273478796,4
19.2,1.1139410232445466,4
19.1,0.9625258723572164,4
19.4,0.945028362366179,4
20.4,0.8012092242013126,4
19.7,0.922162645754946,4
19.9,0.8815665052781211,4
20.0,0.8846411599155756,4
19.8,2.966965933776798,5
20.9,3.1186186430522262,5
20.8,3.140888710346037,5
20.1,2.937802573876694,5
19.9,2.9307732303143568,5
20.7,3.0819814882084917,5
20.0,2.9238065065206644,5
19.2,3.325245140298084,5
19.1,3.3441264251182887,5
19.4,3.201230439782191,5
20.6,3.0413146902719705,5
19.5,3.118172198450078,5
20.2,2.9552756085618865,5
19.3,3.237996143514166,5
20.3,2.9807481398025204,5
19.6,3.085475252911882,5
19.7,2.9981812286733733,5
20.4,3.0055707069574678,5
20.5,3.006545386035449,5
19.5,3.4498479460407747,7
19.4,3.4283019352304995,7
20.4,3.492603983490796,7
19.6,3.4360662243432296,7
19.7,3.489293508160288,7
19.8,3.521753233875322,7
19.3,3.309715557266186,7
19.2,3.37209730173956,7
19.1,3.356327747993204,7
20.6,3.522390251501012,7
20.7,3.5674891576203085,7
20.8,3.4983260090303694,7
20.9,3.52443490128845,7
20.5,3.5461363939789345,7
19.9,3.488737771495316,7
20.0,3.496721500567016,7
20.1,3.4623907755934065,7
20.3,3.4831647911713777,7
20.2,3.414919604117709,7
20.2,3.835686731215381,8
20.3,3.794684664208903,8
20.9,4.034583294633334,8
19.9,3.762582516777533,8
20.6,3.924635159273715,8
20.0,3.832937927831262,8
19.5,3.7468667444362262,8
19.8,3.762060951552987,8
19.7,3.7209776973192072,8
19.6,3.732302223091908,8
20.5,3.8957036384097368,8
20.8,4.046505724757978,8
19.1,3.203725703271779,8
20.7,3.9476074159401953,8
20.1,3.841835871164911,8
19.4,3.780884163482319,8
19.3,3.543465484718397,8
19.2,3.277273077721816,8
20.4,3.846792326170435,8
20.3,4.95423761625807,9
20.1,4.937483196778372,9
20.2,4.974729541973373,9
19.5,4.658332903770719,9
20.4,4.964111365917102,9
20.5,5.01366311632237,9
20.6,5.050628189020574,9
19.9,4.898506556247215,9
20.0,4.833171383884053,9
19.4,4.6959978879022986,9
20.7,5.074098741192215,9
20.8,5.157460768048409,9
19.6,4.729970403028969,9
19.7,4.773895824995819,9
19.8,4.7406478752043,9
19.2,4.643497083575976,9
20.9,5.125805789604078,9
19.3,4.774004445637864,9
19.1,4.584154874987905,9
19.9,0.2425320666020513,16
19.8,0.24556910829807,16
20.0,0.293017734265454,16
20.5,0.4838045964086775,16
20.9,0.493272075053519,16
19.2,0.3458771522823714,16
19.4,0.2758334985447357,16
19.1,0.2148631393498555,16
20.8,0.53847566403792,16
20.7,0.5629789750793927,16
20.6,0.5042293184284597,16
19.3,0.3582556950321053,16
20.4,0.4888478107840188,16
19.7,0.3330335529795661,16
19.5,0.3762867113330611,16
19.6,0.3179480858232382,16
20.2,0.4394387495470202,16
20.3,0.3273197754804195,16
20.1,0.4473077331202043,16
19.5,0.9340423806513414,17
19.1,0.0,17
19.4,0.942918460762255,17
19.3,0.3253614744618588,17
19.6,0.9588457079415408,17
20.0,0.9001728898631473,17
20.2,0.8791089733277694,17
20.5,0.9382524188389142,17
20.4,0.9340950686722465,17
20.3,0.8898863399672147,17
19.9,0.9364199364705283,17
19.8,0.9133300865447438,17
19.7,0.9185122472620024,17
20.9,0.9218631542528936,17
20.8,0.9378301415981132,17
20.7,0.8805238836487229,17
20.6,0.9214631290782408,17
20.1,0.9605699486710932,17
19.2,0.0,17
20.4,3.411583215692022,22
19.1,3.4712348547462253,22
19.8,3.191701357342417,22
19.7,3.3663457451765284,22
19.6,3.397552438041701,22
20.3,3.3390831592373846,22
19.4,3.3906083672567644,22
19.3,3.414050601841585,22
19.2,3.428867038197604,22
19.9,3.3105565133521244,22
20.8,3.25173122026474,22
20.7,3.3760513840779995,22
20.6,3.4345442027013777,22
20.5,3.3922347251615816,22
20.2,3.272353207739308,22
20.1,3.305420675353919,22
20.0,3.299158370570963,22
20.9,3.2288311417894846,22
19.5,3.390671341158044,22
19.2,1.378012684169757,23
20.0,1.5332568142714709,23
19.1,1.4021687136508538,23
20.4,1.1341002169721892,23
20.5,0.9326241055329854,23
20.6,0.9299545820071312,23
20.7,0.916997107008066,23
19.8,1.364267605880765,23
19.9,1.344293643759853,23
20.1,1.1066214166111723,23
19.3,1.291364566721589,23
19.6,1.4176737374618942,23
19.5,1.3553751723124123,23
19.4,1.4055862237232726,23
19.7,1.434103698792407,23
20.8,0.8829382756123637,23
20.9,0.8950027370798028,23
20.2,0.9366714179517426,23
20.3,1.325337134119266,23
19.5,1.9017917162089304,25
19.6,1.8584402360325256,25
19.7,1.825333527767409,25
19.8,1.8266950367762569,25
19.9,1.799211308768336,25
20.2,1.7024303950299011,25
20.0,1.7736800882510346,25
20.1,1.7354850966402453,25
19.3,1.869521165342828,25
19.4,1.8754925018394115,25
19.1,1.9191941973382216,25
19.2,1.8905726272455907,25
20.3,1.7444640315573152,25
20.6,1.660615811077774,25
20.9,1.410600956908595,25
20.8,1.535342758648316,25
20.7,1.6573718291570598,25
20.4,1.6911214966560748,25
20.5,1.6747633856927762,25
19.7,4.676208348137754,30
19.8,4.726054809362237,30
20.7,4.915232538229603,30
20.6,4.889956293636764,30
19.5,4.629906513030091,30
20.8,4.928049749555472,30
20.5,4.856692511877824,30
19.1,4.694653679739593,30
20.9,4.942244827067234,30
19.4,4.709747897524615,30
19.2,4.71162851022271,30
19.6,4.678281596296762,30
19.3,4.714726089705928,30
19.9,4.679847899615112,30
20.0,4.662350498561427,30
20.4,4.775510009853738,30
20.3,4.776407576326826,30
20.1,4.759657520082039,30
20.2,4.789426235176688,30
20.2,4.366060713399096,31
19.9,4.051636055019338,31
20.4,4.316881732838569,31
20.5,4.458894535815913,31
19.3,4.330039396954355,31
19.2,4.407928155387111,31
19.1,4.484758790595999,31
19.8,3.9672032956855983,31
19.7,4.0249793750691945,31
19.6,4.209907400003313,31
20.6,4.390021863318446,31
20.8,4.335293139240751,31
20.1,4.328271268481623,31
19.5,4.22760435942356,31
20.0,4.27906050227857,31
20.9,4.397438386262775,31
20.3,4.41619047990171,31
20.7,4.474702305000463,31
19.4,4.265983489284276,31
20.2,1.6527369018673264,33
19.2,2.382059649551697,33
20.3,1.6296738565507627,33
20.0,1.760215757815805,33
19.3,2.0918189762392085,33
19.1,2.607115912097126,33
19.4,2.209371783076888,33
20.6,1.413880804020165,33
20.7,1.1341069259556655,33
20.8,1.182236204812213,33
20.9,1.2512550840922878,33
20.1,1.7010382791537304,33
20.4,1.5955149809155096,33
19.9,1.7790214612059725,33
20.5,1.4885529720480697,33
19.5,2.1039375798465767,33
19.6,1.8887463919924063,33
19.7,1.8931456103034416,33
19.8,1.881356564353193,33
20.6,2.1016015248201785,36
20.2,2.43140379433778,36
20.0,2.18621032500204,36
19.1,2.4015766205642834,36
20.3,2.3142837545548653,36
20.4,2.139704890033046,36
20.7,2.2293510591213224,36
20.5,2.1385472960007776,36
19.9,2.160333601110628,36
19.6,2.1772222833129566,36
19.7,2.288609778343375,36
19.8,2.224429070591749,36
20.9,2.388263756604953,36
20.1,2.4672060061983485,36
19.4,2.185940583519476,36
20.8,2.3890542332458917,36
19.2,2.238623747658657,36
19.5,2.202198382179592,36
19.3,2.2090892066865258,36
19.7,4.492578663654938,37
20.8,4.453168334066792,37
19.3,4.415444017982594,37
19.4,4.42515193412445,37
19.5,4.464823591270018,37
19.6,4.4075518007385535,37
19.9,4.39132307167915,37
20.4,4.423137162588788,37
19.8,4.488818709108564,37
20.5,4.4273522964922245,37
20.6,4.418121477951674,37
20.7,4.455104530821854,37
20.9,4.41174813732677,37
20.3,4.399242704376693,37
19.2,4.431289803716321,37
19.1,4.471437793489233,37
20.0,4.398143466350376,37
20.2,4.445492580979199,37
20.1,4.445019277671716,37
19.3,2.7404895357826238,44
20.9,2.5085476579420067,44
20.5,2.4579100869033663,44
20.3,2.393116101538599,44
19.1,2.8328791622323872,44
19.2,2.8099932921084525,44
19.5,2.667323868430834,44
19.7,2.522301295743346,44
19.6,2.615790753186877,44
19.8,2.4981129824302606,44
19.4,2.676036733119889,44
20.6,2.522297395756204,44
20.8,2.4654398467907503,44
20.7,2.464451919633974,44
20.1,2.393107187122969,44
20.0,2.45720969834621,44
20.4,2.4489158459721008,44
19.9,2.464151427257564,44
20.2,2.417513209136797,44
20.1,2.765383601265922,52
19.6,2.8640867481512657,52
19.7,2.8591910626667367,52
19.4,2.8990193226498056,52
20.5,2.506947693016888,52
20.4,2.6072573698412143,52
19.3,2.903927778113067,52
19.2,2.9027133229577555,52
19.1,2.90734089939921,52
20.3,2.598332160411163,52
20.2,2.6892267952007547,52
20.6,2.539567410782801,52
20.9,2.422807238025002,52
19.5,2.889331002239424,52
19.9,2.7972009675513148,52
19.8,2.816875908414536,52
20.0,2.785343477210108,52
20.8,2.436156133683633,52
20.7,2.49095860856693,52
19.8,3.501499217426065,65
19.9,3.5163554501103214,65
20.0,3.5403147571121263,65
20.1,3.532697723372599,65
20.3,3.429038718832846,65
20.2,3.475555357329795,65
20.4,3.379943986065737,65
20.5,3.36601896528769,65
19.4,3.4787296559857044,65
19.5,3.499767839112109,65
19.6,3.52052178497995,65
19.7,3.498270667858578,65
20.6,3.35388772788216,65
20.9,3.229433968952932,65
20.7,3.287933389046236,65
20.8,3.2545799234033312,65
19.3,3.451526005076304,65
19.1,3.416546650233246,65
19.2,3.443338173797707,65
20.7,3.631910306837227,67
20.5,3.65694821471869,67
20.8,3.623777371658262,67
20.0,3.7735585528343374,67
19.9,3.846435109668207,67
20.3,3.738254058732189,67
19.4,3.8970268978548193,67
20.9,3.536355442676486,67
19.3,3.903135656681121,67
19.1,3.868936936435448,67
20.4,3.745611360513832,67
19.8,3.7885270164233833,67
19.2,3.885287465373071,67
19.5,3.932141647820505,67
19.6,3.91212460103361,67
20.1,3.778418291466276,67
20.6,3.662756858365393,67
19.7,3.784791961153653,67
20.2,3.813379800089456,67
19.3,4.304047501029958,71
19.2,4.316986946618249,71
19.7,3.932948442902126,71
19.4,4.230659618323347,71
19.6,4.059116750132738,71
20.9,3.2258481270861004,71
20.8,3.3679869709127552,71
19.8,3.918177289006964,71
20.0,3.685607507331194,71
19.5,4.1990820378982425,71
20.5,3.4406127817827183,71
19.1,4.431097222570809,71
20.1,3.69246281813044,71
20.3,3.652365458452493,71
20.7,3.4663557083928653,71
20.6,3.44799647947075,71
20.2,3.7586349369173626,71
20.4,3.57602695732018,71
19.9,3.832536234735046,71
19.5,4.418104905331616,76
20.1,3.797860666421905,76
19.1,4.619567042886022,76
20.5,2.66364315356333,76
20.7,3.4597542823414478,76
20.9,3.3423502591414387,76
20.0,4.041268971393925,76
20.6,2.9873693532281247,76
19.3,4.527575785448379,76
20.4,2.177877346426424,76
19.4,4.467645212016512,76
19.2,4.6097332934536,76
20.2,3.202946743352927,76
20.3,2.5805312242005365,76
19.6,4.391431345840225,76
20.8,3.370155005314505,76
19.9,4.100058906696019,76
19.8,4.062145411394123,76
19.7,4.2028872612222745,76
20.0,5.065298620482392,82
20.2,5.018276967894443,82
19.6,4.981629597283963,82
20.7,5.043201660190977,82
19.2,4.827651530935732,82
19.3,4.8181420015324665,82
19.9,5.028175436013685,82
20.1,5.038530161814686,82
20.4,5.0365188783191215,82
20.8,5.021811129318658,82
20.9,5.108568441049214,82
20.3,5.093368509515376,82
19.1,4.755957092037892,82
19.5,4.825400364969541,82
20.5,5.116095646922572,82
20.6,5.159653836311126,82
19.8,5.016745572457379,82
19.4,4.896813973187857,82
19.7,4.964099986146128,82
20.5,1.4204553285375476,84
19.5,0.7780703097806816,84
20.3,1.3194766336900194,84
20.9,1.6538098893996585,84
20.8,1.501519268975183,84
20.2,1.395929744511759,84
20.4,1.3242238434867164,84
20.7,1.7164283737197397,84
20.6,1.71420605752172,84
19.6,1.136620734501903,84
19.7,0.9224870829693308,84
19.9,1.1764399978779423,84
19.8,1.1686056039649486,84
20.0,0.8976489815638273,84
20.1,1.197518913197849,84
19.2,0.3815819396660672,84
19.3,0.3807668641197171,84
19.4,0.3695991465533989,84
19.1,0.3909971621359542,84
20.5,5.562095860069659,89
20.6,5.537155736756981,89
20.7,5.525108646636648,89
20.8,5.563347532520135,89
19.9,5.447894863138906,89
19.2,5.241142983473955,89
20.1,5.532980614299568,89
20.0,5.510507150680116,89
19.1,5.232761109961323,89
20.4,5.564406657859561,89
19.5,5.334869426338555,89
19.6,5.344102253242245,89
19.7,5.365102844123819,89
20.2,5.572005805774612,89
20.9,5.566729507660523,89
20.3,5.5438869620984965,89
19.3,5.29149750049266,89
19.4,5.247166275784649,89
19.8,5.466864140730318,89
20.1,4.113679458139167,90
20.2,4.0964867782565415,90
19.8,3.945004821725004,90
20.5,3.849550632063144,90
20.0,4.050077610248492,90
20.6,3.87460999858426,90
19.9,4.025788427244653,90
20.8,3.902376527412128,90
20.9,3.872473573859612,90
19.7,3.951999544432472,90
20.3,4.0411416964982445,90
20.4,3.942393440425708,90
19.6,3.959088805099216,90
19.5,3.964528299959265,90
20.7,3.918352521953228,90
19.4,3.93365641292481,90
19.1,3.896933309976193,90
19.2,3.9760589675479032,90
19.3,3.972029282918642,90
19.1,3.776414816986974,93
19.5,3.848777489446203,93
20.7,3.748965225434591,93
19.2,3.8188292381792017,93
20.1,3.8322938526048382,93
20.2,3.813204090504424,93
20.8,3.743202332516863,93
20.9,3.716328458658369,93
20.6,3.7581760240934097,93
20.5,3.793049971819084,93
19.6,3.78939427856587,93
19.7,3.821978477780142,93
19.3,3.80288910131333,93
19.4,3.8249992584354975,93
19.8,3.8286972228556193,93
20.0,3.822285354346607,93
20.4,3.8250146931421214,93
19.9,3.851488384176332,93
20.3,3.813405305691862,93
19.2,3.502643176181059,96
19.4,3.971872069928408,96
19.3,3.6518001188839273,96
19.1,4.085411437069388,96
19.7,4.089810528117377,96
19.9,4.086434041175616,96
20.9,4.809693127028277,96
19.5,3.714889397353856,96
19.6,4.0358501975684975,96
20.7,4.736615751427975,96
20.6,4.418094505515727,96
20.5,4.364403930247616,96
20.4,4.310824060645851,96
20.3,4.341513217283188,96
20.2,4.322257285270376,96
20.0,4.224204404270912,96
20.1,4.234392225536491,96
20.8,4.793779612356237,96
19.8,4.012119003707752,96
19.1,3.0479413233168837,104
19.5,3.1018350873529306,104
19.3,3.09155981138701,104
19.8,3.061836333634847,104
19.2,3.081912921091368,104
19.6,3.0489447073661906,104
19.9,3.042801117577132,104
20.5,3.0285073827687325,104
20.6,3.090908173515327,104
20.7,3.1071666482724853,104
20.8,3.079713999822066,104
20.9,3.027021378567068,104
20.2,3.044907919036412,104
20.3,3.055155623370088,104
20.4,3.0413442886890207,104
20.0,3.0133521434196613,104
19.7,3.045050482841827,104
19.4,3.0780064215798646,104
20.1,3.023881196579067,104
19.9,2.880871551051537,105
20.5,2.901634180818518,105
20.8,2.9110036367697387,105
20.7,2.905861449880521,105
20.6,2.8955849125361945,105
20.1,2.9048077090506816,105
20.0,2.8979247161709325,105
19.2,2.919970388853839,105
19.6,2.903595699122695,105
20.3,2.928428710395216,105
20.4,2.9173769716319407,105
19.1,2.9436585116099803,105
20.2,2.9214790261525625,105
19.7,2.9037129352670665,105
19.4,2.929764810220104,105
19.5,2.920349509119445,105
20.9,2.9272390927889926,105
19.8,2.885332934944069,105
19.3,2.933325975427872,105
20.8,4.112829624679241,106
20.6,4.128063054115968,106
20.7,4.108060520495817,106
19.2,4.4560841658449775,106
20.9,4.138717865808621,106
20.1,4.256461810146007,106
19.7,4.267852688904516,106
20.3,4.150974400641401,106
20.0,4.296025058056983,106
20.2,4.267412045248613,106
20.5,4.137413646174952,106
20.4,4.20077878458273,106
19.8,4.271435861766256,106
19.9,4.279576480596394,106
19.1,4.486652035182191,106
19.6,4.288434774438576,106
19.5,4.309598510183633,106
19.3,4.327462996563378,106
19.4,4.328858721029523,106
19.1,5.211105854666866,108
19.3,5.176708937291169,108
19.4,5.210335881483427,108
19.9,5.349998453254282,108
20.5,5.4850692806211,108
20.0,5.382457543467508,108
19.2,5.221268338468697,108
20.3,5.446001311735674,108
19.8,5.3002753026017135,108
19.7,5.297073785244022,108
19.6,5.228017710095587,108
19.5,5.254626392013661,108
20.6,5.482116842089036,108
20.1,5.369530631124031,108
20.2,5.396291530518184,108
20.7,5.461382198391764,108
20.9,5.517982052156444,108
20.4,5.44664525237588,108
20.8,5.509392884713849,108
20.9,5.202674458186365,110
20.4,5.039638176116277,110
20.5,5.07118611150373,110
19.2,5.089854225923005,110
19.1,5.094902383010751,110
20.8,5.188691277815577,110
20.7,5.064262547135907,110
20.6,5.144128409438064,110
19.6,5.107634838158169,110
19.5,5.113220650849018,110
19.4,5.054149621193924,110
19.3,5.108155317168506,110
19.7,5.112519648741364,110
19.9,5.187115143267267,110
20.0,5.120245125606691,110
20.2,5.035282677648835,110
19.8,5.126679510128074,110
20.3,5.132192031089725,110
20.1,5.123522967299309,110
19.4,3.8099663950026583,111
19.3,3.850522531972421,111
20.0,3.8952098794651335,111
19.9,3.882239807457363,111
20.8,4.143600075630255,111
20.9,4.225385891180688,111
19.2,3.827114531878317,111
19.1,3.839479803897461,111
19.6,3.7913967391721553,111
19.5,3.7763587821640714,111
19.8,3.825620891993736,111
19.7,3.811573334655924,111
20.4,4.014312273534583,111
20.5,4.064532875272316,111
20.6,4.099256939906406,111
20.7,4.112031451605422,111
20.1,3.9018744293906495,111
20.3,4.0636202010397415,111
20.2,3.963088329758759,111
20.9,3.744342015569875,112
20.4,3.734376546521728,112
20.5,3.7495849398492074,112
19.6,3.818399949024449,112
19.5,3.857748215168199,112
19.7,3.811549028132548,112
20.8,3.786548383067036,112
20.2,3.722869723409249,112
20.3,3.7332941575671375,112
19.1,3.8501475724944183,112
19.3,3.892702493513888,112
19.4,3.8644679395253463,112
19.2,3.890268390712632,112
20.1,3.842124367738111,112
20.0,3.8034601039653855,112
19.8,3.8514942047163463,112
19.9,3.849865947377092,112
20.6,3.7501455256078025,112
20.7,3.7467282967401783,112
20.0,2.28609722429375,113
19.9,2.502073746616679,113
20.5,2.698103154479562,113
20.6,2.353741803057988,113
19.8,2.581674023936236,113
20.9,2.6135151982547686,113
19.2,2.640637358537276,113
20.1,2.0100531082544437,113
20.8,2.776852583080526,113
20.7,2.8097181787276573,113
19.6,2.8124800008489994,113
19.7,2.780604816998416,113
19.3,2.5070347829612545,113
19.5,2.89967672036013,113
19.4,2.4463518688933537,113
20.2,2.4734727457947705,113
20.4,2.155557468071404,113
20.3,2.8408747138266666,113
19.1,2.8298304712928424,113
19.5,3.927678664862297,117
20.7,4.104028119535871,117
19.3,3.8934218102864673,117
19.4,3.962429449302154,117
20.9,4.218118039230824,117
19.6,3.949946821606232,117
20.8,4.116594386013755,117
19.1,3.8601816224133065,117
19.2,3.878895162871295,117
19.9,3.9979469943456114,117
20.0,3.980843979968552,117
19.7,4.011279332916043,117
19.8,3.912921633629669,117
20.3,4.058634513430286,117
20.4,4.075948014214831,117
20.1,3.974702227570965,117
20.2,4.011610366143477,117
20.6,4.1398020427762425,117
20.5,4.114932698846786,117
20.8,5.196783922225371,120
20.9,5.186996648427022,120
20.7,5.142886545731076,120
20.6,5.121057191619302,120
20.4,5.110555114227884,120
20.5,5.134871710133269,120
19.7,5.117419782214967,120
19.4,4.968671120154867,120
19.5,5.05492228553029,120
19.3,4.995705661945008,120
19.2,4.955069695443738,120
19.1,5.027143654485121,120
20.3,5.070261396644713,120
19.6,5.107052229318988,120
20.1,5.07465556660302,120
19.8,5.098156133426198,120
19.9,5.05573539105708,120
20.0,5.056468896676373,120
20.2,5.066364525029583,120
19.2,4.558687080794414,121
20.9,5.252254731786804,121
19.7,4.717676429156923,121
19.8,4.743597600016399,121
19.9,4.7427437973778375,121
20.0,4.756330843651659,121
20.1,4.861220175770363,121
20.2,4.874986702744916,121
20.3,4.961653334342795,121
20.8,5.217002299712178,121
19.4,4.298312311970829,121
19.6,4.668966021723918,121
19.5,4.354155996576063,121
20.7,5.171110070719155,121
20.6,5.145403918098882,121
20.5,5.121324571917104,121
20.4,4.964695334412726,121
19.1,4.4591395227584805,121
19.3,4.280106330310652,121
19.4,2.533094831710928,124
19.7,2.1005014244770903,124
19.5,2.38296801772653,124
19.6,2.116039700968808,124
19.2,2.7025470249516355,124
19.3,2.450095321008331,124
19.1,2.6290490678787384,124
20.6,1.6727508398207382,124
20.5,1.8097760807420555,124
20.4,1.5866375279518177,124
20.3,1.7379117021411097,124
20.2,1.398723716155537,124
20.1,2.0013426754734684,124
20.0,1.9744480956551005,124
19.9,1.999038494230584,124
19.8,2.036130962991882,124
20.8,1.9338478679115152,124
20.7,1.6243958225095698,124
20.9,1.8071868044476933,124
19.1,0.8708731624875647,125
19.3,1.1063435330377205,125
19.2,1.14324435469311,125
19.4,1.0243367253828963,125
20.3,1.0855433195058892,125
20.2,0.9620203338457024,125
20.1,0.976997871192779,125
20.0,0.9642852653022008,125
19.9,1.0275544962731544,125
19.8,1.0799741859516654,125
19.7,1.066848834747297,125
19.6,0.9980987453341924,125
19.5,0.9187346872954216,125
20.7,1.052586868408646,125
20.4,1.055781849702058,125
20.5,1.1309975203929652,125
20.6,1.2703757799413349,125
20.9,1.1191288758150637,125
20.8,1.1268042259576574,125
20.7,3.249240193198605,128
20.0,2.814868910147499,128
20.8,3.5777596657371733,128
20.6,3.181446139620792,128
20.5,3.101494229278124,128
20.4,3.068600766020146,128
20.3,2.84589657901638,128
20.2,2.9541382179914466,128
20.1,2.8468825575408205,128
19.1,2.45864821038203,128
19.2,2.609349196691753,128
19.4,2.806450687784304,128
19.3,2.7650437296903494,128
19.5,2.837164740896317,128
19.9,2.8000276503897914,128
19.8,2.811222695869427,128
19.7,2.8037841083652677,128
19.6,2.855213402742501,128
20.9,3.83358197062128,128
19.5,5.178410736808991,137
19.4,5.297377181592366,137
19.7,5.299171420683077,137
20.1,5.246716245093186,137
20.6,4.985525163468009,137
20.8,4.954471612275409,137
20.7,4.9571913439779465,137
19.6,5.354334670529942,137
20.3,5.0492966416667935,137
20.2,5.1595409716878615,137
20.5,5.025010545543021,137
19.3,5.316079747960778,137
19.8,5.362955781198894,137
19.9,5.22767213470963,137
20.0,5.269364406329084,137
20.4,4.990731104180179,137
20.9,5.021007902141871,137
19.1,5.28197354572238,137
19.2,5.312492358181047,137
20.8,3.0263613965606515,140
20.3,3.052807824344139,140
20.4,3.1106578295145555,140
20.5,3.115147015375144,140
20.6,3.113764130757975,140
19.2,2.874001156250567,140
19.5,2.924575428621685,140
19.8,2.9590187366951186,140
19.7,2.9272168471255613,140
19.6,2.936104268780497,140
20.7,3.0236487676280355,140
20.9,2.9698252799409923,140
19.3,2.891574050306237,140
19.9,2.960882557361954,140
19.1,2.921507162188721,140
19.4,2.870471032158977,140
20.2,2.989127805581368,140
20.1,2.9922682379192604,140
20.0,2.9511719643415284,140
20.0,5.075235925175536,142
20.7,5.397003464631828,142
20.2,5.282629127015142,142
20.8,5.423957571273684,142
20.3,5.273749316403114,142
19.4,4.819030731473264,142
19.7,4.894172937844349,142
20.9,5.472711726283204,142
19.1,4.681425539385231,142
19.6,4.893398653502603,142
19.9,4.976921706854379,142
19.2,4.7253978372411565,142
19.5,4.807601797901474,142
19.8,4.992418607818587,142
20.4,5.328709041244283,142
20.5,5.378786711078454,142
20.6,5.342809019894719,142
20.1,5.169483434823838,142
19.3,4.781832647807312,142
20.5,5.2102070684592325,143
20.6,5.1709881266550415,143
20.4,5.118438101669459,143
20.1,5.024462573277375,143
20.2,4.983966846284926,143
20.0,5.061401242111261,143
20.9,5.224117124968553,143
19.8,4.803921165844708,143
19.6,4.833502676370868,143
19.3,4.812723300276407,143
20.8,5.328927065070129,143
19.7,4.93665410003533,143
19.9,4.847960848191699,143
20.3,5.186465386967999,143
19.5,4.872785379459048,143
19.4,4.80234118142084,143
19.1,4.81819324234381,143
19.2,4.842363398918057,143
20.7,5.218723066096629,143
20.5,3.389360795964825,144
20.3,3.337761094253884,144
20.2,3.2123238602912663,144
20.0,3.157166852258462,144
19.9,3.0999439695098023,144
19.8,3.1288938674327404,144
20.1,3.2185257857261056,144
19.5,3.008382644793945,144
19.6,3.0317321976169,144
19.4,3.02646163103464,144
20.4,3.372340990165561,144
20.9,3.270826566452473,144
20.6,3.411050980794548,144
20.7,3.38790961310107,144
20.8,3.2549903356575536,144
19.7,3.113471091303937,144
19.1,3.0384723972096808,144
19.2,3.031724287317909,144
19.3,3.0653127169749665,144
19.3,3.122268583995336,148
19.5,3.0239144428819555,148
19.6,2.9286017502762496,148
20.2,2.3918446834348286,148
19.8,2.8124592562293933,148
20.8,1.960756850643413,148
20.9,1.8020575003776176,148
19.4,3.0386263267003724,148
20.5,2.0933908427377013,148
19.2,3.201099528218796,148
19.1,3.203996793246556,148
20.7,1.8811453021481237,148
20.3,2.263532053122714,148
19.9,2.6599063373487386,148
20.0,2.510884670530109,148
20.1,2.52064285091614,148
20.6,1.887290303239289,148
19.7,2.7977151696918843,148
20.4,2.151101328919949,148
20.6,4.485972212621162,149
19.9,5.0618580209285495,149
20.0,4.949083137116482,149
20.9,4.424903187556271,149
20.8,4.283304357116604,149
20.2,4.861933905435002,149
20.5,4.51660032301595,149
20.4,4.547491884330782,149
20.3,4.598631562912723,149
19.5,5.05125910653117,149
19.2,4.777995544750878,149
20.1,5.005794909404833,149
19.8,5.091054655871014,149
19.7,5.081851019087692,149
20.7,4.282863074322666,149
19.6,4.9930022384908055,149
19.1,4.94413376021024,149
19.3,4.91145798112311,149
19.4,4.971570219601606,149
20.7,5.331991109330821,150
20.5,5.276592548962087,150
20.6,5.351954972875319,150
20.1,5.182504784080168,150
20.3,5.309027162310881,150
20.2,5.197369281319569,150
20.8,5.354444345836366,150
19.2,5.306579469106896,150
20.9,5.333596480665849,150
19.5,5.2201910970113055,150
20.0,5.295543003758911,150
19.4,5.356173744916234,150
19.3,5.3538268633756125,150
19.6,5.219051430229878,150
19.9,5.169532679048405,150
19.8,5.25274034106236,150
19.7,5.170353021060375,150
19.1,5.328034053844958,150
20.4,5.292042087798112,150
20.1,3.857972102226515,152
19.9,3.720892621161848,152
19.8,4.074568953573727,152
19.1,3.245870724307337,152
19.2,3.6019525153125875,152
19.6,3.47432958295523,152
20.0,3.933771163246853,152
20.4,4.396593793999756,152
20.3,4.317745187186978,152
20.2,3.833649439975426,152
20.5,4.455720036556521,152
20.8,4.662206783461495,152
20.7,4.6289048889177895,152
20.6,4.473878715140146,152
20.9,4.6698843460096455,152
19.3,3.608085985927743,152
19.7,4.037475989595058,152
19.5,3.896332369051498,152
19.4,3.787951085592739,152
19.1,4.759105939437626,153
19.2,4.820539559349649,153
19.3,4.789656422875812,153
19.4,4.829024562382696,153
19.5,4.825234504633504,153
20.3,4.901867807984294,153
20.5,4.681333817197649,153
19.8,4.817722535719531,153
20.6,4.704977304125112,153
20.7,4.629817687625302,153
20.8,4.546567453787182,153
20.4,4.710638004817832,153
20.9,4.568565035115275,153
20.0,4.845003104658101,153
20.1,4.84664574868116,153
19.6,4.828958312883081,153
19.9,4.829167677037648,153
19.7,4.816306401718919,153
20.2,4.8746640246211,153
20.1,1.8566449259312603,154
20.2,2.0887192683941467,154
20.9,2.1146892546303526,154
20.8,2.296427942433634,154
20.7,2.070015028641225,154
20.6,2.1825241541326106,154
20.5,2.0236394023315394,154
20.4,2.0556043450602086,154
20.3,2.102706417806847,154
19.7,1.7612656760193277,154
20.0,1.833788862553404,154
19.8,1.9785461940999267,154
19.9,1.800161006402181,154
19.3,1.5838973962610137,154
19.4,2.163486162158474,154
19.5,1.7282686929112163,154
19.6,1.761500649857064,154
19.2,1.5003437687020529,154
19.1,1.3761035520069271,154
20.4,4.55620144357858,156
20.6,4.608802763862252,156
20.1,4.676911618356642,156
20.0,4.581200303400411,156
20.3,4.677490980783145,156
20.2,4.469020918109615,156
19.9,4.612883265093824,156
19.8,4.552533316791797,156
19.7,4.554481751494415,156
19.6,4.677552405066625,156
19.5,4.596747488367626,156
19.4,4.63269581597898,156
19.3,4.755567995818715,156
19.2,4.746190203683931,156
19.1,4.849269856239856,156
20.7,4.741121706599484,156
20.9,4.813711069531757,156
20.8,4.7152311728057,156
20.5,4.582186259056208,156
20.0,4.768199542768658,157
19.8,4.770701227226111,157
19.9,4.80368344740257,157
19.6,4.875245633165968,157
20.3,4.779881080574324,157
20.2,4.8247576160484495,157
19.7,4.879068276329655,157
19.3,4.705973045989583,157
19.4,4.71789382134574,157
19.5,4.74724753029773,157
19.1,4.74551065050589,157
19.2,4.856881082139185,157
20.9,4.652026892220705,157
20.7,4.6292548621861815,157
20.8,4.613043281086507,157
20.5,4.825396110677124,157
20.6,4.802988456865762,157
20.4,4.805303651340942,157
20.1,4.795446278965809,157
19.8,5.115406478001398,159
19.7,5.265929947176525,159
19.9,5.203515859993117,159
19.5,5.199807621850124,159
19.1,5.049607977486503,159
19.2,5.1990974130550045,159
19.3,5.185914950235982,159
19.4,5.249689690787029,159
19.6,5.265738874266755,159
20.8,5.257367634354901,159
20.7,5.091249359936634,159
20.6,5.087659675094312,159
20.9,5.326365355458575,159
20.3,5.150392317906589,159
20.4,5.136230557671383,159
20.1,5.06984665299192,159
20.2,5.145721095750729,159
20.5,5.096431732131841,159
20.0,5.044832022702284,159
19.7,5.1087234732352105,160
19.4,5.038562788801555,160
19.3,4.937144841168543,160
19.2,4.789124403401009,160
19.1,4.766511221759606,160
19.6,5.090742855562094,160
20.7,5.194441319918787,160
20.8,5.157772715521211,160
20.9,5.220632491145052,160
20.4,5.259680960551996,160
20.5,5.2809550973590005,160
20.3,5.291154194749774,160
20.6,5.218743658981438,160
19.9,5.161448911368407,160
20.0,5.168240605394846,160
20.1,5.193531491693027,160
20.2,5.2736817508668015,160
19.8,5.125251887807214,160
19.5,5.077989120864324,160
19.3,4.648573286655745,164
19.4,4.590167510923335,164
19.1,4.685329831478446,164
20.9,4.168318955160736,164
20.8,4.122462673268729,164
19.2,4.70233891993848,164
20.3,4.251118900165501,164
20.6,4.35323665832904,164
20.5,4.317443421731928,164
20.4,4.272911796694094,164
20.1,4.494721292745564,164
20.2,4.350525731727357,164
20.0,4.404560547645775,164
20.7,4.345693571424443,164
19.9,4.264540528113265,164
19.7,4.336380139841183,164
19.8,4.248258108707077,164
19.5,4.5445426783502185,164
19.6,4.489868676179998,164
20.9,2.3109827100228637,165
20.8,2.232988990751441,165
20.0,3.0311498276643665,165
20.5,2.22710605857802,165
20.6,2.360458610315707,165
20.7,2.118561258152195,165
19.2,3.3721010318797364,165
20.1,2.878478347811928,165
20.2,2.6673188118043933,165
20.3,2.681608213505622,165
20.4,2.5245423539522105,165
19.7,3.738020621735544,165
19.8,3.302218318670981,165
19.9,3.0162663184427734,165
19.1,2.960203604112685,165
19.3,3.5484052353394158,165
19.4,4.033288082486549,165
19.5,3.9435857442453455,165
19.6,3.590327494296274,165
20.2,2.428241292140398,166
20.3,2.383242502881397,166
20.4,2.3494782554311984,166
19.7,2.547051656889733,166
19.8,2.6208614098429908,166
19.9,2.4961155642129764,166
20.0,2.4718720513881456,166
20.1,2.4291908773036,166
19.4,2.664699965336439,166
19.5,2.692656673780036,166
19.6,2.628100084011028,166
19.1,2.80216725438075,166
19.3,2.7313512563804503,166
19.2,2.7893955757222955,166
20.7,2.317370359966718,166
20.8,2.390192266427574,166
20.6,2.333950639455361,166
20.5,2.3278050430058306,166
20.9,2.455892153112481,166
20.5,3.614792351573856,169
20.3,2.9447703966407155,169
20.2,3.5225318889832744,169
19.2,4.524507230433857,169
19.1,4.3691901546911005,169
19.9,3.465318818607106,169
20.0,3.311006824239736,169
20.1,3.743177728796296,169
20.4,3.359117270414615,169
20.6,3.419940529534411,169
20.7,2.9804487656891645,169
20.9,3.273041965203876,169
20.8,3.4691653641370617,169
19.8,3.763738908963607,169
19.7,4.04827643603367,169
19.6,4.50309855768772,169
19.5,4.353408793050965,169
19.4,4.244395830458208,169
19.3,4.3482080468746975,169
20.8,1.389454343334109,172
20.9,1.410421200383264,172
19.1,1.7917562253172383,172
19.9,1.6183154821678518,172
20.3,1.5830030776319408,172
20.2,1.5491978458604867,172
20.1,1.5477641603772028,172
20.0,1.5316103560598395,172
20.7,1.391088960028246,172
20.6,1.4663604196961333,172
20.5,1.451873660142265,172
20.4,1.550931304650753,172
19.5,1.6080365704902029,172
19.8,1.625211479884194,172
19.2,1.850126966628873,172
19.6,1.662034870251468,172
19.3,1.6610550627763894,172
19.7,1.6563586441254914,172
19.4,1.7382832994144306,172
19.6,3.830161312851409,173
20.6,4.005721547190033,173
19.5,3.8286100790561735,173
20.5,3.991382989357566,173
19.7,3.846681410519116,173
20.4,3.985541696939845,173
20.7,4.013963783183659,173
20.9,4.050597250583847,173
20.8,4.02615030337638,173
19.2,3.910883420914832,173
19.3,3.847780921284706,173
19.4,3.83701455630677,173
19.1,3.846119709152565,173
20.0,3.9027901229758415,173
20.3,3.95694590211312,173
20.2,3.969733510035098,173
20.1,3.9603538196032,173
19.8,3.917157819817673,173
19.9,3.916910224512476,173
20.8,4.612786968855722,175
19.2,3.941281560320256,175
19.3,3.953147272872956,175
20.7,4.556806384780796,175
20.6,4.483523326865294,175
20.5,4.468375007490691,175
20.3,4.341214526119301,175
20.4,4.387170886375334,175
20.2,4.329831484625691,175
19.4,3.958126639106453,175
20.9,4.595899031168553,175
20.1,4.309587614006069,175
19.9,4.207788898015869,175
19.8,4.168882721195844,175
19.7,4.080348016399316,175
19.6,4.0829645233169245,175
19.5,4.003949972871206,175
19.1,3.928904121820582,175
20.0,4.218637998166827,175
20.5,3.7695453724524977,176
20.3,3.645760912819387,176
20.4,3.747901780849687,176
20.0,3.5891108526297915,176
20.1,3.5826591200515088,176
19.9,3.554888846429233,176
20.2,3.628864238387116,176
20.6,3.7893835744956794,176
20.9,3.786195204774512,176
20.8,3.79156280588818,176
20.7,3.747822485579725,176
19.8,3.552642825757019,176
19.3,3.592247611135523,176
19.2,3.612474882552121,176
19.1,3.6278377680815215,176
19.4,3.5678820422748343,176
19.7,3.5506196418185763,176
19.6,3.5240765408014028,176
19.5,3.518841161368735,176
20.2,4.772922543144431,180
19.7,4.939470533075389,180
19.6,4.86210044199229,180
19.8,4.847727847231903,180
20.3,4.837809218561056,180
19.5,4.794638362622272,180
20.9,4.804429139696724,180
20.8,4.746851978831254,180
20.7,4.695683046312889,180
20.6,4.765261948110314,180
20.5,4.7385608475665695,180
20.4,4.705059157435766,180
19.1,4.770530528776959,180
20.1,4.859473464227144,180
20.0,4.82679642849932,180
19.9,4.852313471929776,180
19.3,4.834535878769971,180
19.4,4.725823218606754,180
19.2,4.861462916438413,180
19.9,4.941308034927392,182
20.8,4.792917018833285,182
20.7,4.825890773705687,182
20.6,1.8211604372527623,182
20.5,4.894134816766702,182
20.4,5.045807733917817,182
20.3,4.953223014504282,182
19.1,5.297216825819209,182
19.2,5.201518015503839,182
20.0,4.951171980880674,182
20.1,4.943596281469729,182
20.2,5.028599919447541,182
19.8,4.977913987992363,182
19.4,5.155190155512256,182
19.5,5.153699837442327,182
19.3,5.185883216824451,182
19.6,5.081356214436695,182
19.7,5.010865353671069,182
20.9,4.706112985927696,182
19.6,2.7996259014920524,184
20.8,2.0500387689173216,184
20.7,2.245140158552852,184
20.9,2.266997616569986,184
19.9,2.7009602178946235,184
20.2,2.6599703439210725,184
19.8,2.591545970989902,184
19.7,2.8184771455869497,184
20.6,2.344916488529135,184
19.5,2.8126094020790022,184
19.1,3.0052795036289712,184
19.2,2.9278830124430546,184
19.4,3.01120339923398,184
19.3,2.853379092574081,184
20.4,2.2906800364962825,184
20.3,2.442436818289441,184
20.0,2.7844633360263638,184
20.1,2.5388558498412226,184
20.5,2.173864327188025,184
20.8,2.864123497086825,185
20.9,2.977021217828764,185
19.3,3.4861699952259877,185
19.2,3.3886348726918647,185
19.1,3.367153004912555,185
20.7,3.0421812035639686,185
20.6,3.1643073764863527,185
20.4,3.2688172068783325,185
20.5,3.3073134255499506,185
20.3,3.3973459238971686,185
19.4,3.111484754121846,185
20.2,3.2356111621846058,185
20.1,3.4095591573012447,185
20.0,3.489383775998699,185
19.9,3.0412059342925204,185
19.8,3.4893289790359567,185
19.7,3.5324877294066184,185
19.6,3.213421208720236,185
19.5,3.2809153893975065,185
19.1,3.5565161305531525,188
20.6,4.279382285808138,188
20.4,4.215413616659966,188
20.5,4.248175150297927,188
20.1,3.882760472168973,188
20.2,4.156857339755822,188
20.0,4.051275202840827,188
20.3,4.168917029214463,188
20.8,4.421422484937252,188
20.9,4.454456755574038,188
19.4,3.082109209477522,188
19.5,2.86867527883801,188
19.6,3.9650307385725294,188
19.7,3.4159461049682798,188
19.8,3.9899625787689343,188
19.2,3.538469747474531,188
20.7,4.173758626873314,188
19.3,3.127859794920985,188
19.9,4.027620220978925,188
20.1,4.304089502240078,189
19.8,4.318936312602503,189
19.9,4.309266544459298,189
19.7,4.309030565691074,189
20.0,4.311805248684277,189
20.3,4.292318085191505,189
20.2,4.305723018899398,189
20.8,4.153097359890064,189
20.9,4.148678339721998,189
20.5,4.27274001712122,189
20.4,4.276582552097345,189
20.6,4.173143495507107,189
20.7,4.173484577440794,189
19.6,4.2829513502095,189
19.5,4.257596000020994,189
19.4,4.373058611732924,189
19.3,4.368988682617086,189
19.1,4.370545833577722,189
19.2,4.391790645103831,189
20.7,0.0,191
20.8,0.0,191
20.9,0.108692186456202,191
19.1,1.2173397727802429,191
19.8,0.5275990011870572,191
19.7,0.1959568874581649,191
19.6,0.7656882804577576,191
19.5,0.6387236426329295,191
19.9,0.4622961762117782,191
20.0,0.25577061967365,191
20.1,0.0,191
20.2,0.1058939609256958,191
20.6,0.0,191
20.5,0.0,191
20.4,0.0,191
20.3,0.1009569074634056,191
19.4,0.9166251624488068,191
19.3,0.9502361892615424,191
19.2,1.0896200494383117,191
20.3,4.442359386800053,192
20.0,4.419864126509898,192
19.9,4.610643468679934,192
20.2,4.2857131739752345,192
20.1,4.411272765776877,192
19.6,5.346700357112339,192
19.5,5.412627144709733,192
19.4,5.441036705745251,192
19.3,5.5313995939299385,192
19.2,5.473574395793044,192
19.1,5.481799253155636,192
19.8,4.871184449821515,192
19.7,5.198538496691315,192
20.4,4.498886339941249,192
20.7,4.596176904032936,192
20.6,4.6404896345874205,192
20.9,4.60644589754105,192
20.8,4.505326355246257,192
20.5,4.777260321971486,192
20.8,4.6265670151682325,193
20.9,4.721702609439481,193
20.1,5.02918113822281,193
19.2,5.136705998759802,193
19.1,5.183279440205955,193
19.8,5.156054877285859,193
19.7,5.168356336915449,193
19.6,5.264708326097516,193
19.5,5.424659262569086,193
19.4,5.322759502193646,193
20.2,5.337213196451848,193
20.3,5.261863116263622,193
20.4,4.982980135258335,193
20.5,4.773370072303144,193
20.6,4.590414004289843,193
20.7,4.585883039429088,193
19.9,5.166656322117401,193
20.0,5.152108092042447,193
19.3,5.215555346413055,193
19.1,4.4282883727068425,195
19.3,4.629207073133626,195
19.2,4.428117858217653,195
19.5,4.7783192397076375,195
19.6,4.738601690935951,195
19.7,4.778495071652382,195
19.4,4.649374870924216,195
19.8,4.702961050101855,195
20.5,5.053940789633098,195
20.4,5.027445088510241,195
20.3,5.120067981600927,195
20.2,5.051099881208174,195
20.9,4.673695703588478,195
20.8,4.928554014144333,195
20.7,4.981610316349263,195
20.6,5.047013903967977,195
20.1,5.019344067258996,195
20.0,4.900335201985422,195
19.9,4.797501459943031,195
20.8,4.124815652594172,196
20.9,4.0889917419162405,196
19.5,3.755492024401531,196
19.2,3.853564454501903,196
19.6,4.442272864971387,196
19.7,4.367331099844255,196
19.8,4.513992451455414,196
19.9,4.511052270649627,196
20.0,4.641917500744961,196
20.1,4.691314031637496,196
20.2,4.64032386085352,196
20.3,4.88236480654348,196
20.4,4.536109066916653,196
20.5,4.469020143340304,196
20.6,4.2686368123880944,196
20.7,4.380921398460835,196
19.1,4.129283219725222,196
19.4,4.243301395064742,196
19.3,3.910598241425341,196
20.7,4.863932873137763,197
20.9,4.862127521226595,197
20.8,4.871849267563574,197
19.5,4.661435001621299,197
19.6,4.746736024319244,197
19.7,4.566755969207321,197
19.8,4.586162022161687,197
19.9,4.599512036844178,197
20.0,4.58608813614506,197
20.1,4.740849391390702,197
20.2,4.650203692409589,197
20.3,4.720970483612247,197
20.4,4.673119796792516,197
20.5,4.693683272719838,197
20.6,4.808612375620415,197
19.1,4.620297700361892,197
19.2,4.550491407721898,197
19.3,4.582690762451959,197
19.4,4.679702332799324,197
19.2,5.352090523810053,198
19.1,5.389312809387462,198
19.4,5.386867286260103,198
19.5,5.412707564136108,198
19.6,5.33723025716451,198
19.3,5.3865023987933895,198
19.8,5.389317418524211,198
19.9,5.367964192109281,198
20.0,5.340294190418404,198
20.1,5.40786478304155,198
20.2,5.289746161792316,198
19.7,5.418725303028388,198
20.4,5.424855288097731,198
20.3,5.319238570327834,198
20.6,5.442232559831734,198
20.7,5.408513937315666,198
20.8,5.339447550197433,198
20.9,5.297109208556596,198
20.5,5.476721433592129,198
19.2,4.070453429058947,200
19.7,3.7664702268009833,200
20.0,3.802868309964625,200
19.4,3.998773720245158,200
19.3,4.018983966209898,200
20.7,3.431386729720101,200
19.5,3.982613017663537,200
19.1,4.076996526140096,200
19.6,3.871494865814839,200
20.9,3.347342937498233,200
20.8,3.390612953296125,200
20.2,3.7384548133345854,200
20.3,3.723626302743684,200
20.5,3.5530610920597736,200
20.4,3.61359101832581,200
19.9,3.778715153144133,200
20.1,3.755023034373698,200
19.8,3.755092811405464,200
20.6,3.4423551778119696,200
20.4,4.316771817375933,202
20.3,4.420822508515778,202
19.6,5.001066329866543,202
19.1,5.178071207996499,202
19.2,5.238213298643863,202
19.4,5.184729846841507,202
19.3,5.2510461402645126,202
19.5,5.067425752530534,202
20.8,3.991321017879511,202
20.7,4.034676580144431,202
19.7,4.9481723155832285,202
19.8,4.899053696150691,202
20.1,4.463625298005106,202
20.2,4.296014231591846,202
19.9,4.758159251942674,202
20.0,4.55818077346934,202
20.9,3.9127040663556167,202
20.6,4.017183952643536,202
20.5,4.109805535430998,202
20.7,2.899530598176573,203
20.8,3.0570844587779447,203
19.1,4.275022700955409,203
19.2,4.463819726086866,203
19.3,4.12281184582351,203
20.4,3.655393438987367,203
19.4,4.080456149340399,203
19.5,3.784075512979973,203
19.6,3.5370252101933515,203
19.8,3.905619938593981,203
19.7,3.977689965002545,203
19.9,3.7911046504200656,203
20.0,3.3517878000383474,203
20.6,3.68172974282108,203
20.1,3.773149251787818,203
20.2,3.5314626741129627,203
20.3,3.677709460844201,203
20.5,3.5886351892575754,203
20.9,3.6634386561162224,203
20.5,4.153643389995583,205
20.4,4.208142040336135,205
20.7,4.05757405343139,205
20.6,4.111257465350748,205
20.2,4.373683123390711,205
20.3,4.3596953728836265,205
20.0,4.402789963607524,205
19.9,4.369214320497135,205
19.8,4.370687753515034,205
20.1,4.433463849209669,205
19.7,4.456015860991219,205
19.6,4.472523683082036,205
19.4,4.535390672339865,205
19.5,4.540623821181901,205
19.3,4.480147099866911,205
19.2,4.530910060917797,205
19.1,4.4916218518618525,205
20.8,3.966264630773596,205
20.9,3.9998662174452,205
20.5,4.560807647710009,207
20.3,4.564735020575442,207
20.4,4.564226631798368,207
19.9,4.525407618091946,207
19.8,4.523940833543374,207
19.7,4.550652825471867,207
20.0,4.532616653013955,207
19.5,4.556199078839263,207
19.4,4.555379959064696,207
19.3,4.527190078726665,207
19.2,4.485720517722519,207
19.1,4.556496893610792,207
20.2,4.579767977051101,207
20.1,4.5430366848711365,207
19.6,4.531683693261824,207
20.6,4.576843571742296,207
20.7,4.603576564995292,207
20.8,4.579789820301918,207
20.9,4.540794003691724,207
19.7,3.3465587741371103,211
19.6,3.35498875639233,211
19.5,3.343869707894929,211
19.4,3.262238671701577,211
19.3,3.294724381630755,211
19.2,3.3116064295328607,211
20.0,3.325823047304067,211
20.1,3.314116099598473,211
20.5,3.460027312703928,211
20.4,3.508342754861854,211
20.3,3.420044750233671,211
20.2,3.345698995584731,211
20.9,3.340087406200392,211
19.8,3.3660642459083387,211
19.1,3.271533669851561,211
19.9,3.342325884928316,211
20.7,3.381291227300834,211
20.8,3.3008897486818585,211
20.6,3.33229413468235,211
19.8,5.340161332481208,215
20.4,5.45112482955754,215
20.1,5.409616666651795,215
20.0,5.377592309603044,215
20.9,5.408630727709898,215
19.7,5.310723834090549,215
20.5,5.445086063616381,215
20.3,5.429821605046323,215
19.9,5.372079089978394,215
20.2,5.42453445558222,215
20.8,5.413663918277524,215
20.7,5.437470693333081,215
20.6,5.433030876873672,215
19.1,5.1297563117029545,215
19.6,5.274209329394087,215
19.5,5.265974231907186,215
19.4,5.234204247731599,215
19.2,5.153119407100612,215
19.3,5.19243798141826,215
19.3,3.2279265036434155,218
19.2,3.235964326833029,218
19.9,3.391468715184311,218
19.8,3.3905873107360263,218
20.7,3.5271992743630163,218
20.9,3.4790600643611604,218
20.3,3.533051046548946,218
20.6,3.540527625012876,218
20.8,3.517692297632508,218
20.5,3.5197291951127543,218
19.5,3.310647369245937,218
19.4,3.285851571695,218
19.7,3.3351058567881857,218
19.6,3.348095900359163,218
20.1,3.442785516781757,218
20.2,3.5233213611127328,218
19.1,3.142160943381456,218
20.4,3.51343186498188,218
20.0,3.445259399791382,218
20.4,4.572546465493654,219
20.2,4.541278522265074,219
20.1,4.5445087678277005,219
20.0,4.53572520917072,219
20.3,4.546769368745906,219
20.8,4.409670130445605,219
20.7,4.4326769781554045,219
19.1,4.624295191006113,219
20.5,4.557682199789705,219
20.9,4.363985132365558,219
19.2,4.623009689806956,219
19.3,4.63453478404139,219
19.4,4.642090315467268,219
19.5,4.527994765259212,219
19.6,4.540294688365266,219
19.7,4.615676674092574,219
19.8,4.624715946537373,219
19.9,4.511255412623683,219
20.6,4.520070784735456,219
19.5,4.487891670726354,220
20.2,4.253673523524993,220
19.4,4.548695761028835,220
19.7,4.3723275397583965,220
20.9,4.209169806116508,220
19.6,4.424658370196358,220
20.1,4.190831665944629,220
19.8,4.338461255069226,220
19.3,4.683197286399196,220
19.9,4.273917110364951,220
19.2,4.718685690132315,220
19.1,4.703037844782779,220
20.3,4.101237255400113,220
20.7,4.1858943681520895,220
20.0,4.211545483105942,220
20.6,4.145772037544599,220
20.8,4.214348492729508,220
20.5,4.167018102004414,220
20.4,4.161343958180511,220
20.0,3.8441774813730136,221
19.9,3.793625325671414,221
20.4,3.7730480915571993,221
20.1,3.855192685669813,221
19.5,3.6577955451768047,221
19.4,3.594548334174455,221
19.3,3.5374108446202315,221
19.2,3.545635028080952,221
19.1,3.6150308643518088,221
19.7,3.758083368923748,221
19.8,3.7640105687069294,221
19.6,3.6991191627212,221
20.5,3.801305648088953,221
20.6,3.7912314732979286,221
20.7,3.801077289896872,221
20.8,3.7545562390850495,221
20.9,3.7299367928195206,221
20.3,3.803099653259098,221
20.2,3.8289254691573897,221
19.6,4.755251836257449,222
19.7,4.696856653210159,222
19.5,4.701826976104954,222
19.2,4.649307066338324,222
19.3,4.711941579203824,222
19.4,4.675389759851545,222
19.1,4.576890450137874,222
20.7,4.944826263718443,222
20.8,4.909478024064261,222
20.9,4.926237459219231,222
20.3,4.7968293495073295,222
20.4,4.782761489047956,222
20.5,4.735581531621153,222
20.6,4.887101275309517,222
19.8,4.638678729992813,222
20.1,4.714449237992413,222
20.0,4.661277799296887,222
19.9,4.738139753990007,222
20.2,4.694900953160701,222
19.4,3.955620094261038,223
19.3,3.948688595897032,223
19.2,3.857385458408137,223
19.1,3.894264497379007,223
20.9,3.9634180332429865,223
20.8,3.9692347162008135,223
20.7,4.022799206466421,223
20.5,3.975731608924967,223
20.6,3.98581722330418,223
20.4,3.9999970069692656,223
20.3,4.013228442233935,223
19.5,3.92680725688922,223
20.2,4.037874615537145,223
20.1,3.983888535967055,223
20.0,3.983379888842057,223
19.9,3.943227320361968,223
19.8,3.910362618650401,223
19.7,3.9631966205417903,223
19.6,3.9110202298765424,223
19.1,3.011227552754196,226
20.7,3.727810282818092,226
20.6,3.5663139333384275,226
20.5,3.5063676238111943,226
20.4,3.4875199611136685,226
20.3,3.3308658015050026,226
20.2,3.257030904969427,226
20.1,3.252946706182973,226
20.0,3.203352324483048,226
19.9,3.092956677295855,226
19.8,2.923445269806057,226
19.7,3.074015567569954,226
19.6,3.242017687283598,226
19.5,3.0901733295889686,226
19.4,2.890103336277339,226
19.3,3.017695408465254,226
19.2,2.7759289538148364,226
20.9,3.9680473674955374,226
20.8,3.957520112988752,226
19.1,4.908692317992365,229
19.2,4.914677334958157,229
20.7,5.270892142719082,229
20.6,5.279770415421338,229
20.5,5.241499627163144,229
20.4,5.216698084918161,229
20.3,5.1772942194878615,229
20.2,5.157736765790899,229
20.1,5.152701495826635,229
20.0,5.138654760218748,229
19.9,5.117341357072799,229
19.8,5.110335901111353,229
19.7,5.055116454334275,229
19.6,5.035842024369439,229
19.5,4.97918643013612,229
20.9,5.31741359178221,229
19.3,4.939253322239583,229
20.8,5.298051645729736,229
19.4,4.906711784122111,229
20.8,4.469361816542355,231
20.6,4.535943058298331,231
20.7,4.483778486593906,231
19.7,5.219210107396902,231
20.9,4.537840038550659,231
20.4,4.447252581063209,231
19.9,5.096129664559934,231
20.1,4.817090272872619,231
20.0,4.97506619298305,231
20.5,4.591674671909172,231
20.3,4.642907491633299,231
19.4,5.439387332063722,231
19.2,5.529733701721702,231
20.2,4.739896069198744,231
19.8,5.143584119844351,231
19.3,5.499800113563243,231
19.1,5.5218840711622015,231
19.5,5.38513585209144,231
19.6,5.2424976973721895,231
20.0,0.7536734800234903,233
19.9,0.7017245243935217,233
19.7,0.6988474855609312,233
19.8,0.5303072045044263,233
19.6,0.6441125640464432,233
19.5,0.3273585328121194,233
19.3,0.3374173557895746,233
19.4,0.3565021433818993,233
20.2,0.7294335659952484,233
20.1,0.6712427385567353,233
19.2,0.2691733679556368,233
19.1,0.0,233
20.6,0.5891396360571818,233
20.5,0.6869438960243277,233
20.8,0.7391616909980029,233
20.7,0.7042432415354278,233
20.9,0.7101715814008743,233
20.4,0.7323673297090711,233
20.3,0.7915759489745933,233
19.5,3.8336179311138303,234
19.4,3.798224913915792,234
19.7,3.932027595664133,234
19.8,3.9872881016473274,234
19.1,3.983853816068102,234
19.6,3.78707161470216,234
19.9,3.97136838391964,234
19.2,3.958827557080233,234
19.3,3.883462982266416,234
20.4,3.687550339730645,234
20.5,3.8475248541696936,234
20.6,3.9115999644754433,234
20.7,3.8402866827581312,234
20.8,3.73745755693082,234
20.9,3.293972654132736,234
20.3,3.996751710699981,234
20.2,3.946813635051151,234
20.0,3.9340622051768346,234
20.1,3.95328185231414,234
19.5,5.195912167735295,236
19.6,5.229684561634109,236
19.1,5.04838112510073,236
19.2,5.093037270410262,236
19.4,5.148982377736365,236
19.3,5.10872515414355,236
20.8,5.049094865868812,236
20.9,5.0337979483173445,236
20.7,5.300970195803166,236
20.4,5.38291470551353,236
20.5,5.353024958847118,236
20.6,5.379305967919545,236
20.2,5.498321492995654,236
20.1,5.407895043133356,236
20.0,5.378048443638368,236
20.3,5.4302497620163415,236
19.9,5.264456085523789,236
19.8,5.258085071580911,236
19.7,5.234060760438768,236
19.1,4.185997939978115,237
19.2,4.010398793606479,237
19.3,4.088345482463573,237
20.9,2.768660950240489,237
20.8,2.802211912724601,237
20.7,2.930101318363355,237
20.6,2.9671223469280994,237
20.5,2.95954710979376,237
20.4,2.993394594173605,237
20.3,3.4118341483617405,237
20.2,3.42766111112816,237
20.1,3.470237923549914,237
20.0,3.5044652845697613,237
19.9,3.5378591467643066,237
19.8,3.7113528817748462,237
19.7,3.7254609582950673,237
19.6,3.901343908390023,237
19.5,3.741300452643293,237
19.4,3.892211893390441,237
20.6,3.715037635225842,238
20.5,3.7946347955540105,238
20.4,3.8115922379341463,238
20.3,3.8780716043079617,238
20.2,3.8511497965827712,238
20.1,3.853076194521441,238
20.0,3.832209752406596,238
19.9,3.8434778294011416,238
19.8,3.810033453690033,238
19.7,3.8709303380646816,238
19.6,3.86263142602368,238
19.5,3.85180853164052,238
19.4,3.85008584815492,238
19.3,3.737545711348851,238
20.8,3.7425796062802457,238
20.9,3.7096932586666256,238
19.1,3.6778856714960777,238
20.7,3.721655964186674,238
19.2,3.728869478127721,238
20.4,4.6960104101542735,239
19.3,4.132479952637074,239
20.5,5.098208569206891,239
20.3,4.765311671172134,239
20.1,4.645351090274484,239
20.8,5.149171950736673,239
19.4,4.037991212265304,239
19.6,4.330620999164024,239
19.5,4.053889288845912,239
19.7,4.555104864994238,239
19.8,4.533942488865585,239
20.2,4.697124667165365,239
19.9,4.593260126253461,239
20.0,4.700548760029235,239
20.9,5.115858198042332,239
20.6,5.155502557514414,239
20.7,5.174428630823214,239
19.2,4.51774518970802,239
19.1,3.974670706887206,239
19.9,4.669070173377167,240
20.0,4.72771959834936,240
19.2,4.474383642134367,240
19.1,4.458815663357937,240
19.8,4.638191828569181,240
19.7,4.631308927401463,240
19.6,4.625357427909907,240
19.5,4.566496976700203,240
19.4,4.493184193927493,240
19.3,4.520205679431561,240
20.5,4.862438454870087,240
20.3,4.848615964210425,240
20.6,4.878883134910479,240
20.7,4.9016801847532,240
20.8,4.922174726434153,240
20.4,4.847406365321317,240
20.1,4.731588100170341,240
20.2,4.781670283531528,240
20.9,4.903118374514182,240
19.4,4.522813012076728,241
20.8,4.858420490746915,241
19.7,4.670833619536259,241
19.2,4.300740921530502,241
19.9,4.843097127431204,241
19.8,4.716755471796098,241
20.6,4.836240470327488,241
20.5,4.7888632480972815,241
20.4,4.926788017047594,241
20.0,4.6585439891664056,241
20.1,4.84652718816518,241
20.2,4.89799003339076,241
20.3,4.934259088512917,241
20.7,4.828281302815842,241
20.9,4.882190791477695,241
19.1,4.338722525824447,241
19.3,4.583969730488893,241
19.6,4.638739908940295,241
19.5,4.653075973799926,241
19.1,3.2901981078236977,242
19.4,3.2319716212354987,242
19.5,3.256825319869036,242
20.2,3.177065411782728,242
20.9,3.207487279190839,242
20.8,3.189243737823733,242
20.7,3.158344594212995,242
20.6,3.174178218011441,242
20.5,3.214603504095345,242
20.4,3.3199083375387137,242
20.3,3.1854994312505243,242
19.8,3.2325303862691737,242
20.1,3.099892746049393,242
20.0,3.2142661746046546,242
19.9,3.228358445431573,242
19.6,3.2486431440828043,242
19.7,3.2367324037389342,242
19.3,3.177481704040801,242
19.2,3.210622684930593,242
20.1,2.849156499251136,246
20.2,2.8883717706373675,246
20.3,2.894923173352306,246
20.4,2.93791294161383,246
20.5,2.95565307647077,246
20.6,2.982510873770581,246
20.7,2.978241964444104,246
20.0,2.852873909235732,246
19.4,2.945030985518136,246
19.5,2.935560906841001,246
19.6,2.9722866630872904,246
19.7,2.9007553758787803,246
19.8,2.8461041173732,246
19.9,2.873020344341452,246
19.3,2.9717177906941936,246
19.2,3.0326033055509742,246
20.9,2.9939833402395504,246
20.8,2.9672226095985463,246
19.1,3.0569896189909365,246
19.8,4.992026153712546,249
20.0,4.988713357253345,249
19.9,4.934566630547591,249
20.3,5.042248634913847,249
20.4,4.895831889347229,249
19.1,4.201848552743521,249
19.2,4.424697581061379,249
19.3,4.331306330959687,249
19.4,4.421614633074689,249
19.5,4.432646199862632,249
19.6,4.8987131148482765,249
20.1,4.902329934573771,249
20.2,5.044553022859853,249
20.7,4.636140919302383,249
20.8,4.452343642862294,249
20.6,4.710593811952549,249
20.9,4.24762699297361,249
20.5,4.801329602799192,249
19.7,4.409554512970747,249
19.3,4.235783391679972,250
19.4,4.325137840610878,250
19.5,4.226678306359269,250
19.8,4.225533393790343,250
19.6,4.246731871186813,250
19.7,4.26178999673799,250
19.9,4.178345878506098,250
19.1,4.174803078078724,250
20.0,4.0956218886630005,250
19.2,4.264939633150014,250
20.4,3.999007964168265,250
20.5,4.119392380082295,250
20.6,4.12256877483723,250
20.7,4.126931407071563,250
20.8,4.135444591218191,250
20.9,4.056154376845762,250
20.3,4.004563465501913,250
20.2,4.056497065480588,250
20.1,4.039752639568754,250
19.2,4.749557726292904,251
19.7,4.6930645506433954,251
19.8,4.888689374391258,251
19.4,4.815018106358745,251
19.3,4.576639563969142,251
19.5,4.605413029422257,251
19.6,4.640095429696037,251
20.7,5.115125116835462,251
20.1,4.977797724910896,251
20.2,5.143439002642976,251
20.4,5.057772893102275,251
20.5,5.189661463778216,251
20.6,5.215346268305533,251
20.0,4.9034348340853615,251
19.9,4.8707336755453845,251
19.1,4.5688520930547725,251
20.9,5.285278379619665,251
20.3,5.148185689837793,251
20.8,5.222858684396504,251
20.1,3.697691594283394,252
19.8,3.759573568617705,252
19.5,4.148497972010379,252
20.2,3.2716378586294863,252
20.4,3.1259697712316683,252
20.0,3.611839268907496,252
19.9,3.757793715537431,252
19.2,4.183757544506617,252
19.3,4.364814295872495,252
19.4,3.876310131565724,252
19.7,3.660376525968012,252
19.6,4.250266295222725,252
20.5,3.315952566787628,252
20.6,3.098524518815676,252
20.7,3.1629834392351777,252
20.9,2.917979766131,252
20.8,2.736305705594676,252
20.3,3.398952219411543,252
19.1,4.315641538203188,252
19.2,4.803992197571434,253
20.1,4.980727177430204,253
19.4,4.945026417932562,253
20.0,4.995125030522064,253
19.9,5.015111881548346,253
19.8,4.8782805850806445,253
19.7,4.864054436887793,253
19.6,4.849917775798702,253
19.5,4.949859575420346,253
20.2,4.971934976335652,253
20.8,4.7382150145294775,253
20.7,4.867830959785306,253
20.6,4.88930919654248,253
20.4,4.947692420514188,253
20.3,4.974443167229904,253
20.5,4.941668921868131,253
19.3,4.939949019768202,253
20.9,4.712449769579357,253
19.1,4.794033565151554,253
19.9,4.320096814244325,255
20.5,4.302798571011675,255
20.1,4.312340416334023,255
20.0,4.321420177201183,255
20.4,4.215245040697035,255
20.3,4.314983043734067,255
19.6,4.300835753175027,255
19.3,4.296952836952438,255
19.4,4.294217813427169,255
19.5,4.284972908329172,255
19.1,4.294692841197792,255
19.7,4.284283513458225,255
20.2,4.314243516218256,255
19.8,4.308839047182931,255
20.8,4.161793571721753,255
20.9,4.146028586753669,255
20.7,4.216309139385354,255
20.6,4.318548323877234,255
19.2,4.311218545471693,255
19.5,0.0,256
19.4,0.0,256
19.3,0.0,256
19.6,0.0,256
19.9,0.0,256
19.7,0.0,256
19.8,0.0,256
19.2,0.2631191977740015,256
19.1,0.3190630814932754,256
20.1,0.0,256
20.2,0.0,256
20.9,0.0,256
20.5,0.0,256
20.7,0.0,256
20.8,0.0,256
20.4,0.0,256
20.6,0.0,256
20.3,0.0,256
20.0,0.0,256
20.8,3.131336308605814,257
19.6,3.0247848716991994,257
19.4,3.026055466143114,257
19.5,3.023440933199133,257
19.7,3.0311030039928903,257
19.8,3.0358530305745663,257
19.9,3.059144769770171,257
20.9,3.1283206384505995,257
20.2,3.1347572481409083,257
20.1,3.1457450068371786,257
19.3,3.0291326094551208,257
20.4,3.172408088029448,257
20.5,3.197559479915903,257
20.6,3.2152592966365243,257
20.7,3.1284771557558906,257
20.0,3.09987973285031,257
19.2,3.015816371748753,257
19.1,3.007348149530023,257
20.3,3.1302301939297275,257
20.6,3.960974458266175,261
20.8,3.9580970545920575,261
20.9,3.8647701932848975,261
19.5,4.013078845123109,261
19.2,4.19938049866823,261
20.4,3.796454893875258,261
20.5,3.990172988279618,261
20.7,3.9154647369610553,261
19.6,4.081820385848221,261
19.3,4.096549692351269,261
19.4,4.2754914725845286,261
19.7,4.020165182141969,261
19.1,4.2844457460881,261
20.0,4.198942693581397,261
20.3,4.121606032545143,261
20.2,4.201209298828737,261
20.1,4.045404105772347,261
19.8,4.067658791138492,261
19.9,4.122949341972975,261
20.7,2.921963338499721,264
20.8,2.9439979840425106,264
20.1,2.1884110009539754,264
20.2,2.0881760064439803,264
20.4,2.2958014147001684,264
20.3,2.213754310679485,264
20.5,2.4885493173891104,264
20.6,2.762090618332423,264
20.0,1.8217144103909504,264
19.3,2.467104722770717,264
19.7,1.9301570889289308,264
19.4,2.230416756085548,264
19.6,1.9892290334595768,264
19.5,2.1146037968671623,264
19.9,1.8143862631960408,264
19.8,1.881133677822063,264
19.1,4.469354645476722,264
19.2,3.4788787828875165,264
20.9,2.9920699252235154,264
20.9,5.075116698829124,266
20.6,5.014656963472294,266
20.5,5.126554982052554,266
19.4,5.352372268111929,266
19.6,5.220784624528918,266
19.7,5.17192712532108,266
20.8,5.009871575838531,266
20.7,5.044566633668434,266
20.3,5.105635181352488,266
20.4,5.094625292717073,266
20.2,5.013631134679528,266
20.1,4.977506505469844,266
19.9,5.106589123033397,266
19.3,5.52746116313927,266
19.5,5.347389828712604,266
19.2,5.470401872061679,266
19.1,5.388408997814671,266
20.0,4.984910389411116,266
19.8,5.214497919064392,266
20.9,0.4397198518744011,273
19.8,1.5451802957566756,273
19.5,1.7784531359790736,273
19.6,1.6382279882535338,273
19.7,1.6374077562885316,273
20.2,0.954711299198116,273
20.3,0.8649310487530961,273
20.4,0.7842188595529836,273
20.5,0.6963949703268298,273
19.1,2.3142114626998675,273
19.9,1.3328322396564762,273
20.0,1.2445247116850262,273
20.1,1.1957558897176472,273
19.2,2.045569572279029,273
20.7,0.4580944808353887,273
20.8,0.4927201801624266,273
19.4,1.8339621280018417,273
20.6,0.6335655785043263,273
19.3,2.0186604323283244,273
19.2,5.156644332755329,277
19.1,5.035019424157978,277
19.8,5.0439985092344815,277
19.9,5.010479064534716,277
20.0,4.970812163121454,277
19.3,5.157142911648865,277
19.4,5.15862524584821,277
19.5,5.147123493345212,277
19.6,5.004898796239062,277
19.7,5.06898342701259,277
20.6,4.638258711545056,277
20.7,4.640428915897282,277
20.8,4.609394335836768,277
20.9,4.582576184031295,277
20.2,4.796173016486163,277
20.3,4.776892342192029,277
20.4,4.706590134142095,277
20.5,4.662549707935639,277
20.1,4.992685757867127,277
19.5,4.2340481762334585,280
19.7,4.39241119028657,280
19.6,4.628071922389889,280
19.1,4.392974661405982,280
19.2,4.463224186013649,280
19.3,4.474784473230264,280
19.4,4.472821850959528,280
20.3,3.87067320694753,280
20.4,3.533019116503359,280
20.5,3.635801598828148,280
20.6,3.586864305027356,280
20.7,2.877341700346656,280
20.8,3.313810768530168,280
20.9,3.3560408033080646,280
20.2,3.8644945703383815,280
19.9,4.2159769750986,280
20.0,4.082769688482366,280
20.1,4.259080117306771,280
19.8,4.420525759771261,280
19.2,5.041297647816271,281
19.3,4.974922959507672,281
19.4,4.9809601307576346,281
19.1,5.101446842776052,281
20.0,4.847950702313848,281
20.1,4.9143491063738125,281
20.2,4.9377582512798,281
20.3,4.8947902371504295,281
20.4,4.992963616657931,281
20.5,4.969617055203272,281
20.6,5.021947276484855,281
20.7,5.044269077544403,281
20.8,4.970022511871345,281
20.9,5.034101396118094,281
19.8,4.870236216545765,281
19.5,4.940971235496677,281
19.6,4.841488644478746,281
19.7,4.931576428162823,281
19.9,4.807894915709108,281
19.1,5.242736119060691,282
19.7,5.261294308461884,282
19.8,5.161251896395086,282
19.9,5.198926962351875,282
20.0,5.255505711887098,282
20.1,5.328526591491117,282
20.2,5.411144421671092,282
20.3,5.356884584720264,282
20.4,5.4315051733634006,282
20.5,5.301804784304153,282
20.6,5.297949639851038,282
20.7,5.313224815337488,282
20.8,5.404293318810206,282
20.9,5.422033993745573,282
19.4,4.930381762300793,282
19.5,5.160326061574377,282
19.6,5.226954868963263,282
19.3,4.851333910060924,282
19.2,5.058580549028483,282
19.6,5.057234680999119,283
19.5,4.979412136728682,283
19.4,4.92988228103968,283
19.9,5.158924178199362,283
20.0,5.163927346976257,283
20.1,5.138785189766578,283
20.2,5.235615248319598,283
20.3,5.285877358881996,283
20.4,5.333194362932578,283
19.7,5.086038697314633,283
19.8,5.1155941541058505,283
19.1,4.873084533113486,283
19.2,4.906871765960853,283
19.3,4.9784924509210216,283
20.9,5.433177513822268,283
20.8,5.342940768570238,283
20.7,5.407763525977445,283
20.6,5.38772839828068,283
20.5,5.304593823166459,283
20.1,5.357639172091889,286
20.0,5.454927166822015,286
19.9,5.371187628132319,286
19.8,5.342430287265582,286
19.7,5.348562555917139,286
19.6,5.328331077489425,286
19.5,5.308241173854993,286
19.4,5.2843853706914174,286
20.9,5.395844217567746,286
20.8,5.389986568091375,286
20.7,5.388379681830561,286
20.6,5.37506893617945,286
20.5,5.376578392390976,286
20.4,5.387374120797015,286
20.3,5.464847690912602,286
20.2,5.465203046627535,286
19.3,5.329292114836384,286
19.2,5.254402389965256,286
19.1,5.154984445141603,286
19.5,4.44845072408086,288
19.4,4.453046199542317,288
19.3,4.42451824961222,288
19.2,4.402021076290125,288
19.1,4.3793920936336095,288
19.8,4.314236086771566,288
19.7,4.4346448416059605,288
19.6,4.30101598977102,288
20.3,4.10694953251461,288
20.2,4.215800424533494,288
20.1,4.314989176876022,288
20.0,4.365924664518286,288
19.9,4.362750882659172,288
20.4,4.04472074643576,288
20.6,4.154291612008683,288
20.5,4.163947291895375,288
20.8,4.067691854879498,288
20.9,4.348022207379519,288
20.7,4.291571629230317,288
20.6,5.530192238017854,289
20.1,5.2133399913795655,289
19.4,5.055341118268699,289
19.1,4.990621482464383,289
20.5,5.457770479505225,289
20.0,5.2471798722682745,289
19.9,5.286914304787277,289
19.8,5.196713439074049,289
19.7,5.148724857317952,289
20.4,5.318672500821768,289
20.3,5.26919746787929,289
20.2,5.36278029078932,289
20.9,5.480489799670519,289
20.8,5.480201903566127,289
20.7,5.445007526872728,289
19.5,5.2728720564681,289
19.6,5.142754277945219,289
19.3,5.021146957128723,289
19.2,5.118442887964672,289
19.1,4.968789189101109,298
19.3,5.076852816146741,298
20.8,5.394409184800941,298
20.9,5.396700864920595,298
20.2,5.300287040642832,298
20.3,5.320094472440985,298
20.4,5.3634851607318526,298
20.5,5.368116903328021,298
19.8,5.1981928523687895,298
19.9,5.247589750007409,298
20.0,5.316274344765702,298
20.1,5.353575326454943,298
20.6,5.34244907506206,298
20.7,5.367580094624422,298
19.4,5.119102590224555,298
19.5,5.127105772562958,298
19.6,5.161837665616668,298
19.7,5.178953613738045,298
19.2,5.043238100297058,298
19.2,4.643497083575976,301
19.3,4.774004445637864,301
20.9,5.125805789604078,301
19.1,4.584154874987905,301
20.8,5.157460768048409,301
20.7,5.074098741192215,301
20.5,5.01366311632237,301
20.6,5.050628189020574,301
20.2,4.974729541973373,301
20.1,4.937483196778372,301
20.4,4.964111365917102,301
20.3,4.95423761625807,301
20.0,4.833171383884053,301
19.9,4.898506556247215,301
19.7,4.773895824995819,301
19.8,4.7406478752043,301
19.4,4.6959978879022986,301
19.5,4.658332903770719,301
19.6,4.729970403028969,301
20.2,5.572005813484377,302
20.3,5.543886967307847,302
20.6,5.537155739277433,302
20.5,5.5620958605514925,302
20.4,5.564406664735076,302
19.9,5.447894867400817,302
19.8,5.466864144932325,302
20.1,5.532980622342615,302
20.0,5.510507156833705,302
19.7,5.365102847873404,302
19.6,5.344102257597777,302
19.4,5.247166281689898,302
19.5,5.334869430495562,302
19.1,5.232761110892117,302
20.7,5.525108647135067,302
19.3,5.2914975120253605,302
19.2,5.241143000462009,302
20.9,5.566729501465254,302
20.8,5.563347537869228,302
19.3,4.782329178914659,303
19.4,4.818978412171089,303
20.0,5.0752359484107,303
19.9,4.976921724414071,303
19.8,4.992058925947136,303
19.7,4.894172959538498,303
19.6,4.893398670912912,303
20.3,5.273743123580959,303
20.2,5.282629148266121,303
20.1,5.169483453167961,303
19.2,4.725734410865274,303
20.9,5.472696716821284,303
19.5,4.807601824425568,303
19.1,4.681425554161892,303
20.5,5.379046739384171,303
20.6,5.342809041732621,303
20.7,5.397003484494439,303
20.8,5.423957591623845,303
20.4,5.328709065272256,303
19.4,5.11007562400372,304
19.5,5.065110511966287,304
19.3,5.0945959728781895,304
19.8,5.235572244735459,304
19.7,5.1210216406497855,304
19.9,5.280618302100606,304
20.0,5.265674633182348,304
20.9,5.540021409170618,304
20.3,5.343123453201612,304
19.1,5.088292221186226,304
19.2,5.055972462673149,304
19.6,5.146813129764998,304
20.8,5.454840484430271,304
20.7,5.481671256957096,304
20.6,5.447763198900324,304
20.2,5.303645314161933,304
20.5,5.387363462995008,304
20.4,5.377472421358841,304
20.1,5.287791560799482,304
19.8,4.65376160524105,305
19.3,4.524800716027875,305
19.7,4.656988206735461,305
19.5,4.5920549000690505,305
19.4,4.54445798416297,305
20.5,4.81633814304436,305
19.2,4.509907210745729,305
19.1,4.435501136293645,305
19.6,4.670548779962908,305
20.7,4.9539644236243285,305
20.8,5.028636231534434,305
20.9,5.080614131120958,305
20.4,4.839672684365402,305
20.0,4.7318082046220775,305
20.3,4.8204264239167465,305
20.6,4.955564911222423,305
19.9,4.660764055139938,305
20.2,4.797626290514863,305
20.1,4.77168377430048,305
19.4,5.081812206691283,306
19.5,5.099822996673234,306
19.8,5.2332920785202885,306
19.3,5.069720150072166,306
19.2,5.021793895747051,306
19.1,5.005604631442719,306
20.9,4.630630336558829,306
20.8,4.002767723464623,306
20.7,4.17401918493964,306
20.3,5.282730850108438,306
20.6,4.9238242309389015,306
20.5,5.1799218663614015,306
20.4,5.272788004072577,306
20.1,5.3111690694219,306
20.2,5.284162589494365,306
20.0,5.26188351053201,306
19.9,5.236191798866956,306
19.7,5.166729422762732,306
19.6,5.141310611121551,306
20.4,5.318672203348879,307
20.3,5.269197523578421,307
19.1,4.990621510983745,307
20.7,5.445007497567304,307
20.6,5.530192613510189,307
20.5,5.457880027542444,307
20.0,5.247179736808809,307
19.9,5.2869146617294485,307
20.2,5.363564809241541,307
20.1,5.213340419800586,307
19.8,5.196713386710317,307
19.7,5.148724527089234,307
19.5,5.272872506080919,307
19.6,5.142754134807489,307
19.2,5.118094185021739,307
20.9,5.480489784590793,307
19.4,5.055341236452426,307
19.3,5.021146926016032,307
20.8,5.480201872632533,307
19.5,4.053889287753067,308
19.4,4.037991212308925,308
20.4,4.69601040955318,308
20.1,4.645351090138025,308
20.0,4.70054876012399,308
19.9,4.593260126143257,308
19.8,4.533942488938496,308
19.7,4.555104864792882,308
19.6,4.330621000330003,308
20.3,4.765311671223147,308
20.2,4.69712466713393,308
20.6,5.155502557578346,308
20.5,5.098208569224031,308
19.2,4.517745189024914,308
19.3,4.132479953375574,308
19.1,3.9746707062734417,308
20.7,5.174428631033053,308
20.8,5.149171950982697,308
20.9,5.115858197982099,308
19.1,5.306498333328068,309
19.2,5.281164584787598,309
19.6,5.31202774961931,309
19.7,5.332836962074494,309
19.8,5.35272481195435,309
20.1,5.3154297039530505,309
20.0,5.368166705045592,309
19.9,5.425283688249265,309
20.6,5.395659813072164,309
20.5,5.476593456854376,309
19.3,5.270714916855172,309
19.4,5.268899288879863,309
19.5,5.263265111235295,309
20.9,5.516206385756744,309
20.8,5.475561675559098,309
20.7,5.466071190480199,309
20.2,5.375055922755923,309
20.3,5.402945560889391,309
20.4,5.437445784055894,309
19.2,4.358438274039351,310
20.4,4.707502404440341,310
19.5,4.427874482198465,310
19.4,4.326359894602923,310
19.3,4.386437929956529,310
19.8,4.6118903645350855,310
19.7,4.588260872023665,310
19.1,4.486762844394958,310
20.9,4.832321387280025,310
20.7,4.739346560860261,310
20.8,4.865515100412684,310
20.5,4.745691445839134,310
20.6,4.828052048941366,310
20.2,4.696454837872078,310
20.1,4.696224376565775,310
19.6,4.539606453854258,310
19.9,4.62520891688191,310
20.0,4.536995961668675,310
20.3,4.645857405811282,310
20.1,4.324843692730694,311
20.2,4.3660230297899325,311
19.6,4.210112340076821,311
19.7,4.025180756624459,311
19.8,3.966382699753485,311
19.9,4.052214546159257,311
20.0,4.279241266781471,311
19.1,4.484758800818343,311
19.2,4.407928137291538,311
20.9,4.401169038575582,311
19.4,4.266225290208672,311
19.5,4.228164964166293,311
19.3,4.330039413267915,311
20.8,4.336155617085083,311
20.7,4.477722966009788,311
20.6,4.389891564755405,311
20.5,4.46188632824643,311
20.4,4.317073352473231,311
20.3,4.415815100361772,311
