number,state,values,datetime_start,datetime_complete,duration,param_gamma,param_theta,param_m0,param_beta_prime
0,PRUNED,,2025-10-23T22:29:02.684333,2025-10-23T22:36:59.522275,476.837942,0.09141506813806777,0.2,0.00110783584400102,50.0
1,COMPLETE,"[14.0, 2.638891988007922]",2025-10-23T22:36:59.533284,2025-10-23T22:45:08.551148,489.017864,0.003590904056370803,0.2,0.007952292439539137,50.0
2,COMPLETE,"[16.0, 0.7872617915650093]",2025-10-23T22:45:08.562157,2025-10-23T22:53:09.509812,480.947655,0.10612321453911983,0.2,0.004966030290957099,50.0
3,COMPLETE,"[3.0, 0.0]",2025-10-23T22:53:09.520821,2025-10-23T23:01:12.764526,483.243705,0.2566055500333662,0.2,0.0038899158591133923,50.0
4,COMPLETE,"[2.0, 0.0]",2025-10-23T23:01:12.775536,2025-10-23T23:09:15.618883,482.843347,0.3087189513197366,0.2,0.0057834593720169514,50.0
5,COMPLETE,"[4.0, 0.0]",2025-10-23T23:09:15.628892,2025-10-23T23:17:17.449325,481.820433,0.3768037428830196,0.2,0.007197297409099436,50.0
6,COMPLETE,"[71.0, 3.9606390347933473]",2025-10-23T23:17:17.460335,2025-10-23T23:25:18.932457,481.472122,0.021776761610949436,0.2,0.0019424593183898701,50.0
7,COMPLETE,"[4.0, 0.0]",2025-10-23T23:25:18.943467,2025-10-23T23:33:19.491789,480.548322,0.3799638736857075,0.2,0.002761061924826071,50.0
8,COMPLETE,"[3.0, 0.0]",2025-10-23T23:33:19.502798,2025-10-23T23:41:19.692831,480.190033,0.38635064433370964,0.2,0.004984372245535197,50.0
9,COMPLETE,"[4.0, 0.0]",2025-10-23T23:41:19.703839,2025-10-23T23:49:20.669895,480.966056,0.3940833299201831,0.2,0.006868405649822401,50.0
10,COMPLETE,"[3.0, 0.0]",2025-10-23T23:49:20.680905,2025-10-23T23:57:20.986986,480.306081,0.3562992122190048,0.2,0.006874169868685622,50.0
11,COMPLETE,"[3.0, 1.0]",2025-10-23T23:57:20.996994,2025-10-24T00:05:18.595656,477.598662,0.0,0.2,0.001,50.0
12,COMPLETE,"[78.0, 5.356047452267301]",2025-10-24T00:05:18.606666,2025-10-24T00:13:20.106136,481.49947,0.04162551127701668,0.2,0.0023462904479735194,50.0
13,COMPLETE,"[56.0, 3.785911367522934]",2025-10-24T00:13:20.116143,2025-10-24T00:21:19.172459,479.056316,0.017127225948802546,0.2,0.0023846816348751885,50.0
14,COMPLETE,"[65.0, 5.446910001918697]",2025-10-24T00:21:19.183469,2025-10-24T00:29:17.526062,478.342593,0.046768583275212994,0.2,0.00288091956613632,50.0
15,COMPLETE,"[50.0, 5.533482770979615]",2025-10-24T00:29:17.537072,2025-10-24T00:37:16.027546,478.490474,0.0566316590138907,0.2,0.002158370353668685,50.0
16,COMPLETE,"[60.0, 5.58180064732176]",2025-10-24T00:37:16.038555,2025-10-24T00:45:14.797269,478.758714,0.052813939508048496,0.2,0.0023048286730615944,50.0
17,COMPLETE,"[3.0, 0.9730848390423027]",2025-10-24T00:45:14.807277,2025-10-24T00:53:12.937762,478.130485,0.5,0.2,0.001,50.0
18,COMPLETE,"[56.0, 5.590332484868237]",2025-10-24T00:53:12.948771,2025-10-24T01:01:12.431116,479.482345,0.05263214828822948,0.2,0.0024909308224832774,50.0
19,COMPLETE,"[55.0, 5.625314878615826]",2025-10-24T01:01:12.442126,2025-10-24T01:09:08.586489,476.144363,0.05339227291740202,0.2,0.0024758395787823585,50.0
20,COMPLETE,"[45.0, 5.640953399766774]",2025-10-24T01:09:08.596498,2025-10-24T01:17:05.184257,476.587759,0.05600643852398,0.2,0.002550647249552542,50.0
21,COMPLETE,"[32.0, 5.673009404474183]",2025-10-24T01:17:05.195267,2025-10-24T01:25:01.375662,476.180395,0.05829464878553165,0.2,0.0025610113794871446,50.0
22,COMPLETE,"[21.0, 5.177935026676409]",2025-10-24T01:25:01.386672,2025-10-24T01:32:57.385905,475.999233,0.06146980728841364,0.2,0.0025748502834385054,50.0
23,COMPLETE,"[55.0, 5.464799695414478]",2025-10-24T01:32:57.395913,2025-10-24T01:40:53.159157,475.763244,0.05783264210232138,0.2,0.001399805507127919,50.0
24,COMPLETE,"[3.0, 1.852579420239013]",2025-10-24T01:40:53.170165,2025-10-24T01:48:49.962135,476.79197,0.5,0.2,0.008,50.0
25,COMPLETE,"[47.0, 5.674475475109934]",2025-10-24T01:48:49.973144,2025-10-24T01:56:45.721283,475.748139,0.04616506102884265,0.2,0.0038985359660481315,50.0
26,COMPLETE,"[32.0, 5.8380970135346315]",2025-10-24T01:56:45.732293,2025-10-24T02:04:40.461094,474.728801,0.04912313556297036,0.2,0.00534989565821027,50.0
27,COMPLETE,"[25.0, 5.908590303872754]",2025-10-24T02:04:40.471103,2025-10-24T02:12:36.546245,476.075142,0.04758423215195573,0.2,0.008,50.0
28,COMPLETE,"[23.0, 5.911320273962039]",2025-10-24T02:12:36.556254,2025-10-24T02:20:31.220295,474.664041,0.04784648019665271,0.2,0.008,50.0
29,COMPLETE,"[23.0, 5.923931310812491]",2025-10-24T02:20:31.232306,2025-10-24T02:28:26.280032,475.047726,0.04781132450318368,0.2,0.008,50.0
30,COMPLETE,"[40.0, 5.7120414388044995]",2025-10-24T02:28:26.290041,2025-10-24T02:36:21.628721,475.33868,0.05063829636498528,0.2,0.004036883147205063,50.0
31,COMPLETE,"[23.0, 5.901767754256066]",2025-10-24T02:36:21.638730,2025-10-24T02:44:17.534223,475.895493,0.048104825114082525,0.2,0.008,50.0
32,COMPLETE,"[26.0, 5.924175032343946]",2025-10-24T02:44:17.546233,2025-10-24T02:52:12.600526,475.054293,0.04510398265573761,0.2,0.008,50.0
33,COMPLETE,"[18.0, 6.016991102288211]",2025-10-24T02:52:12.610535,2025-10-24T03:00:07.460743,474.850208,0.04985061110799621,0.2,0.008,50.0
34,COMPLETE,"[39.0, 5.742115780868596]",2025-10-24T03:00:07.471753,2025-10-24T03:08:02.055721,474.583968,0.05114538471087812,0.2,0.004076078208630809,50.0
35,COMPLETE,"[44.0, 5.769989126795698]",2025-10-24T03:08:02.065731,2025-10-24T03:15:56.957974,474.892243,0.05139044048129561,0.2,0.0037027363557804198,50.0
36,COMPLETE,"[15.0, 5.982831927797428]",2025-10-24T03:15:56.967983,2025-10-24T03:23:51.847216,474.879233,0.05291894430861641,0.2,0.008,50.0
37,COMPLETE,"[17.0, 6.046054036456627]",2025-10-24T03:23:51.857225,2025-10-24T03:31:47.050747,475.193522,0.052451783871463875,0.2,0.008,50.0
38,COMPLETE,"[23.0, 5.955053481884651]",2025-10-24T03:31:47.059746,2025-10-24T03:39:43.796638,476.736892,0.05213171970159073,0.2,0.006726076418866699,50.0
39,COMPLETE,"[46.0, 5.754796380957114]",2025-10-24T03:39:43.806647,2025-10-24T03:47:47.736965,483.930318,0.05208638396331958,0.2,0.0032574767343508167,50.0
40,COMPLETE,"[44.0, 5.712045738921197]",2025-10-24T03:47:47.746973,2025-10-24T03:55:43.392892,475.645919,0.0520811108993466,0.2,0.0031116912312645316,50.0
41,COMPLETE,"[27.0, 5.908784724757033]",2025-10-24T03:55:43.403901,2025-10-24T04:03:43.092838,479.688937,0.052051618746271275,0.2,0.0058887834461538845,50.0
42,COMPLETE,"[14.0, 5.971655731642127]",2025-10-24T04:03:43.103848,2025-10-24T04:11:43.920385,480.816537,0.05334165307034619,0.2,0.008,50.0
43,COMPLETE,"[45.0, 5.720964606018626]",2025-10-24T04:11:43.931395,2025-10-24T04:19:44.303534,480.372139,0.052175522833586306,0.2,0.003035763654178975,50.0
44,COMPLETE,"[34.0, 5.918521308511368]",2025-10-24T04:19:44.314544,2025-10-24T04:27:46.831599,482.517055,0.05226664449097593,0.2,0.004723529518696449,50.0
45,COMPLETE,"[44.0, 5.699368502511039]",2025-10-24T04:27:46.842609,2025-10-24T04:35:47.348922,480.506313,0.05225338799937869,0.2,0.0029758508200323115,50.0
46,COMPLETE,"[46.0, 5.635330733696552]",2025-10-24T04:35:47.359931,2025-10-24T04:43:47.782116,480.422185,0.05227401634811502,0.2,0.0029011634257547847,50.0
47,COMPLETE,"[108.0, 4.806122556570095]",2025-10-24T04:43:47.793125,2025-10-24T04:51:52.962551,485.169426,0.03901147751076392,0.2,0.001,50.0
48,COMPLETE,"[112.0, 5.037292242762424]",2025-10-24T04:51:52.972559,2025-10-24T04:59:58.171473,485.198914,0.04621282035806152,0.2,0.001,50.0
49,COMPLETE,"[100.0, 5.184072239102501]",2025-10-24T04:59:58.182483,2025-10-24T05:08:00.662850,482.480367,0.04943586306362595,0.2,0.001,50.0
50,COMPLETE,"[5.0, 0.0]",2025-10-24T05:08:00.673859,2025-10-24T05:15:57.082458,476.408599,0.17686418043125504,0.2,0.008,50.0
51,COMPLETE,"[96.0, 5.323071688481444]",2025-10-24T05:15:57.093468,2025-10-24T05:23:53.726278,476.63281,0.04970734996106536,0.2,0.0013477182290630785,50.0
52,COMPLETE,"[77.0, 5.451878791282407]",2025-10-24T05:23:53.737288,2025-10-24T05:31:49.255092,475.517804,0.050251337903265504,0.2,0.001974596966939574,50.0
53,PRUNED,,2025-10-24T05:31:49.265100,2025-10-24T05:39:45.202138,475.937038,0.197033160474632,0.2,0.001,50.0
54,PRUNED,,2025-10-24T05:39:45.212147,2025-10-24T05:47:40.722379,475.510232,0.19435677211789498,0.2,0.001,50.0
55,COMPLETE,"[110.0, 5.113561623752281]",2025-10-24T05:47:40.733388,2025-10-24T05:55:35.896875,475.163487,0.04742872420322268,0.2,0.001,50.0
56,COMPLETE,"[2.0, 0.0]",2025-10-24T05:55:35.908886,2025-10-24T06:03:31.207493,475.298607,0.4460786268352555,0.2,0.001,50.0
57,COMPLETE,"[70.0, 5.621210980398605]",2025-10-24T06:03:31.217502,2025-10-24T06:11:26.790354,475.572852,0.050316781997511335,0.2,0.0022549560963651934,50.0
58,COMPLETE,"[0.0, 0.0]",2025-10-24T06:11:26.801364,2025-10-24T06:19:22.680490,475.879126,0.19192773187053205,0.2,0.001,50.0
59,COMPLETE,"[82.0, 5.424844120940072]",2025-10-24T06:19:22.691499,2025-10-24T06:27:19.813736,477.122237,0.0498230458041886,0.2,0.001672744909471793,50.0
60,COMPLETE,"[106.0, 5.1659526168532155]",2025-10-24T06:27:19.823744,2025-10-24T06:35:17.236240,477.412496,0.04860992379071759,0.2,0.001,50.0
61,COMPLETE,"[86.0, 5.508917108383584]",2025-10-24T06:35:17.247250,2025-10-24T06:43:14.734813,477.487563,0.04977955958334578,0.2,0.0015716361241841026,50.0
62,COMPLETE,"[97.0, 5.212690685623505]",2025-10-24T06:43:14.745822,2025-10-24T06:51:12.769864,478.024042,0.04920072017046546,0.2,0.0010184353762875999,50.0
63,COMPLETE,"[98.0, 5.2328688182852945]",2025-10-24T06:51:12.781875,2025-10-24T06:59:11.227294,478.445419,0.04896960453489641,0.2,0.001032548994050091,50.0
64,COMPLETE,"[50.0, 5.608260233808121]",2025-10-24T06:59:11.238303,2025-10-24T07:07:09.445509,478.207206,0.049444938225050944,0.2,0.0032014774279435273,50.0
65,COMPLETE,"[36.0, 5.842729377845222]",2025-10-24T07:07:09.456519,2025-10-24T07:15:07.784832,478.328313,0.04867125565114971,0.2,0.004744115293249841,50.0
66,COMPLETE,"[109.0, 4.896036087078211]",2025-10-24T07:15:07.795842,2025-10-24T07:23:10.392971,482.597129,0.04114596661528669,0.2,0.001,50.0
67,COMPLETE,"[110.0, 4.904028679490662]",2025-10-24T07:23:10.403979,2025-10-24T07:31:12.966075,482.562096,0.041344039610041176,0.2,0.001,50.0
68,COMPLETE,"[7.0, 0.0]",2025-10-24T07:31:12.977085,2025-10-24T07:39:18.133499,485.156414,0.14164098366118003,0.2,0.001,50.0
69,COMPLETE,"[104.0, 5.176606680839849]",2025-10-24T07:39:18.144508,2025-10-24T07:47:24.531021,486.386513,0.04897963734443098,0.2,0.001,50.0
70,COMPLETE,"[51.0, 5.659504015578856]",2025-10-24T07:47:24.541030,2025-10-24T07:55:29.999714,485.458684,0.049771156422368734,0.2,0.003155737255964676,50.0
71,COMPLETE,"[1.0, 0.0]",2025-10-24T07:55:30.010723,2025-10-24T08:03:35.327280,485.316557,0.45195975816268147,0.2,0.008,50.0
72,COMPLETE,"[102.0, 5.184107974108592]",2025-10-24T08:03:35.337289,2025-10-24T08:11:41.037188,485.699899,0.04924748874855643,0.2,0.001,50.0
73,COMPLETE,"[111.0, 4.933760542027777]",2025-10-24T08:11:41.048198,2025-10-24T08:19:48.698840,487.650642,0.0416882889892004,0.2,0.001,50.0
74,COMPLETE,"[5.0, 0.0]",2025-10-24T08:19:48.708849,2025-10-24T08:27:54.254610,485.545761,0.22859437508282748,0.2,0.008,50.0
75,COMPLETE,"[110.0, 4.934059501560382]",2025-10-24T08:27:54.265620,2025-10-24T08:36:00.634117,486.368497,0.0417037095568735,0.2,0.001,50.0
76,COMPLETE,"[97.0, 5.212502920771588]",2025-10-24T08:36:00.644125,2025-10-24T08:44:07.109709,486.465584,0.049286972890091894,0.2,0.0010159469236072699,50.0
77,COMPLETE,"[97.0, 5.21504281957969]",2025-10-24T08:44:07.120718,2025-10-24T08:52:13.659367,486.538649,0.04915494146206558,0.2,0.0010243054082994614,50.0
78,COMPLETE,"[25.0, 5.823811294496602]",2025-10-24T08:52:13.669376,2025-10-24T09:00:19.135066,485.46569,0.050192306403204205,0.2,0.006687309740160176,50.0
79,COMPLETE,"[94.0, 5.257284544794086]",2025-10-24T09:00:19.145074,2025-10-24T09:08:24.938058,485.792984,0.048861332791931486,0.2,0.001057588278538861,50.0
80,COMPLETE,"[98.0, 5.230580734035724]",2025-10-24T09:08:24.948066,2025-10-24T09:16:26.717454,481.769388,0.04891239854074481,0.2,0.0010307041905168533,50.0
81,COMPLETE,"[101.0, 5.231355051038829]",2025-10-24T09:16:26.728463,2025-10-24T09:24:23.686553,476.95809,0.04888260607233466,0.2,0.0010283865590926464,50.0
82,COMPLETE,"[106.0, 4.862146460087443]",2025-10-24T09:24:23.697563,2025-10-24T09:32:20.852829,477.155266,0.04029468835708163,0.2,0.001,50.0
83,COMPLETE,"[50.0, 5.586334683337119]",2025-10-24T09:32:20.862837,2025-10-24T09:40:18.524375,477.661538,0.0497202674352899,0.2,0.003295494784930351,50.0
84,COMPLETE,"[24.0, 5.308245429011052]",2025-10-24T09:40:18.534384,2025-10-24T09:48:15.341470,476.807086,0.03228164181395795,0.2,0.008,50.0
85,COMPLETE,"[2.0, 0.0]",2025-10-24T09:48:15.352481,2025-10-24T09:56:11.941677,476.589196,0.3210178888011815,0.2,0.001,50.0
86,COMPLETE,"[87.0, 5.352585232259468]",2025-10-24T09:56:11.951685,2025-10-24T10:04:08.729503,476.777818,0.049608185795076476,0.2,0.0014723956123205914,50.0
87,COMPLETE,"[51.0, 5.608417258095295]",2025-10-24T10:04:08.739512,2025-10-24T10:12:05.590198,476.850686,0.04989975523116051,0.2,0.0030522691175041013,50.0
88,COMPLETE,"[37.0, 5.779959569194802]",2025-10-24T10:12:05.601208,2025-10-24T10:20:02.912617,477.311409,0.049080202089378286,0.2,0.004518180343325977,50.0
89,COMPLETE,"[14.0, 0.17854131341966198]",2025-10-24T10:20:02.923625,2025-10-24T10:28:00.453356,477.529731,0.13149152831270494,0.2,0.008,50.0
90,COMPLETE,"[51.0, 5.604360495477344]",2025-10-24T10:28:00.464365,2025-10-24T10:35:58.027998,477.563633,0.0501518800693497,0.2,0.0030060119743111355,50.0
91,COMPLETE,"[26.0, 5.917102479243596]",2025-10-24T10:35:58.039008,2025-10-24T10:43:55.383443,477.344435,0.05044802449458524,0.2,0.006864605672379674,50.0
92,COMPLETE,"[89.0, 5.32028620050068]",2025-10-24T10:43:55.394453,2025-10-24T10:51:53.439514,478.045061,0.04985255223704177,0.2,0.0014235889084184615,50.0
93,COMPLETE,"[50.0, 5.589543246468298]",2025-10-24T10:51:53.451524,2025-10-24T10:59:51.934976,478.483452,0.050008887570610276,0.2,0.0032884632415374213,50.0
94,COMPLETE,"[25.0, 5.875669319054649]",2025-10-24T10:59:51.945986,2025-10-24T11:07:50.155194,478.209208,0.05044975106771894,0.2,0.006905012265950074,50.0
95,COMPLETE,"[89.0, 5.317587075237824]",2025-10-24T11:07:50.165202,2025-10-24T11:15:47.939021,477.773819,0.04990425310188041,0.2,0.0014191123669586023,50.0
96,COMPLETE,"[51.0, 5.600855229303085]",2025-10-24T11:15:47.950031,2025-10-24T11:23:46.359417,478.409386,0.050075253859078905,0.2,0.003294485772574833,50.0
97,COMPLETE,"[98.0, 5.261181741396533]",2025-10-24T11:23:46.370427,2025-10-24T11:31:44.782815,478.412388,0.04958463029794478,0.2,0.0010618990249407479,50.0
98,COMPLETE,"[90.0, 5.338892488582717]",2025-10-24T11:31:44.792824,2025-10-24T11:39:42.783837,477.991013,0.05004887034807917,0.2,0.0014016158829522095,50.0
99,COMPLETE,"[18.0, 5.952761230640736]",2025-10-24T11:39:42.794847,2025-10-24T11:47:41.486485,478.691638,0.05045256357243245,0.2,0.007796725303547999,50.0
100,COMPLETE,"[19.0, 5.919689604798223]",2025-10-24T11:47:41.496494,2025-10-24T11:55:38.435568,476.939074,0.050374572148088416,0.2,0.007813108711288624,50.0
101,COMPLETE,"[50.0, 5.603485104756338]",2025-10-24T11:55:38.446576,2025-10-24T12:03:36.508652,478.062076,0.05021701145336045,0.2,0.0032911698646697343,50.0
102,COMPLETE,"[38.0, 5.817697308534511]",2025-10-24T12:03:36.519662,2025-10-24T12:11:35.372445,478.852783,0.049307655968892604,0.2,0.004549665122619532,50.0
103,COMPLETE,"[50.0, 5.58300674360433]",2025-10-24T12:11:35.382453,2025-10-24T12:19:34.257255,478.874802,0.050171250753187846,0.2,0.0033137166190160506,50.0
104,COMPLETE,"[25.0, 5.960670969918845]",2025-10-24T12:19:34.268265,2025-10-24T12:27:36.311299,482.043034,0.05062722739353012,0.2,0.006786018712270537,50.0
105,COMPLETE,"[106.0, 5.185786685692376]",2025-10-24T12:27:36.322309,2025-10-24T12:35:36.889623,480.567314,0.04838876866332723,0.2,0.001,50.0
106,COMPLETE,"[50.0, 5.601951352128849]",2025-10-24T12:35:36.901634,2025-10-24T12:43:39.459726,482.558092,0.050272640175185415,0.2,0.0033147434780949774,50.0
107,COMPLETE,"[106.0, 5.1679684814807905]",2025-10-24T12:43:39.470736,2025-10-24T12:51:44.106685,484.635949,0.0485547384407099,0.2,0.001,50.0
108,COMPLETE,"[105.0, 5.17116399831852]",2025-10-24T12:51:44.117694,2025-10-24T12:59:47.555573,483.437879,0.0486313162073197,0.2,0.001,50.0
109,COMPLETE,"[91.0, 5.383611857598176]",2025-10-24T12:59:47.565581,2025-10-24T13:07:51.704086,484.138505,0.05073783302215962,0.2,0.0013561816051150112,50.0
110,COMPLETE,"[103.0, 5.177022077306685]",2025-10-24T13:07:51.715096,2025-10-24T13:15:55.908649,484.193553,0.04869959244315298,0.2,0.001,50.0
111,COMPLETE,"[103.0, 5.177255436688162]",2025-10-24T13:15:55.919659,2025-10-24T13:23:57.646008,481.726349,0.04872857439834964,0.2,0.001,50.0
112,COMPLETE,"[103.0, 5.177854051211135]",2025-10-24T13:23:57.657018,2025-10-24T13:32:02.737364,485.080346,0.04875463081296172,0.2,0.001,50.0
113,COMPLETE,"[103.0, 5.171725476775801]",2025-10-24T13:32:02.748373,2025-10-24T13:40:11.144682,488.396309,0.04878500089317336,0.2,0.001,50.0
114,COMPLETE,"[105.0, 5.170103397692827]",2025-10-24T13:40:11.155691,2025-10-24T13:48:19.430891,488.2752,0.04882607512355388,0.2,0.001,50.0
115,COMPLETE,"[104.0, 5.176500024654272]",2025-10-24T13:48:19.440900,2025-10-24T13:56:28.804072,489.363172,0.04889008743326881,0.2,0.001,50.0
116,COMPLETE,"[52.0, 5.625715492072653]",2025-10-24T13:56:28.815081,2025-10-24T14:04:32.066795,483.251714,0.05226677003387124,0.2,0.002709590346437063,50.0
117,COMPLETE,"[20.0, 5.990805127202728]",2025-10-24T14:04:32.076802,2025-10-24T14:12:42.090556,490.013754,0.05149412505229112,0.2,0.007522590282833326,50.0
118,COMPLETE,"[52.0, 5.6466694961055754]",2025-10-24T14:12:42.101565,2025-10-24T14:20:49.098623,486.997058,0.05240904516219694,0.2,0.002681789091452867,50.0
119,COMPLETE,"[95.0, 5.2367121591691514]",2025-10-24T14:20:49.108632,2025-10-24T14:28:56.185763,487.077131,0.05046331594741691,0.2,0.001,50.0
120,COMPLETE,"[46.0, 5.693180895366959]",2025-10-24T14:28:56.196772,2025-10-24T14:37:05.822177,489.625405,0.05220560886943779,0.2,0.0029707996384558616,50.0
121,COMPLETE,"[109.0, 4.931376273083911]",2025-10-24T14:37:05.832186,2025-10-24T14:45:14.138414,488.306228,0.04202866286566966,0.2,0.001,50.0
122,COMPLETE,"[53.0, 5.566471687261886]",2025-10-24T14:45:14.149424,2025-10-24T14:53:25.664518,491.515094,0.05262239582569205,0.2,0.0026018504042526437,50.0
123,COMPLETE,"[44.0, 5.698430705436334]",2025-10-24T14:53:25.675528,2025-10-24T15:01:30.437589,484.762061,0.05191477913817982,0.2,0.0030248637230066836,50.0
124,COMPLETE,"[105.0, 5.172309857305006]",2025-10-24T15:01:30.447598,2025-10-24T15:09:37.670859,487.223261,0.04892673034025441,0.2,0.001,50.0
125,COMPLETE,"[89.0, 5.332689061152298]",2025-10-24T15:09:37.681869,2025-10-24T15:17:45.215405,487.533536,0.05195970722819629,0.2,0.001,50.0
126,COMPLETE,"[6.0, 5.977535411635074]",2025-10-24T15:17:45.226415,2025-10-24T15:25:54.556557,489.330142,0.05628061170765891,0.2,0.008,50.0
127,COMPLETE,"[47.0, 5.638622347276697]",2025-10-24T15:25:54.567567,2025-10-24T15:34:04.112901,489.545334,0.05229113958909322,0.2,0.0029406563706095784,50.0
128,COMPLETE,"[95.0, 5.199379511518556]",2025-10-24T15:34:04.122910,2025-10-24T15:42:09.687689,485.564779,0.049943065446297084,0.2,0.001,50.0
129,COMPLETE,"[47.0, 5.689007653093959]",2025-10-24T15:42:09.698698,2025-10-24T15:50:19.892612,490.193914,0.052169781745660865,0.2,0.0029650399803819324,50.0
130,COMPLETE,"[30.0, 5.640811307119215]",2025-10-24T15:50:19.903622,2025-10-24T15:58:28.794372,488.89075,0.04388055465429904,0.2,0.005700300886796784,50.0
131,COMPLETE,"[47.0, 5.723476608706458]",2025-10-24T15:58:28.805382,2025-10-24T16:06:35.665317,486.859935,0.05142495381696912,0.2,0.003085967578770668,50.0
132,COMPLETE,"[2.0, 0.0]",2025-10-24T16:06:35.675326,2025-10-24T16:14:44.051617,488.376291,0.27418831116977344,0.2,0.008,50.0
133,COMPLETE,"[106.0, 5.169617712387981]",2025-10-24T16:14:44.061625,2025-10-24T16:22:51.025654,486.964029,0.04886829857498265,0.2,0.001,50.0
134,COMPLETE,"[104.0, 5.174604172662936]",2025-10-24T16:22:51.036663,2025-10-24T16:30:58.089772,487.053109,0.048908351104542336,0.2,0.001,50.0
135,COMPLETE,"[111.0, 4.96020605616634]",2025-10-24T16:30:58.100781,2025-10-24T16:39:06.812356,488.711575,0.042539669148159855,0.2,0.001,50.0
136,COMPLETE,"[106.0, 5.171600271328632]",2025-10-24T16:39:06.823365,2025-10-24T16:47:14.054633,487.231268,0.048939540039940096,0.2,0.001,50.0
137,COMPLETE,"[104.0, 5.176207719617379]",2025-10-24T16:47:14.064642,2025-10-24T16:55:23.403792,489.33915,0.04897807369371694,0.2,0.001,50.0
138,COMPLETE,"[47.0, 5.695946519144502]",2025-10-24T16:55:23.413801,2025-10-24T17:03:31.045426,487.631625,0.05159419701626799,0.2,0.003048298712119334,50.0
139,COMPLETE,"[53.0, 5.60968129967933]",2025-10-24T17:03:31.057436,2025-10-24T17:11:38.597283,487.539847,0.05205279473437947,0.2,0.0026892466880803034,50.0
140,COMPLETE,"[45.0, 5.708978455255445]",2025-10-24T17:11:38.607292,2025-10-24T17:19:45.171964,486.564672,0.05162117731360912,0.2,0.003040408655690168,50.0
141,COMPLETE,"[48.0, 5.673497580812447]",2025-10-24T17:19:45.182974,2025-10-24T17:27:51.269218,486.086244,0.051666149201480965,0.2,0.0030235274001236237,50.0
142,COMPLETE,"[93.0, 5.208306034971591]",2025-10-24T17:27:51.280227,2025-10-24T17:35:57.860914,486.580687,0.050012972514513594,0.2,0.001,50.0
143,COMPLETE,"[111.0, 4.941130587746968]",2025-10-24T17:35:57.871923,2025-10-24T17:44:06.310269,488.438346,0.04265299906453786,0.2,0.001,50.0
144,COMPLETE,"[110.0, 4.938425184998996]",2025-10-24T17:44:06.320278,2025-10-24T17:52:14.001948,487.68167,0.04267188353667094,0.2,0.001,50.0
145,COMPLETE,"[103.0, 5.17830018581295]",2025-10-24T17:52:14.012957,2025-10-24T18:00:19.042257,485.0293,0.0489899504829759,0.2,0.001,50.0
146,COMPLETE,"[111.0, 4.944588217089411]",2025-10-24T18:00:19.053267,2025-10-24T18:08:23.246820,484.193553,0.04271930788660331,0.2,0.001,50.0
147,COMPLETE,"[53.0, 5.645350374734765]",2025-10-24T18:08:23.258831,2025-10-24T18:16:27.349292,484.090461,0.05222904020407739,0.2,0.0026513274933551937,50.0
148,COMPLETE,"[25.0, 5.969789478566309]",2025-10-24T18:16:27.359301,2025-10-24T18:24:34.683652,487.324351,0.05296212356420056,0.2,0.005906092755085044,50.0
149,COMPLETE,"[111.0, 4.942129022737417]",2025-10-24T18:24:34.693660,2025-10-24T18:32:42.686609,487.992949,0.04277723568248472,0.2,0.001,50.0
150,COMPLETE,"[27.0, 5.982645852876276]",2025-10-24T18:32:42.697618,2025-10-24T18:40:50.543434,487.845816,0.05272695058973269,0.2,0.005794805442929727,50.0
151,COMPLETE,"[46.0, 5.64316439089486]",2025-10-24T18:40:50.553443,2025-10-24T18:48:57.405371,486.851928,0.05229309301458855,0.2,0.0028729639499129,50.0
152,COMPLETE,"[29.0, 5.927425530678619]",2025-10-24T18:48:57.416381,2025-10-24T18:57:06.062913,488.646532,0.052734606221040634,0.2,0.005285765367725815,50.0
153,COMPLETE,"[28.0, 5.882911404914994]",2025-10-24T18:57:06.073923,2025-10-24T19:05:13.782616,487.708693,0.052878542572706425,0.2,0.005298769687634497,50.0
154,COMPLETE,"[30.0, 5.952109405792272]",2025-10-24T19:05:13.793626,2025-10-24T19:13:21.864643,488.071017,0.05276439647601653,0.2,0.005389564183351576,50.0
155,COMPLETE,"[76.0, 5.439667307625098]",2025-10-24T19:13:21.874652,2025-10-24T19:21:30.110818,488.236166,0.05190949257049472,0.2,0.0018831984394958813,50.0
156,COMPLETE,"[111.0, 4.941799062427139]",2025-10-24T19:21:30.120826,2025-10-24T19:29:38.313953,488.193127,0.042764944028794015,0.2,0.001,50.0
157,COMPLETE,"[21.0, 5.916785545471804]",2025-10-24T19:29:38.324962,2025-10-24T19:37:47.512978,489.188016,0.05475807863485617,0.2,0.006198638141055886,50.0
158,COMPLETE,"[39.0, 5.853605730717108]",2025-10-24T19:37:47.524988,2025-10-24T19:45:57.216454,489.691466,0.05053648487978753,0.2,0.0042059576248679505,50.0
159,COMPLETE,"[74.0, 5.428257384718179]",2025-10-24T19:45:57.227463,2025-10-24T19:54:07.169152,489.941689,0.05198960766728738,0.2,0.0019082885229673365,50.0
160,COMPLETE,"[112.0, 4.942984700712145]",2025-10-24T19:54:07.182163,2025-10-24T20:02:17.561242,490.379079,0.04282336599633274,0.2,0.001,50.0
161,COMPLETE,"[112.0, 4.946061393737818]",2025-10-24T20:02:17.572252,2025-10-24T20:10:23.505360,485.933108,0.042850055437772976,0.2,0.001,50.0
162,COMPLETE,"[112.0, 4.951143467134373]",2025-10-24T20:10:23.516369,2025-10-24T20:18:31.899666,488.383297,0.04287350631273583,0.2,0.001,50.0
163,COMPLETE,"[1.0, 0.0]",2025-10-24T20:18:31.909675,2025-10-24T20:26:42.186663,490.276988,0.280548847409053,0.2,0.001,50.0
164,COMPLETE,"[103.0, 5.1766259575135685]",2025-10-24T20:26:42.196672,2025-10-24T20:34:50.897252,488.70058,0.04900020453991944,0.2,0.001,50.0
165,COMPLETE,"[102.0, 5.178010640777132]",2025-10-24T20:34:50.908261,2025-10-24T20:42:57.816240,486.907979,0.04901382817777419,0.2,0.001,50.0
166,COMPLETE,"[102.0, 5.180160067683158]",2025-10-24T20:42:57.827250,2025-10-24T20:51:08.614694,490.787444,0.0490218245561183,0.2,0.001,50.0
167,COMPLETE,"[111.0, 4.950997838581724]",2025-10-24T20:51:08.624703,2025-10-24T20:59:16.108195,487.483492,0.042932162303222755,0.2,0.001,50.0
168,COMPLETE,"[0.0, 0.0]",2025-10-24T20:59:16.119205,2025-10-24T21:07:22.974136,486.854931,0.23128868856535142,0.2,0.001,50.0
169,COMPLETE,"[101.0, 5.182522892688487]",2025-10-24T21:07:22.984145,2025-10-24T21:15:31.358433,488.374288,0.049025638436367515,0.2,0.001,50.0
170,COMPLETE,"[101.0, 5.1825631033950215]",2025-10-24T21:15:31.369443,2025-10-24T21:23:38.073239,486.703796,0.04902695872756068,0.2,0.001,50.0
171,COMPLETE,"[111.0, 4.94907364058294]",2025-10-24T21:23:38.084249,2025-10-24T21:31:47.105115,489.020866,0.04290748021043926,0.2,0.001,50.0
172,COMPLETE,"[103.0, 5.181138494179459]",2025-10-24T21:31:47.115124,2025-10-24T21:39:52.840045,485.724921,0.04903195157389473,0.2,0.001,50.0
173,COMPLETE,"[110.0, 4.950930565841752]",2025-10-24T21:39:52.850054,2025-10-24T21:47:58.480892,485.630838,0.0429607309819862,0.2,0.001,50.0
174,COMPLETE,"[101.0, 5.182974334712124]",2025-10-24T21:47:58.494904,2025-10-24T21:56:04.371961,485.877057,0.049044018587191436,0.2,0.001,50.0
175,COMPLETE,"[47.0, 5.601508370099168]",2025-10-24T21:56:04.382971,2025-10-24T22:04:11.091772,486.708801,0.051972256717614546,0.2,0.0029264113087440753,50.0
176,COMPLETE,"[39.0, 5.727743233814088]",2025-10-24T22:04:11.101781,2025-10-24T22:12:17.480286,486.378505,0.05086172644709127,0.2,0.004074878200540868,50.0
177,COMPLETE,"[112.0, 4.94802453962151]",2025-10-24T22:12:17.491296,2025-10-24T22:20:25.647390,488.156094,0.043014248631327606,0.2,0.001,50.0
178,COMPLETE,"[111.0, 4.941621382020896]",2025-10-24T22:20:25.658399,2025-10-24T22:28:28.897126,483.238727,0.04305292913136965,0.2,0.001,50.0
179,COMPLETE,"[105.0, 5.089059969437628]",2025-10-24T22:28:28.908134,2025-10-24T22:36:31.481045,482.572911,0.04727979890090701,0.2,0.001,50.0
180,COMPLETE,"[34.0, 5.898081749284781]",2025-10-24T22:36:31.492055,2025-10-24T22:44:36.169041,484.676986,0.05161670622421022,0.2,0.004647672741285776,50.0
181,COMPLETE,"[73.0, 5.418578038869858]",2025-10-24T22:44:36.180050,2025-10-24T22:52:43.404312,487.224262,0.0520781785844875,0.2,0.0019187967209376988,50.0
182,COMPLETE,"[96.0, 5.2414869646366435]",2025-10-24T22:52:43.414320,2025-10-24T23:00:51.088983,487.674663,0.04976839449381139,0.2,0.0010447993742613295,50.0
183,COMPLETE,"[38.0, 5.718996563284958]",2025-10-24T23:00:51.098992,2025-10-24T23:08:59.694478,488.595486,0.05088818951853132,0.2,0.00406511298410769,50.0
184,COMPLETE,"[102.0, 5.180578302676154]",2025-10-24T23:08:59.705488,2025-10-24T23:17:08.273950,488.568462,0.04903437728675407,0.2,0.001,50.0
185,COMPLETE,"[38.0, 5.727469778818519]",2025-10-24T23:17:08.284959,2025-10-24T23:25:17.959409,489.67445,0.05085198755792682,0.2,0.004065801428016536,50.0
186,COMPLETE,"[96.0, 5.239145668236194]",2025-10-24T23:25:17.969418,2025-10-24T23:33:25.235717,487.266299,0.049812954830708474,0.2,0.0010336192805664411,50.0
187,COMPLETE,"[20.0, 5.968332328785058]",2025-10-24T23:33:25.246726,2025-10-24T23:41:32.780264,487.533538,0.053290716558221964,0.2,0.006891927285850044,50.0
188,COMPLETE,"[102.0, 5.18201839418644]",2025-10-24T23:41:32.791273,2025-10-24T23:49:40.687134,487.895861,0.04903020370713003,0.2,0.001,50.0
189,COMPLETE,"[102.0, 5.180693969189071]",2025-10-24T23:49:40.698144,2025-10-24T23:57:50.538743,489.840599,0.04903659325613565,0.2,0.001,50.0
190,COMPLETE,"[111.0, 4.942504223141409]",2025-10-24T23:57:50.549752,2025-10-25T00:05:58.734871,488.185119,0.04310353774599407,0.2,0.001,50.0
191,COMPLETE,"[95.0, 5.24586701758116]",2025-10-25T00:05:58.744880,2025-10-25T00:14:07.785764,489.040884,0.048806949345654056,0.2,0.0010409668196367967,50.0
192,COMPLETE,"[38.0, 5.810979640092815]",2025-10-25T00:14:07.796774,2025-10-25T00:22:16.869686,489.072912,0.050509921140685636,0.2,0.004136755077404898,50.0
193,COMPLETE,"[99.0, 5.217935582729131]",2025-10-25T00:22:16.880696,2025-10-25T00:30:23.323259,486.442563,0.04891669480963609,0.2,0.0010178588749897915,50.0
194,COMPLETE,"[74.0, 5.432008051470058]",2025-10-25T00:30:23.333268,2025-10-25T00:38:29.937975,486.604707,0.052076791084427435,0.2,0.0019344507912259137,50.0
195,COMPLETE,"[38.0, 5.746181901115623]",2025-10-25T00:38:29.948985,2025-10-25T00:46:35.656891,485.707906,0.050762404680076235,0.2,0.0040726517909525336,50.0
196,COMPLETE,"[107.0, 5.095962221143614]",2025-10-25T00:46:35.666900,2025-10-25T00:54:45.484478,489.817578,0.04719328856038532,0.2,0.001,50.0
197,COMPLETE,"[46.0, 5.606832600319856]",2025-10-25T00:54:45.494487,2025-10-25T01:02:51.782912,486.288425,0.05201414231852791,0.2,0.0029262457608405,50.0
198,COMPLETE,"[106.0, 5.093482897245054]",2025-10-25T01:02:51.792920,2025-10-25T01:10:57.490818,485.697898,0.04721016544577133,0.2,0.001,50.0
199,COMPLETE,"[111.0, 4.9422770028259535]",2025-10-25T01:10:57.501828,2025-10-25T01:19:01.337061,483.835233,0.04280382062856356,0.2,0.001,50.0
200,COMPLETE,"[102.0, 5.179267310502191]",2025-10-25T01:19:01.349072,2025-10-25T01:27:08.213011,486.863939,0.049009346684774316,0.2,0.001,50.0
201,COMPLETE,"[101.0, 5.173501038330704]",2025-10-25T01:27:08.224020,2025-10-25T01:35:15.133000,486.90898,0.04898196901171863,0.2,0.001006765685391505,50.0
202,COMPLETE,"[37.0, 5.8107435184489225]",2025-10-25T01:35:15.143009,2025-10-25T01:43:23.601372,488.458363,0.05054288303653613,0.2,0.004118448650758656,50.0
203,COMPLETE,"[100.0, 5.2173897908911275]",2025-10-25T01:43:23.611381,2025-10-25T01:51:28.004112,484.392731,0.04890702503970032,0.2,0.001019863092653397,50.0
204,COMPLETE,"[112.0, 4.943809243463933]",2025-10-25T01:51:28.014121,2025-10-25T01:59:31.519060,483.504939,0.04282069630292489,0.2,0.001,50.0
205,COMPLETE,"[112.0, 4.946070207433609]",2025-10-25T01:59:31.529068,2025-10-25T02:07:40.522911,488.993843,0.04285025789876365,0.2,0.001,50.0
206,COMPLETE,"[73.0, 5.438886261432918]",2025-10-25T02:07:40.533920,2025-10-25T02:15:48.917216,488.383296,0.052164627493710224,0.2,0.0019458567052260938,50.0
207,COMPLETE,"[102.0, 5.179519500707369]",2025-10-25T02:15:48.928226,2025-10-25T02:23:55.820190,486.891964,0.04897851398669414,0.2,0.0010055131780642144,50.0
208,COMPLETE,"[101.0, 5.178272415485301]",2025-10-25T02:23:55.830199,2025-10-25T02:31:59.276085,483.445886,0.04894385399746358,0.2,0.0010121947039674949,50.0
209,COMPLETE,"[102.0, 5.2169239128448615]",2025-10-25T02:31:59.286094,2025-10-25T02:40:02.007332,482.721238,0.04890730020749236,0.2,0.0010185060220095287,50.0
210,COMPLETE,"[106.0, 5.091277331469302]",2025-10-25T02:40:02.017341,2025-10-25T02:48:04.691537,482.674196,0.04726683574531528,0.2,0.001,50.0
211,COMPLETE,"[70.0, 5.462863495128135]",2025-10-25T02:48:04.703548,2025-10-25T02:56:07.441801,482.738253,0.052224291423649566,0.2,0.001960797046030749,50.0
212,COMPLETE,"[113.0, 4.948696588506925]",2025-10-25T02:56:07.452811,2025-10-25T03:04:11.788831,484.33602,0.043022552775389036,0.2,0.001,50.0
213,COMPLETE,"[105.0, 5.089672455612308]",2025-10-25T03:04:11.799841,2025-10-25T03:12:18.635755,486.835914,0.0472831264308486,0.2,0.001,50.0
214,COMPLETE,"[105.0, 5.089512584427385]",2025-10-25T03:12:18.646764,2025-10-25T03:20:23.816190,485.169426,0.04728155161507607,0.2,0.001,50.0
215,COMPLETE,"[40.0, 5.713513722361985]",2025-10-25T03:20:23.827199,2025-10-25T03:28:31.027440,487.200241,0.050773629932451735,0.2,0.004055648561918332,50.0
216,COMPLETE,"[105.0, 5.088867638465439]",2025-10-25T03:28:31.038449,2025-10-25T03:36:38.095560,487.057111,0.04728806097123377,0.2,0.001,50.0
217,COMPLETE,"[39.0, 5.696892823064507]",2025-10-25T03:36:38.106570,2025-10-25T03:44:45.319822,487.213252,0.0508763871970859,0.2,0.004043401016700469,50.0
218,COMPLETE,"[40.0, 5.683298855771826]",2025-10-25T03:44:45.330831,2025-10-25T03:52:52.888390,487.557559,0.05098799759466914,0.2,0.004032881631121061,50.0
219,COMPLETE,"[8.0, 0.0]",2025-10-25T03:52:52.899399,2025-10-25T04:01:01.332741,488.433342,0.15061226763976043,0.2,0.004647541283726651,50.0
220,COMPLETE,"[20.0, 5.9456235738554675]",2025-10-25T04:01:01.343750,2025-10-25T04:09:09.463812,488.120062,0.053295932736916456,0.2,0.006880086886006097,50.0
221,COMPLETE,"[105.0, 5.088826995062585]",2025-10-25T04:09:09.474821,2025-10-25T04:17:23.796423,494.321602,0.04726213345796828,0.2,0.001,50.0
222,COMPLETE,"[94.0, 5.205224217989758]",2025-10-25T04:17:23.807432,2025-10-25T04:25:31.506117,487.698685,0.049960162865776654,0.2,0.001,50.0
223,COMPLETE,"[20.0, 5.949834863406583]",2025-10-25T04:25:31.516126,2025-10-25T04:33:40.748181,489.232055,0.0532291488120249,0.2,0.0069880980150077016,50.0
224,COMPLETE,"[19.0, 5.9940818955414095]",2025-10-25T04:33:40.758190,2025-10-25T04:41:49.700986,488.942796,0.05066049680187259,0.2,0.008,50.0
225,COMPLETE,"[8.0, 5.992140471508229]",2025-10-25T04:41:49.710995,2025-10-25T04:49:56.393773,486.682778,0.05576252148486654,0.2,0.008,50.0
226,COMPLETE,"[1.0, 0.0]",2025-10-25T04:49:56.404782,2025-10-25T04:58:05.478695,489.073913,0.40987103198893554,0.2,0.001,50.0
227,COMPLETE,"[55.0, 5.553339013096738]",2025-10-25T04:58:05.489705,2025-10-25T05:06:14.323404,488.833699,0.05289690018891909,0.2,0.0025538183055248305,50.0
228,COMPLETE,"[73.0, 5.475978599658727]",2025-10-25T05:06:14.334413,2025-10-25T05:14:21.319461,486.985048,0.05219356072169981,0.2,0.00197542342758168,50.0
229,COMPLETE,"[105.0, 5.087573977457888]",2025-10-25T05:14:21.330471,2025-10-25T05:22:27.775035,486.444564,0.047259463480958955,0.2,0.001,50.0
230,COMPLETE,"[48.0, 5.737912159382531]",2025-10-25T05:22:27.785044,2025-10-25T05:30:33.564014,485.77897,0.04916853428466991,0.2,0.00352554393782255,50.0
231,COMPLETE,"[105.0, 5.087999739064128]",2025-10-25T05:30:33.577025,2025-10-25T05:38:42.831100,489.254075,0.0472490145997561,0.2,0.001,50.0
232,COMPLETE,"[50.0, 5.73247274390828]",2025-10-25T05:38:42.841108,2025-10-25T05:46:46.936574,484.095466,0.04919458815735987,0.2,0.0034904166685117426,50.0
233,COMPLETE,"[40.0, 5.684407148178765]",2025-10-25T05:46:46.946583,2025-10-25T05:54:51.673613,484.72703,0.05096748309491753,0.2,0.004032406882965793,50.0
234,COMPLETE,"[73.0, 5.49463365499771]",2025-10-25T05:54:51.684623,2025-10-25T06:02:55.017407,483.332784,0.051980725398351156,0.2,0.00202697658680243,50.0
235,COMPLETE,"[39.0, 5.685099544668751]",2025-10-25T06:02:55.028417,2025-10-25T06:10:58.380219,483.351802,0.05126630250600103,0.2,0.0039898744015502245,50.0
236,COMPLETE,"[19.0, 5.971791505126289]",2025-10-25T06:10:58.391229,2025-10-25T06:19:02.988142,484.596913,0.05236106578194199,0.2,0.007222996837094267,50.0
237,COMPLETE,"[19.0, 5.96373484196746]",2025-10-25T06:19:02.998151,2025-10-25T06:27:10.953065,487.954914,0.0506084001991147,0.2,0.008,50.0
238,COMPLETE,"[72.0, 5.509341573868351]",2025-10-25T06:27:10.964075,2025-10-25T06:35:15.982365,485.01829,0.051994509179363324,0.2,0.002034551638953729,50.0
239,COMPLETE,"[70.0, 5.51357039141078]",2025-10-25T06:35:15.993375,2025-10-25T06:43:28.175064,492.181689,0.05200811400571406,0.2,0.0020371421044894835,50.0
240,COMPLETE,"[5.0, 1.6596760388350504]",2025-10-25T06:43:28.187075,2025-10-25T06:51:37.075823,488.888748,0.5,0.2,0.00449979703403648,50.0
241,COMPLETE,"[71.0, 5.520947676341759]",2025-10-25T06:51:37.085832,2025-10-25T06:59:41.116240,484.030408,0.051939706445468685,0.2,0.002039240794761293,50.0
242,COMPLETE,"[19.0, 5.988742073307849]",2025-10-25T06:59:41.127249,2025-10-25T07:07:44.954475,483.827226,0.05074525140674886,0.2,0.008,50.0
243,COMPLETE,"[3.0, 5.932008990624622]",2025-10-25T07:07:44.965485,2025-10-25T07:15:48.469286,483.503801,0.05703344055968954,0.2,0.008,50.0
244,COMPLETE,"[70.0, 5.514194310840914]",2025-10-25T07:15:48.479295,2025-10-25T07:23:51.780050,483.300755,0.05195693577171297,0.2,0.002010060363579477,50.0
245,COMPLETE,"[70.0, 5.511329728575071]",2025-10-25T07:23:51.791060,2025-10-25T07:31:56.974498,485.183438,0.05194432459426194,0.2,0.002006618599215532,50.0
246,COMPLETE,"[19.0, 6.000923585592709]",2025-10-25T07:31:56.984507,2025-10-25T07:40:05.929305,488.944798,0.05075666971257207,0.2,0.008,50.0
247,COMPLETE,"[106.0, 5.089637400211581]",2025-10-25T07:40:05.939314,2025-10-25T07:48:12.682145,486.742831,0.047276375546370306,0.2,0.001,50.0
248,COMPLETE,"[105.0, 5.089726327531609]",2025-10-25T07:48:12.693154,2025-10-25T07:56:20.647067,487.953913,0.04728482649080452,0.2,0.001,50.0
249,COMPLETE,"[71.0, 5.492521195564175]",2025-10-25T07:56:20.658077,2025-10-25T08:04:30.136351,489.478274,0.05202398103020617,0.2,0.001989733732745295,50.0
250,COMPLETE,"[71.0, 5.487565949261247]",2025-10-25T08:04:30.147361,2025-10-25T08:12:37.743955,487.596594,0.052033437355526735,0.2,0.001991327094969586,50.0
251,COMPLETE,"[20.0, 6.031657740283473]",2025-10-25T08:12:37.753964,2025-10-25T08:20:45.544732,487.790768,0.05009746519637852,0.2,0.008,50.0
252,COMPLETE,"[71.0, 5.512121839434451]",2025-10-25T08:20:45.554740,2025-10-25T08:28:54.537572,488.982832,0.051989258665092984,0.2,0.0019985572201469516,50.0
253,COMPLETE,"[40.0, 5.6899770118169695]",2025-10-25T08:28:54.548583,2025-10-25T08:37:04.342138,489.793555,0.05114015350727831,0.2,0.004025391943694986,50.0
254,COMPLETE,"[71.0, 5.501955965444649]",2025-10-25T08:37:04.353147,2025-10-25T08:45:16.656946,492.303799,0.051949831962296654,0.2,0.0019999530828538788,50.0
255,COMPLETE,"[6.0, 0.0]",2025-10-25T08:45:16.667956,2025-10-25T08:53:26.529573,489.861617,0.20564550443403423,0.2,0.004729987493042872,50.0
256,COMPLETE,"[105.0, 5.089691035961109]",2025-10-25T08:53:26.540583,2025-10-25T09:01:36.945685,490.405102,0.04728371274447095,0.2,0.001,50.0
257,COMPLETE,"[106.0, 5.08932960946996]",2025-10-25T09:01:36.956695,2025-10-25T09:09:46.650162,489.693467,0.04727884740607288,0.2,0.001,50.0
258,COMPLETE,"[72.0, 5.48973604492509]",2025-10-25T09:09:46.663174,2025-10-25T09:17:56.254549,489.591375,0.052014308302502844,0.2,0.0019903200530687008,50.0
259,COMPLETE,"[72.0, 5.489486516173939]",2025-10-25T09:17:56.264558,2025-10-25T09:26:02.828229,486.563671,0.05200508042060492,0.2,0.0019916804980786244,50.0
260,COMPLETE,"[106.0, 5.0906289587448255]",2025-10-25T09:26:02.839239,2025-10-25T09:34:12.172383,489.333144,0.047292533828535606,0.2,0.001,50.0
261,COMPLETE,"[18.0, 6.008597717563162]",2025-10-25T09:34:12.183393,2025-10-25T09:42:19.171443,486.98805,0.04973000690147238,0.2,0.008,50.0
262,COMPLETE,"[18.0, 6.004824495659953]",2025-10-25T09:42:19.182453,2025-10-25T09:50:25.975329,486.792876,0.04970018510424298,0.2,0.008,50.0
263,COMPLETE,"[72.0, 5.4896828081369105]",2025-10-25T09:50:25.986338,2025-10-25T09:58:35.537678,489.55134,0.05201335469430621,0.2,0.0019924990877002433,50.0
264,COMPLETE,"[19.0, 6.022404187012945]",2025-10-25T09:58:35.548688,2025-10-25T10:06:40.156612,484.607924,0.049592524332725645,0.2,0.008,50.0
265,COMPLETE,"[13.0, 5.9396426354438665]",2025-10-25T10:06:40.167621,2025-10-25T10:14:44.818584,484.650963,0.05348291222644245,0.2,0.008,50.0
266,COMPLETE,"[71.0, 5.502397336265078]",2025-10-25T10:14:44.828592,2025-10-25T10:22:50.101111,485.272519,0.05195836624954234,0.2,0.002004465211163667,50.0
267,COMPLETE,"[19.0, 6.033334572828653]",2025-10-25T10:22:50.111119,2025-10-25T10:30:53.771196,483.660077,0.049528540602327746,0.2,0.008,50.0
268,COMPLETE,"[20.0, 6.028615027733124]",2025-10-25T10:30:53.783206,2025-10-25T10:38:58.856546,485.07334,0.04942642071108445,0.2,0.008,50.0
269,COMPLETE,"[106.0, 5.090669027550686]",2025-10-25T10:38:58.866555,2025-10-25T10:47:03.167204,484.300649,0.04729427687427164,0.2,0.001,50.0
270,COMPLETE,"[21.0, 6.032699765019362]",2025-10-25T10:47:03.178214,2025-10-25T10:55:04.653352,481.475138,0.04936607935110974,0.2,0.008,50.0
271,COMPLETE,"[51.0, 5.6745828909651825]",2025-10-25T10:55:04.664361,2025-10-25T11:03:08.223673,483.559312,0.04759946245736454,0.2,0.0035864794510733888,50.0
272,COMPLETE,"[51.0, 5.655105376471479]",2025-10-25T11:03:08.233682,2025-10-25T11:11:12.425299,484.191617,0.046816640124698314,0.2,0.003492904533838293,50.0
273,COMPLETE,"[4.0, 0.0]",2025-10-25T11:11:12.436310,2025-10-25T11:19:17.184397,484.748087,0.43719880136543066,0.2,0.004546776113265793,50.0
274,COMPLETE,"[52.0, 5.66579183236306]",2025-10-25T11:19:17.198409,2025-10-25T11:27:23.923646,486.725237,0.04690099767132922,0.2,0.0034619864910794425,50.0
275,COMPLETE,"[52.0, 5.663496735440734]",2025-10-25T11:27:23.933656,2025-10-25T11:35:30.288140,486.354484,0.04667809410186989,0.2,0.0034592782234318838,50.0
276,COMPLETE,"[37.0, 5.7365175043964225]",2025-10-25T11:35:30.298149,2025-10-25T11:43:38.889631,488.591482,0.04968299420127609,0.2,0.00427147547981691,50.0
277,COMPLETE,"[52.0, 5.657705947860633]",2025-10-25T11:43:38.900640,2025-10-25T11:51:46.669388,487.768748,0.04673503253906865,0.2,0.0034280076792193434,50.0
278,COMPLETE,"[56.0, 5.545100885197675]",2025-10-25T11:51:46.679397,2025-10-25T11:59:55.060692,488.381295,0.03993574876346128,0.2,0.003842167969926285,50.0
279,COMPLETE,"[53.0, 5.64676813310286]",2025-10-25T11:59:55.070700,2025-10-25T12:08:03.471011,488.400311,0.04563109752817534,0.2,0.0035345294237327097,50.0
280,COMPLETE,"[52.0, 5.625989968972382]",2025-10-25T12:08:03.482022,2025-10-25T12:16:11.451949,487.969927,0.04549108114757027,0.2,0.0035311608056963904,50.0
281,COMPLETE,"[52.0, 5.649902352220763]",2025-10-25T12:16:11.463959,2025-10-25T12:24:20.391742,488.927783,0.04551414143839045,0.2,0.003520397545746894,50.0
282,COMPLETE,"[52.0, 5.6681519108053315]",2025-10-25T12:24:20.401751,2025-10-25T12:32:29.111338,488.709587,0.045395220828940715,0.2,0.0035166332677649278,50.0
283,COMPLETE,"[54.0, 5.659137754351978]",2025-10-25T12:32:29.124350,2025-10-25T12:40:37.710828,488.586478,0.045237926726615425,0.2,0.003509859984590168,50.0
284,COMPLETE,"[54.0, 5.61011754964812]",2025-10-25T12:40:37.721838,2025-10-25T12:48:45.873928,488.15209,0.044665329571073525,0.2,0.0034858375937184332,50.0
285,COMPLETE,"[56.0, 5.610355414373878]",2025-10-25T12:48:45.883936,2025-10-25T12:56:55.487324,489.603388,0.044724522895618735,0.2,0.003477990923998986,50.0
286,COMPLETE,"[55.0, 5.633192226787519]",2025-10-25T12:56:55.498332,2025-10-25T13:05:05.445026,489.946694,0.04479190125158372,0.2,0.0034853761752614097,50.0
287,COMPLETE,"[56.0, 5.639985636348779]",2025-10-25T13:05:05.456035,2025-10-25T13:13:17.643730,492.187695,0.044394570516474434,0.2,0.0034704702946074238,50.0
288,COMPLETE,"[40.0, 5.77642525009747]",2025-10-25T13:13:17.654740,2025-10-25T13:21:27.683506,490.028766,0.04855686049002201,0.2,0.00442290227317301,50.0
289,COMPLETE,"[57.0, 5.645776678250813]",2025-10-25T13:21:27.694516,2025-10-25T13:29:35.225051,487.530535,0.04394633067760571,0.2,0.00346405074172527,50.0
290,COMPLETE,"[51.0, 5.713923461799711]",2025-10-25T13:29:35.235060,2025-10-25T13:37:42.537390,487.30233,0.044672095863364895,0.2,0.00378589399327167,50.0
291,COMPLETE,"[52.0, 5.6456332833659335]",2025-10-25T13:37:42.547399,2025-10-25T13:45:52.398008,489.850609,0.04426027551582687,0.2,0.003722763145651977,50.0
292,COMPLETE,"[51.0, 5.637387417321758]",2025-10-25T13:45:52.408016,2025-10-25T13:54:02.892189,490.484173,0.04428774371385427,0.2,0.00372397519816817,50.0
293,COMPLETE,"[52.0, 5.647156394482487]",2025-10-25T13:54:02.903199,2025-10-25T14:02:10.379685,487.476486,0.04438646838437594,0.2,0.0037148893321617095,50.0
294,COMPLETE,"[51.0, 5.632886301094741]",2025-10-25T14:02:10.390695,2025-10-25T14:10:16.548002,486.157307,0.04448593948144227,0.2,0.0037042837270787037,50.0
295,COMPLETE,"[34.0, 5.89512247260099]",2025-10-25T14:10:16.558011,2025-10-25T14:18:20.395246,483.837235,0.051133793578079616,0.2,0.004840519661087523,50.0
296,COMPLETE,"[32.0, 5.870465676981752]",2025-10-25T14:18:20.405256,2025-10-25T14:26:24.406638,484.001382,0.050905016588451535,0.2,0.004844941211524056,50.0
297,COMPLETE,"[40.0, 5.746456340355824]",2025-10-25T14:26:24.416646,2025-10-25T14:34:28.892452,484.475806,0.04817101426063947,0.2,0.004449638081144283,50.0
298,COMPLETE,"[31.0, 5.892720010420586]",2025-10-25T14:34:28.904462,2025-10-25T14:42:32.112136,483.207674,0.05256124900036932,0.2,0.005190102583732553,50.0
299,COMPLETE,"[31.0, 5.897837634203206]",2025-10-25T14:42:32.123145,2025-10-25T14:50:34.591157,482.468012,0.05270255358833158,0.2,0.005200136810424047,50.0
300,COMPLETE,"[21.0, 5.936690873613879]",2025-10-25T14:50:34.602166,2025-10-25T14:58:38.316292,483.714126,0.05535575390952654,0.2,0.005885881194129388,50.0
301,COMPLETE,"[33.0, 5.883566006341587]",2025-10-25T14:58:38.326301,2025-10-25T15:06:42.496834,484.170533,0.050810917238602635,0.2,0.004865417291642207,50.0
302,COMPLETE,"[29.0, 5.9531867873799715]",2025-10-25T15:06:42.507843,2025-10-25T15:14:47.890459,485.382616,0.05224458895832552,0.2,0.005271027987591178,50.0
303,COMPLETE,"[31.0, 5.953684116973461]",2025-10-25T15:14:47.901469,2025-10-25T15:22:52.814665,484.913196,0.0521320724252287,0.2,0.005261294275965906,50.0
304,COMPLETE,"[92.0, 5.345592345954884]",2025-10-25T15:22:52.824674,2025-10-25T15:31:04.861234,492.03656,0.048947057225986905,0.2,0.0015007990821146507,50.0
305,COMPLETE,"[75.0, 5.582964615969302]",2025-10-25T15:31:04.872244,2025-10-25T15:39:22.874133,498.001889,0.05052156800626293,0.2,0.002167843172192119,50.0
306,COMPLETE,"[98.0, 5.290905670284426]",2025-10-25T15:39:22.886143,2025-10-25T15:47:41.156273,498.27013,0.048121334865666075,0.2,0.001375128202842025,50.0
307,COMPLETE,"[80.0, 5.450930057054071]",2025-10-25T15:47:41.168284,2025-10-25T15:55:59.215212,498.046928,0.048807895943502023,0.2,0.0017418670204808304,50.0
308,COMPLETE,"[80.0, 5.433276488287211]",2025-10-25T15:55:59.226222,2025-10-25T16:04:16.564519,497.338297,0.0487690467148306,0.2,0.0017181357385873865,50.0
309,COMPLETE,"[33.0, 5.856102933975661]",2025-10-25T16:04:16.574527,2025-10-25T16:12:24.201148,487.626621,0.0503166719695434,0.2,0.004869558278690905,50.0
310,COMPLETE,"[96.0, 5.295766596778075]",2025-10-25T16:12:24.213158,2025-10-25T16:20:41.397317,497.184159,0.04828137278444368,0.2,0.0012374342817414493,50.0
311,COMPLETE,"[96.0, 5.288226302379626]",2025-10-25T16:20:41.408327,2025-10-25T16:28:59.649429,498.241102,0.04820402382470606,0.2,0.001237603591188988,50.0
312,COMPLETE,"[86.0, 5.421785063387499]",2025-10-25T16:28:59.660440,2025-10-25T16:37:17.802595,498.142155,0.048482736310015095,0.2,0.0016936969495199568,50.0
313,COMPLETE,"[88.0, 5.416084280715733]",2025-10-25T16:37:17.812596,2025-10-25T16:45:34.529336,496.71674,0.04833020627341104,0.2,0.0016915322149166183,50.0
314,COMPLETE,"[39.0, 5.737024636502289]",2025-10-25T16:45:34.539345,2025-10-25T16:53:53.100734,498.561389,0.04754303885411555,0.2,0.004476462798157867,50.0
315,COMPLETE,"[95.0, 5.285255066139341]",2025-10-25T16:53:53.112744,2025-10-25T17:02:10.346948,497.234204,0.04780735940530292,0.2,0.001503965223523718,50.0
316,COMPLETE,"[28.0, 5.877403365756133]",2025-10-25T17:02:10.355956,2025-10-25T17:10:30.935702,500.579746,0.05292112554329509,0.2,0.005526741540570765,50.0
317,COMPLETE,"[34.0, 5.89628717275776]",2025-10-25T17:10:30.945712,2025-10-25T17:18:51.739093,500.793381,0.05030828275790439,0.2,0.004848818326562201,50.0
318,COMPLETE,"[34.0, 5.905221329930303]",2025-10-25T17:18:51.750104,2025-10-25T17:27:08.172086,496.421982,0.050203092006106315,0.2,0.004834568139665459,50.0
319,COMPLETE,"[34.0, 5.894362837991474]",2025-10-25T17:27:08.182096,2025-10-25T17:35:27.387058,499.204962,0.05011970606618468,0.2,0.004823624538460343,50.0
320,COMPLETE,"[2.0, 2.1407485647308606]",2025-10-25T17:35:27.399069,2025-10-25T17:43:44.213898,496.814829,0.07646314702081644,0.2,0.008,50.0
321,COMPLETE,"[95.0, 5.270444593915376]",2025-10-25T17:43:44.223908,2025-10-25T17:52:00.031836,495.807928,0.04799442269126377,0.2,0.001248878390235232,50.0
322,COMPLETE,"[34.0, 5.902091422892619]",2025-10-25T17:52:00.042846,2025-10-25T18:00:15.633580,495.590734,0.050277747011699174,0.2,0.00480643761681895,50.0
323,COMPLETE,"[33.0, 5.892241427205256]",2025-10-25T18:00:15.644591,2025-10-25T18:08:30.054270,494.409679,0.05021458370360868,0.2,0.00479693841694533,50.0
324,COMPLETE,"[95.0, 5.265656650902663]",2025-10-25T18:08:30.065280,2025-10-25T18:16:44.206730,494.14145,0.04787205530368462,0.2,0.0012517576668650762,50.0
325,COMPLETE,"[2.0, 0.0]",2025-10-25T18:16:44.216731,2025-10-25T18:24:58.334149,494.117418,0.31840370776395027,0.2,0.008,50.0
326,COMPLETE,"[95.0, 5.272111909287185]",2025-10-25T18:24:58.345159,2025-10-25T18:33:16.773428,498.428269,0.04789830764962874,0.2,0.0012434156618053808,50.0
327,COMPLETE,"[34.0, 5.857648499839835]",2025-10-25T18:33:16.784438,2025-10-25T18:41:29.165306,492.380868,0.050161677587421065,0.2,0.0047858635140332634,50.0
328,COMPLETE,"[34.0, 5.8641298633349965]",2025-10-25T18:41:29.176316,2025-10-25T18:49:41.164833,491.988517,0.050167413124619184,0.2,0.004784077512213588,50.0
329,COMPLETE,"[34.0, 5.875767984866975]",2025-10-25T18:49:41.174843,2025-10-25T18:57:54.685718,493.510875,0.05016426849593055,0.2,0.004781298266274842,50.0
330,COMPLETE,"[35.0, 5.876758489024231]",2025-10-25T18:57:54.696729,2025-10-25T19:06:10.140332,495.443603,0.0501509626515218,0.2,0.0047779068777857,50.0
331,COMPLETE,"[97.0, 5.269729141405179]",2025-10-25T19:06:10.150342,2025-10-25T19:14:24.902326,494.751984,0.047853600430331975,0.2,0.0012396883099407524,50.0
332,COMPLETE,"[96.0, 5.310142823223702]",2025-10-25T19:14:24.914337,2025-10-25T19:22:39.927557,495.01322,0.04771522034481152,0.2,0.0014892604453001252,50.0
333,COMPLETE,"[46.0, 4.677454792228357]",2025-10-25T19:22:39.938566,2025-10-25T19:30:56.823457,496.884891,0.027484567177667025,0.2,0.004760355685309348,50.0
334,COMPLETE,"[96.0, 5.269499603872093]",2025-10-25T19:30:56.834468,2025-10-25T19:39:10.687652,493.853184,0.047725237199140555,0.2,0.0015009768510821048,50.0
335,COMPLETE,"[95.0, 5.285959077889439]",2025-10-25T19:39:10.698660,2025-10-25T19:47:24.148482,493.449822,0.04791901252943936,0.2,0.0014983601446065483,50.0
336,COMPLETE,"[94.0, 5.302898426921092]",2025-10-25T19:47:24.159493,2025-10-25T19:55:34.895891,490.736398,0.048019170901964184,0.2,0.0014982189720491534,50.0
337,COMPLETE,"[97.0, 5.266208874200127]",2025-10-25T19:55:34.906901,2025-10-25T20:03:47.572022,492.665121,0.04794956833088111,0.2,0.0012494006054258823,50.0
338,COMPLETE,"[40.0, 5.769985998345474]",2025-10-25T20:03:47.583032,2025-10-25T20:12:18.608556,511.025524,0.04744724840660458,0.2,0.004458749146494407,50.0
339,COMPLETE,"[29.0, 5.887359339684596]",2025-10-25T20:12:18.620566,2025-10-25T20:20:51.053347,512.432781,0.051370623326299596,0.2,0.005153862728744132,50.0
340,COMPLETE,"[96.0, 5.264923761483441]",2025-10-25T20:20:51.064357,2025-10-25T20:29:23.043733,511.979376,0.04792096147110416,0.2,0.0012495053240616316,50.0
341,COMPLETE,"[94.0, 5.304756485395556]",2025-10-25T20:29:23.054743,2025-10-25T20:37:57.150010,514.095267,0.047990668406512,0.2,0.0014990535193082945,50.0
342,COMPLETE,"[39.0, 5.764381271225147]",2025-10-25T20:37:57.160019,2025-10-25T20:46:30.716803,513.556784,0.04765791742891445,0.2,0.004455523912513297,50.0
343,COMPLETE,"[94.0, 5.3008910481818505]",2025-10-25T20:46:30.726812,2025-10-25T20:55:04.756020,514.029208,0.04805537963571894,0.2,0.0014970842573640063,50.0
344,COMPLETE,"[94.0, 5.305369025655347]",2025-10-25T20:55:04.767030,2025-10-25T21:03:39.693037,514.926007,0.048081871407405156,0.2,0.0014979034165631205,50.0
345,COMPLETE,"[39.0, 5.764697177260493]",2025-10-25T21:03:39.704046,2025-10-25T21:12:14.974362,515.270316,0.04766403336173597,0.2,0.004454552996319042,50.0
346,COMPLETE,"[88.0, 5.399771694938994]",2025-10-25T21:12:14.985372,2025-10-25T21:20:45.459414,510.474042,0.04796549165133706,0.2,0.0016992363152201575,50.0
347,COMPLETE,"[51.0, 5.614140122562896]",2025-10-25T21:20:45.471414,2025-10-25T21:29:15.932433,510.461019,0.044081718686434596,0.2,0.0037189326756808315,50.0
348,COMPLETE,"[95.0, 5.309686278958219]",2025-10-25T21:29:15.944444,2025-10-25T21:37:46.890897,510.946453,0.048073266751475094,0.2,0.0015009536634410067,50.0
349,COMPLETE,"[93.0, 5.307483575326648]",2025-10-25T21:37:46.899907,2025-10-25T21:46:16.142837,509.24293,0.04809804629244401,0.2,0.0015025836564688802,50.0
350,COMPLETE,"[95.0, 5.266415077410825]",2025-10-25T21:46:16.152847,2025-10-25T21:54:44.019547,507.8667,0.047938488680772884,0.2,0.0012544184515681494,50.0
351,COMPLETE,"[97.0, 5.261970941881328]",2025-10-25T21:54:44.030557,2025-10-25T22:03:11.841209,507.810652,0.04794107286869353,0.2,0.0012499100033172576,50.0
352,COMPLETE,"[40.0, 5.754540771510946]",2025-10-25T22:03:11.852219,2025-10-25T22:11:39.716918,507.864699,0.04794279087475075,0.2,0.0044420955610517555,50.0
353,COMPLETE,"[95.0, 5.267721255476944]",2025-10-25T22:11:39.727929,2025-10-25T22:20:06.467624,506.739695,0.04792998569813677,0.2,0.0012491415768618609,50.0
354,COMPLETE,"[93.0, 5.319452560398629]",2025-10-25T22:20:06.480636,2025-10-25T22:28:34.380367,507.899731,0.04796961556155575,0.2,0.0015086998601879626,50.0
355,COMPLETE,"[93.0, 5.322672204943106]",2025-10-25T22:28:34.391377,2025-10-25T22:37:04.008643,509.617266,0.04799006986805358,0.2,0.001507694022010154,50.0
356,COMPLETE,"[95.0, 5.32152394115776]",2025-10-25T22:37:04.019652,2025-10-25T22:45:30.753341,506.733689,0.048000817951268246,0.2,0.0015069286637860962,50.0
357,COMPLETE,"[94.0, 5.337929698054168]",2025-10-25T22:45:30.763352,2025-10-25T22:54:00.263512,509.50016,0.047996905518805005,0.2,0.0015107617084022477,50.0
358,COMPLETE,"[90.0, 5.4145170880709745]",2025-10-25T22:54:00.273522,2025-10-25T23:02:30.659473,510.385951,0.04779144825196482,0.2,0.0015865250787378494,50.0
359,COMPLETE,"[89.0, 5.4146524033498]",2025-10-25T23:02:30.670483,2025-10-25T23:11:01.887177,511.216694,0.04769456271897492,0.2,0.0015897328219274184,50.0
360,COMPLETE,"[91.0, 5.414225490987446]",2025-10-25T23:11:01.898187,2025-10-25T23:19:30.061154,508.162967,0.04755520056778701,0.2,0.0015941292750944734,50.0
361,COMPLETE,"[96.0, 5.278513193814048]",2025-10-25T23:19:30.072163,2025-10-25T23:28:01.765284,511.693121,0.04741617399780676,0.2,0.001290723757154933,50.0
362,COMPLETE,"[96.0, 5.265670511656422]",2025-10-25T23:28:01.775294,2025-10-25T23:36:33.766678,511.991384,0.047350319046446744,0.2,0.0012929087412871126,50.0
363,COMPLETE,"[90.0, 5.3977226817976796]",2025-10-25T23:36:33.776689,2025-10-25T23:45:00.987804,507.211115,0.04724367933849557,0.2,0.0016073057059223842,50.0
364,COMPLETE,"[97.0, 5.270859797098234]",2025-10-25T23:45:00.998814,2025-10-25T23:53:30.966392,509.967578,0.04716974011629203,0.2,0.0013019119205293762,50.0
365,COMPLETE,"[98.0, 5.2592955082032935]",2025-10-25T23:53:30.975402,2025-10-26T00:02:01.312309,510.336907,0.04710235248186445,0.2,0.0013044541670903754,50.0
366,COMPLETE,"[89.0, 5.382722285883724]",2025-10-26T00:02:01.323319,2025-10-26T00:10:30.840495,509.517176,0.04701238904480038,0.2,0.0016126859784029851,50.0
367,COMPLETE,"[83.0, 5.452855664430432]",2025-10-26T00:10:30.851505,2025-10-26T00:19:02.142265,511.29076,0.04705898429370828,0.2,0.0018300182967224182,50.0
368,COMPLETE,"[97.0, 5.266466098295684]",2025-10-26T00:19:02.154276,2025-10-26T00:27:35.595959,513.441683,0.047041402768145925,0.2,0.001303594336806799,50.0
369,COMPLETE,"[92.0, 5.389373971341207]",2025-10-26T00:27:35.606968,2025-10-26T00:36:06.870705,511.263737,0.04692730271973679,0.2,0.0015993318839906188,50.0
370,COMPLETE,"[93.0, 5.393234988209984]",2025-10-26T00:36:06.880715,2025-10-26T00:44:38.871100,511.990385,0.046611698282907586,0.2,0.001584666350185131,50.0
371,COMPLETE,"[4.0, 1.0]",2025-10-26T00:44:38.881109,2025-10-26T00:53:09.935658,511.054549,0.0,0.2,0.005712449451151279,50.0
372,COMPLETE,"[44.0, 3.750300797967034]",2025-10-26T00:53:09.946668,2025-10-26T01:01:43.374338,513.42767,0.016444384448578257,0.2,0.003483201045337204,50.0
373,COMPLETE,"[8.0, 5.264670777779311]",2025-10-26T01:01:43.385349,2025-10-26T01:10:17.154322,513.768973,0.061606932472161376,0.2,0.004316829515445794,50.0
374,COMPLETE,"[65.0, 4.85406919948561]",2025-10-26T01:10:17.165332,2025-10-26T01:18:46.782598,509.617266,0.03332838018006964,0.2,0.0030727860914065187,50.0
375,COMPLETE,"[4.0, 0.0]",2025-10-26T01:18:46.794608,2025-10-26T01:27:16.106602,509.311994,0.33160804695658996,0.2,0.0036495266532283336,50.0
376,COMPLETE,"[3.0, 1.7428095733688156]",2025-10-26T01:27:16.117611,2025-10-26T01:35:46.092196,509.974585,0.5,0.2,0.006215247811279929,50.0
377,COMPLETE,"[3.0, 1.4818952885362462]",2025-10-26T01:35:46.103206,2025-10-26T01:44:16.287979,510.184773,0.5,0.2,0.002855163536494605,50.0
378,COMPLETE,"[92.0, 5.1290541537589585]",2025-10-26T01:44:16.297988,2025-10-26T01:52:43.902454,507.604466,0.03791422076077706,0.2,0.001757007122970106,50.0
379,COMPLETE,"[29.0, 5.793687501339479]",2025-10-26T01:52:43.913464,2025-10-26T01:01:11.010479,-3092.902985,0.05898936688532605,0.2,0.0034035596063763073,50.0
380,COMPLETE,"[15.0, 0.7500346610366607]",2025-10-26T01:01:11.022489,2025-10-26T01:09:35.285972,504.263483,0.1175965494341481,0.2,0.006375550022008174,50.0
381,COMPLETE,"[1.0, 0.0]",2025-10-26T01:09:35.295981,2025-10-26T01:18:00.107954,504.811973,0.36325705308438044,0.2,0.001,50.0
382,COMPLETE,"[3.0, 0.0]",2025-10-26T01:18:00.117963,2025-10-26T01:26:26.914709,506.796746,0.1730865293888304,0.2,0.002909023938963758,50.0
383,COMPLETE,"[1.0, 0.0]",2025-10-26T01:26:26.924718,2025-10-26T01:34:53.376156,506.451438,0.24506273329225559,0.2,0.006041973552109739,50.0
384,PRUNED,,2025-10-26T01:34:53.387165,2025-10-26T01:43:19.783553,506.396388,0.10004592681918241,0.2,0.001,50.0
385,COMPLETE,"[10.0, 5.943952316893942]",2025-10-26T01:43:19.793563,2025-10-26T01:51:45.563391,505.769828,0.055851319313987624,0.2,0.007487484414096547,50.0
386,PRUNED,,2025-10-26T01:51:45.574400,2025-10-26T02:00:11.004926,505.430526,0.10364340852566284,0.2,0.001,50.0
387,PRUNED,,2025-10-26T02:00:11.014936,2025-10-26T02:08:41.297796,510.28286,0.10143939529783243,0.2,0.001,50.0
388,COMPLETE,"[25.0, 5.596663794662667]",2025-10-26T02:08:41.307806,2025-10-26T02:17:11.940977,510.633171,0.03880620786083785,0.2,0.0074468381639969106,50.0
389,PRUNED,,2025-10-26T02:17:11.952989,2025-10-26T02:25:42.141764,510.188775,0.10217175352005813,0.2,0.001,50.0
390,PRUNED,,2025-10-26T02:25:42.152774,2025-10-26T02:34:13.289397,511.136623,0.10140970577951613,0.2,0.001,50.0
391,COMPLETE,"[1.0, 6.007166829919521]",2025-10-26T02:34:13.301408,2025-10-26T02:42:47.483752,514.182344,0.05949054524492454,0.2,0.006509571851475987,50.0
392,PRUNED,,2025-10-26T02:42:47.494762,2025-10-26T02:51:20.930438,513.435676,0.1007571873297104,0.2,0.001,50.0
393,PRUNED,,2025-10-26T02:51:20.941448,2025-10-26T02:59:53.804613,512.863165,0.09910730468955044,0.2,0.001,50.0
394,PRUNED,,2025-10-26T02:59:53.814624,2025-10-26T03:08:24.496839,510.682215,0.10085246138456559,0.2,0.001,50.0
395,COMPLETE,"[4.0, 2.308553044444803]",2025-10-26T03:08:24.505849,2025-10-26T03:16:57.229889,512.72404,0.06668900804878669,0.2,0.001,50.0
396,COMPLETE,"[33.0, 4.725445130928991]",2025-10-26T03:16:57.239899,2025-10-26T03:25:30.521437,513.281538,0.026079194723834864,0.2,0.006507994028236426,50.0
397,COMPLETE,"[3.0, 0.0]",2025-10-26T03:25:30.531447,2025-10-26T03:34:00.459989,509.928542,0.4128004635851761,0.2,0.008,50.0
398,COMPLETE,"[36.0, 4.824760413311534]",2025-10-26T03:34:00.471000,2025-10-26T03:42:31.117184,510.646184,0.028837061223428866,0.2,0.0056769749610169696,50.0
399,COMPLETE,"[50.0, 5.466452756111252]",2025-10-26T03:42:31.128194,2025-10-26T03:51:00.853556,509.725362,0.03764828477478994,0.2,0.004362454636995637,50.0
