number,state,values,datetime_start,datetime_complete,duration,param_gamma,param_theta,param_m0,param_beta_prime,attr_CQ,attr_GR,attr_KR,attr_MC
0,COMPLETE,[10.0],2025-09-11T10:13:53.504486,2025-09-11T10:21:56.502971,482.998485,0.0525793744507572,0.2,0.050176160891835575,50.0,89.0,18.0,107.0,5.478455930703612
1,COMPLETE,[10.0],2025-09-11T10:21:56.520987,2025-09-11T10:30:02.412056,485.891069,0.045997767415921736,0.2,0.04791658764336036,50.0,96.0,12.0,108.0,5.64762544113324
2,COMPLETE,[10.0],2025-09-11T10:30:02.427071,2025-09-11T10:38:07.380302,484.953231,0.04559923603469122,0.2,0.03836639878324999,50.0,99.0,15.0,114.0,5.765559989693182
3,COMPLETE,[10.0],2025-09-11T10:38:07.393314,2025-09-11T10:46:12.813963,485.420649,0.05007561021035314,0.2,0.054990175164551756,50.0,93.0,13.0,106.0,5.504002999118988
4,COMPLETE,[10.0],2025-09-11T10:46:12.828977,2025-09-11T10:54:18.159546,485.330569,0.05098079003039506,0.2,0.04331446039503208,50.0,89.0,20.0,109.0,5.700363928873481
5,COMPLETE,[10.0],2025-09-11T10:54:18.174559,2025-09-11T11:02:24.795282,486.620723,0.048290354014270356,0.2,0.03148772129540625,50.0,97.0,22.0,119.0,5.84276367838181
6,COMPLETE,[10.0],2025-09-11T11:02:24.812296,2025-09-11T11:10:29.997736,485.18544,0.04874844568959146,0.2,0.05268736702274562,50.0,92.0,13.0,105.0,5.5539478278491545
7,COMPLETE,[10.0],2025-09-11T11:10:30.012749,2025-09-11T11:18:34.882907,484.870158,0.051009922259554696,0.2,0.04919036598335451,50.0,90.0,18.0,108.0,5.552292226026218
8,COMPLETE,[10.0],2025-09-11T11:18:34.895918,2025-09-11T11:26:40.929116,486.033198,0.052123038565432565,0.2,0.04798402587205083,50.0,90.0,19.0,109.0,5.541390172173228
9,COMPLETE,[10.0],2025-09-11T11:26:40.944129,2025-09-11T11:34:46.098541,485.154412,0.04662429384567453,0.2,0.04512017436081322,50.0,97.0,13.0,110.0,5.6817082226417845
10,COMPLETE,[10.0],2025-09-11T11:34:46.113554,2025-09-11T11:42:52.467038,486.353484,0.05222971007778796,0.2,0.041228474991779604,50.0,86.0,24.0,110.0,5.666987330592539
11,COMPLETE,[10.0],2025-09-11T11:42:52.480049,2025-09-11T11:50:57.667491,485.187442,0.04984535219003727,0.2,0.03520019220019399,50.0,93.0,22.0,115.0,5.835025050281432
12,COMPLETE,[10.0],2025-09-11T11:50:57.681503,2025-09-11T11:59:04.279204,486.597701,0.05042791452526764,0.2,0.04181692133259724,50.0,91.0,21.0,112.0,5.698648904340601
13,COMPLETE,[10.0],2025-09-11T11:59:04.295219,2025-09-11T12:07:10.554617,486.259398,0.04526038202621299,0.2,0.039472996001956,50.0,101.0,13.0,114.0,5.764550494664148
14,COMPLETE,[10.0],2025-09-11T12:07:10.570632,2025-09-11T12:15:15.723068,485.152436,0.05007630302211112,0.2,0.0516417701289518,50.0,91.0,16.0,107.0,5.557519748801682
15,COMPLETE,[0.390412513340447],2025-09-11T12:15:15.738081,2025-09-11T12:23:21.137712,485.399631,0.048895978565317286,0.2,0.04914037314369461,50.0,92.0,15.0,107.0,5.60513078793339
16,COMPLETE,[0.3859653973082278],2025-09-11T12:23:21.153726,2025-09-11T12:31:26.468281,485.314555,0.04793091362728801,0.2,0.04789194549007602,50.0,95.0,14.0,109.0,5.641527298154417
17,COMPLETE,[0.6276211526107854],2025-09-11T12:31:26.485296,2025-09-11T12:39:32.754704,486.269408,0.0504682971903746,0.2,0.033708050232180035,50.0,89.0,26.0,115.0,5.833929644344504
18,COMPLETE,[0.6905887181990892],2025-09-11T12:39:32.770718,2025-09-11T12:47:39.411458,486.64074,0.04552957468872269,0.2,0.03541789033572833,50.0,103.0,15.0,118.0,5.802722831591053
19,COMPLETE,[0.5403646934219867],2025-09-11T12:47:39.427472,2025-09-11T12:55:44.790070,485.362598,0.05293052917163639,0.2,0.03906195091497174,50.0,82.0,28.0,110.0,5.658724096104746
20,COMPLETE,[0.49421515878275785],2025-09-11T12:55:44.806084,2025-09-11T13:03:51.905234,487.09915,0.049655021074265844,0.2,0.032840925875624406,50.0,91.0,26.0,117.0,5.85989458401029
21,COMPLETE,[0.48120310181009435],2025-09-11T13:03:51.921248,2025-09-11T13:11:58.662077,486.740829,0.050822200225226294,0.2,0.03184583878071699,50.0,89.0,29.0,118.0,5.863280532962028
22,COMPLETE,[0.29869881595819375],2025-09-11T13:11:58.678091,2025-09-11T13:20:04.894452,486.216361,0.046714135587815966,0.2,0.05251699577781811,50.0,94.0,11.0,105.0,5.566483743981652
23,COMPLETE,[0.31177401638207336],2025-09-11T13:20:04.910466,2025-09-11T13:28:11.854477,486.944011,0.046556235879023626,0.2,0.047506275420340194,50.0,97.0,12.0,109.0,5.6174277826255965
24,COMPLETE,[0.2878173582999518],2025-09-11T13:28:11.871492,2025-09-11T13:36:18.920596,487.049104,0.048724988948743234,0.2,0.053278059315861784,50.0,88.0,16.0,104.0,5.5548725576062
25,COMPLETE,[0.2714402376659825],2025-09-11T13:36:18.936611,2025-09-11T13:44:24.343248,485.406637,0.05121970601599053,0.2,0.04278455965131668,50.0,91.0,19.0,110.0,5.676518841676209
26,COMPLETE,[0.3726108248443288],2025-09-11T13:44:24.360263,2025-09-11T13:52:30.721753,486.36149,0.04838763337877518,0.2,0.031659975199100215,50.0,96.0,23.0,119.0,5.847323925044543
27,COMPLETE,[0.3128981787945481],2025-09-11T13:52:30.737767,2025-09-11T14:00:37.801885,487.064118,0.05145397290682968,0.2,0.052176522087704805,50.0,89.0,17.0,106.0,5.494404595296739
28,COMPLETE,[0.3478224795620448],2025-09-11T14:00:37.817899,2025-09-11T14:08:44.343537,486.525638,0.04852391168473878,0.2,0.0314285587064551,50.0,96.0,23.0,119.0,5.856938863776666
29,COMPLETE,[0.34930211063745503],2025-09-11T14:08:44.359550,2025-09-11T14:16:50.064454,485.704904,0.052896530358088265,0.2,0.049070514414086,50.0,87.0,21.0,108.0,5.479693285944268
30,COMPLETE,[0.3211582208732892],2025-09-11T14:16:50.081469,2025-09-11T14:24:56.616114,486.534645,0.045641779246288885,0.2,0.04367487790117896,50.0,99.0,13.0,112.0,5.6894872964087195
31,COMPLETE,[0.39926845431524427],2025-09-11T14:24:56.632128,2025-09-11T14:33:02.336031,485.703903,0.05272155081674863,0.2,0.054048552385841456,50.0,87.0,18.0,105.0,5.41347376814326
32,COMPLETE,[0.26764884324854066],2025-09-11T14:33:02.353046,2025-09-11T14:41:08.885690,486.532644,0.05166542039510804,0.2,0.04374103546424552,50.0,88.0,21.0,109.0,5.680910800785206
33,COMPLETE,[0.4216961084327627],2025-09-11T14:41:08.900703,2025-09-11T14:49:14.016080,485.115377,0.04594091333052996,0.2,0.03153360670362474,50.0,103.0,17.0,120.0,5.83593877031115
34,COMPLETE,[0.2800011341074359],2025-09-11T14:49:14.032094,2025-09-11T14:57:19.421716,485.389622,0.04885274075605149,0.2,0.033127121629920056,50.0,95.0,22.0,117.0,5.8601184851937305
35,COMPLETE,[0.2493346204651698],2025-09-11T14:57:19.435730,2025-09-11T15:05:24.998505,485.562775,0.049991878884530064,0.2,0.03853197171735969,50.0,92.0,20.0,112.0,5.749424810699139
36,COMPLETE,[0.19234082801537283],2025-09-11T15:05:25.013518,2025-09-11T15:13:31.991560,486.978042,0.04678264769609675,0.2,0.05128283338785926,50.0,94.0,12.0,106.0,5.592177695583476
37,COMPLETE,[0.17457960866831643],2025-09-11T15:13:32.007574,2025-09-11T15:21:38.373067,486.365493,0.04875818057385546,0.2,0.05486682853659687,50.0,92.0,13.0,105.0,5.528134270782403
38,COMPLETE,[0.23025167375417174],2025-09-11T15:21:38.388081,2025-09-11T15:29:45.053844,486.665763,0.04826836534660018,0.2,0.038007130921759266,50.0,95.0,20.0,115.0,5.841085017093797
39,COMPLETE,[0.2140077483227037],2025-09-11T15:29:45.069857,2025-09-11T15:37:51.202143,486.132286,0.04922902552817075,0.2,0.032282615137987206,50.0,93.0,24.0,117.0,5.841656001127278
40,COMPLETE,[0.2601302034460554],2025-09-11T15:37:51.217156,2025-09-11T15:45:58.021081,486.803925,0.047359742422435104,0.2,0.033141957410553154,50.0,98.0,19.0,117.0,5.8869126258211715
41,COMPLETE,[0.19567576971446504],2025-09-11T15:45:58.035094,2025-09-11T15:54:03.304608,485.269514,0.045532502731766705,0.2,0.05279819208144479,50.0,95.0,11.0,106.0,5.55106052560248
42,COMPLETE,[0.17850054709875615],2025-09-11T15:54:03.317619,2025-09-11T16:02:08.316892,484.999273,0.04982828792428602,0.2,0.04661386191181105,50.0,92.0,16.0,108.0,5.648421052038685
43,COMPLETE,[0.1339762634333003],2025-09-11T16:02:08.330905,2025-09-11T16:10:13.244101,484.913196,0.05121887227803487,0.2,0.051433967898060505,50.0,91.0,17.0,108.0,5.5305337200298474
44,COMPLETE,[0.20122553775559873],2025-09-11T16:10:13.259115,2025-09-11T16:18:17.937101,484.677986,0.05022823551062654,0.2,0.043548426511383874,50.0,92.0,17.0,109.0,5.7109181783029435
45,COMPLETE,[0.1835402090967485],2025-09-11T16:18:17.951114,2025-09-11T16:26:22.691155,484.740041,0.04821692188600965,0.2,0.03384799803938554,50.0,97.0,20.0,117.0,5.833527944561228
46,COMPLETE,[0.11564454261445772],2025-09-11T16:26:22.705168,2025-09-11T16:34:27.513270,484.808102,0.05032923086912127,0.2,0.04942331560179485,50.0,91.0,16.0,107.0,5.555286900780934
47,COMPLETE,[0.47217901052586114],2025-09-11T16:34:27.528283,2025-09-11T16:42:36.522103,488.99382,0.052356407880564705,0.2,0.03264986712453456,50.0,81.0,33.0,114.0,5.798717527507116
48,COMPLETE,[0.09865697114407966],2025-09-11T16:42:36.537116,2025-09-11T16:50:46.745042,490.207926,0.047894932631890486,0.2,0.05266581751181305,50.0,91.0,13.0,104.0,5.545682313683743
49,COMPLETE,[0.15184383717926483],2025-09-11T16:50:46.761057,2025-09-11T16:58:52.974415,486.213358,0.049066983352616354,0.2,0.033014502832398346,50.0,94.0,22.0,116.0,5.848534650923493
50,COMPLETE,[0.3089296164332073],2025-09-11T16:58:52.990429,2025-09-11T17:06:58.979587,485.989158,0.04526137388348777,0.2,0.03378049074848775,50.0,104.0,15.0,119.0,5.817881151909205
51,COMPLETE,[0.18474327938581894],2025-09-11T17:06:58.993599,2025-09-11T17:15:05.714410,486.720811,0.05009723679924803,0.2,0.04196215251275291,50.0,90.0,21.0,111.0,5.7044829438616365
52,COMPLETE,[0.16853633912901228],2025-09-11T17:15:05.729423,2025-09-11T17:23:12.104926,486.375503,0.04753006215349555,0.2,0.03619906475379106,50.0,96.0,20.0,116.0,5.787152477415766
53,COMPLETE,[0.1149839596198942],2025-09-11T17:23:12.118939,2025-09-11T17:31:18.198177,486.079238,0.05004839784907157,0.2,0.054411093455093776,50.0,92.0,14.0,106.0,5.511471336089441
54,COMPLETE,[0.14425609997922131],2025-09-11T17:31:18.214191,2025-09-11T17:39:24.156307,485.942116,0.04974414531125613,0.2,0.04809363926401236,50.0,92.0,16.0,108.0,5.636638395816694
55,COMPLETE,[0.10163774669900179],2025-09-11T17:39:24.171320,2025-09-11T17:47:30.425714,486.254394,0.045187079975700935,0.2,0.052852242854724577,50.0,93.0,11.0,104.0,5.567372958243266
56,COMPLETE,[0.32932948499021003],2025-09-11T17:47:30.440727,2025-09-11T17:55:36.398858,485.958131,0.04514460087642973,0.2,0.03378969034749149,50.0,106.0,14.0,120.0,5.829714720593229
57,COMPLETE,[0.2972422489810065],2025-09-11T17:55:36.412870,2025-09-11T18:03:42.191839,485.778969,0.05291741902994761,0.2,0.054335028618377426,50.0,90.0,18.0,108.0,5.373753385775625
58,COMPLETE,[0.13137884588795],2025-09-11T18:03:42.204851,2025-09-11T18:11:48.002838,485.797987,0.04810785235734312,0.2,0.04639443777760286,50.0,94.0,14.0,108.0,5.6570103146343875
59,COMPLETE,[0.07018374141457442],2025-09-11T18:11:48.018852,2025-09-11T18:19:53.537590,485.518738,0.04992018554114588,0.2,0.051201531268584816,50.0,92.0,16.0,108.0,5.546152020198266
60,COMPLETE,[0.16576248061649926],2025-09-11T18:19:53.552604,2025-09-11T18:27:59.356595,485.803991,0.047005393585037504,0.2,0.03584701088282863,50.0,100.0,17.0,117.0,5.805746266447332
61,COMPLETE,[0.15708207842559221],2025-09-11T18:27:59.371609,2025-09-11T18:36:04.854313,485.482704,0.048514361312085065,0.2,0.04126626769820421,50.0,95.0,17.0,112.0,5.712454603061586
62,COMPLETE,[0.1630543572320053],2025-09-11T18:36:04.869327,2025-09-11T18:44:11.191782,486.322455,0.04734679487057546,0.2,0.053747740888414414,50.0,96.0,10.0,106.0,5.52951848060997
63,COMPLETE,[0.10172240005340001],2025-09-11T18:44:11.205795,2025-09-11T18:52:17.144907,485.939112,0.04761231745307255,0.2,0.049721914974686074,50.0,93.0,13.0,106.0,5.605278509706409
64,COMPLETE,[0.24780983092738498],2025-09-11T18:52:17.159921,2025-09-11T19:00:22.989936,485.830015,0.0526268004463681,0.2,0.03727426225853079,50.0,85.0,28.0,113.0,5.736626749305262
65,COMPLETE,[0.29541985923157765],2025-09-11T19:00:23.003950,2025-09-11T19:08:28.656805,485.652855,0.0455687990912125,0.2,0.0304190844670401,50.0,105.0,17.0,122.0,5.893303513945289
66,COMPLETE,[0.17235333297203592],2025-09-11T19:08:28.671819,2025-09-11T19:16:34.397742,485.725923,0.04779554148096105,0.2,0.04417378209270724,50.0,98.0,14.0,112.0,5.700704177388597
67,COMPLETE,[0.2257883398277057],2025-09-11T19:16:34.412756,2025-09-11T19:24:39.740321,485.327565,0.05265632204750631,0.2,0.04466709591672775,50.0,85.0,23.0,108.0,5.576139319973679
68,COMPLETE,[0.20764014150608087],2025-09-11T19:24:39.754334,2025-09-11T19:32:45.899121,486.144787,0.05199462223935806,0.2,0.054739100065499174,50.0,89.0,17.0,106.0,5.416354553787595
69,COMPLETE,[0.1837604574778033],2025-09-11T19:32:45.915135,2025-09-11T19:40:51.132988,485.217853,0.04665966076636413,0.2,0.03151569545654333,50.0,103.0,17.0,120.0,5.835277414028151
70,COMPLETE,[0.10948711764255038],2025-09-11T19:40:51.148001,2025-09-11T19:48:56.638712,485.490711,0.047665626217081924,0.2,0.04689947186414485,50.0,94.0,14.0,108.0,5.659635977349431
71,COMPLETE,[0.09657715760833112],2025-09-11T19:48:56.653726,2025-09-11T19:57:02.043074,485.389348,0.049328211115757824,0.2,0.05027571970133449,50.0,92.0,15.0,107.0,5.612863253786655
72,COMPLETE,[0.15235514144411885],2025-09-11T19:57:02.057087,2025-09-11T20:05:07.634757,485.57767,0.046861005478143765,0.2,0.04037424551415743,50.0,100.0,14.0,114.0,5.774631643775099
73,COMPLETE,[0.06317625707831215],2025-09-11T20:05:07.650325,2025-09-11T20:13:13.523595,485.87327,0.048202045062227784,0.2,0.053359284710061794,50.0,91.0,14.0,105.0,5.552981208210431
74,COMPLETE,[0.15605663611839837],2025-09-11T20:13:13.539609,2025-09-11T20:21:18.493702,484.954093,0.04528365855170154,0.2,0.040173885100116685,50.0,100.0,14.0,114.0,5.7420752423020645
75,COMPLETE,[0.15613013820748717],2025-09-11T20:21:18.507716,2025-09-11T20:29:23.433243,484.925527,0.05215413498274458,0.2,0.05217388610185998,50.0,87.0,18.0,105.0,5.486466958604904
76,COMPLETE,[0.09165664666079934],2025-09-11T20:29:23.448256,2025-09-11T20:37:28.820636,485.37238,0.04708096587038754,0.2,0.049205703675205686,50.0,94.0,14.0,108.0,5.598743575467541
77,COMPLETE,[0.06454044500851248],2025-09-11T20:37:28.835649,2025-09-11T20:45:34.331196,485.495547,0.050549458994388556,0.2,0.05066628155735697,50.0,92.0,14.0,106.0,5.568315025917387
78,COMPLETE,[0.09784765771408857],2025-09-11T20:45:34.345208,2025-09-11T20:53:39.534908,485.1897,0.05010591483371179,0.2,0.051568728015272194,50.0,89.0,16.0,105.0,5.557226737349356
79,COMPLETE,[0.12443747956773778],2025-09-11T20:53:39.548921,2025-09-11T21:01:44.911346,485.362425,0.04717386742507343,0.2,0.03580297235315794,50.0,98.0,18.0,116.0,5.805800225863255
80,COMPLETE,[0.29634147605207894],2025-09-11T21:01:44.926360,2025-09-11T21:09:50.042390,485.11603,0.052334282362635244,0.2,0.03307647337434719,50.0,84.0,31.0,115.0,5.824619550239173
81,COMPLETE,[0.09926661651882861],2025-09-11T21:09:50.057403,2025-09-11T21:17:55.564265,485.506862,0.04782669452301872,0.2,0.04878294611910169,50.0,94.0,14.0,108.0,5.666403311586255
82,COMPLETE,[0.2648282952220316],2025-09-11T21:17:55.579278,2025-09-11T21:26:00.639982,485.060704,0.051601180206234686,0.2,0.03208705927941546,50.0,84.0,32.0,116.0,5.814929929296081
83,COMPLETE,[0.1336245261708947],2025-09-11T21:26:00.654995,2025-09-11T21:34:05.538751,484.883756,0.05244429503448889,0.2,0.04867288968986605,50.0,87.0,20.0,107.0,5.510804001487633
84,COMPLETE,[0.0940619441621138],2025-09-11T21:34:05.553764,2025-09-11T21:42:10.581600,485.027836,0.047806321948670086,0.2,0.04699801824211959,50.0,95.0,15.0,110.0,5.654052226479195
85,COMPLETE,[0.17901734711218414],2025-09-11T21:42:10.596614,2025-09-11T21:50:15.715576,485.118962,0.050594840016858086,0.2,0.03955044743301446,50.0,88.0,23.0,111.0,5.765592079225443
86,COMPLETE,[0.14130349303762735],2025-09-11T21:50:15.729588,2025-09-11T21:58:20.955063,485.225475,0.051586441826343234,0.2,0.053650993373712735,50.0,90.0,16.0,106.0,5.452698073901653
87,COMPLETE,[0.15472698047787595],2025-09-11T21:58:20.969076,2025-09-11T22:06:25.726133,484.757057,0.04725728628583294,0.2,0.03935698922485987,50.0,93.0,19.0,112.0,5.7613362767580565
88,COMPLETE,[0.13369984061182297],2025-09-11T22:06:25.741147,2025-09-11T22:14:30.955107,485.21396,0.047264002720229466,0.2,0.03978577745682438,50.0,98.0,15.0,113.0,5.730959884941078
89,COMPLETE,[0.1343008690501349],2025-09-11T22:14:30.970121,2025-09-11T22:22:36.974292,486.004171,0.04902569017114812,0.2,0.03208067841081096,50.0,96.0,23.0,119.0,5.885073121899522
90,COMPLETE,[0.0811096481839191],2025-09-11T22:22:36.990307,2025-09-11T22:30:42.535066,485.544759,0.04718620713090815,0.2,0.050226339387297675,50.0,94.0,12.0,106.0,5.604205813542524
91,COMPLETE,[0.0745108185763944],2025-09-11T22:30:42.550081,2025-09-11T22:38:48.071975,485.521894,0.045200041806944286,0.2,0.04984919025585326,50.0,93.0,12.0,105.0,5.636895226653734
92,COMPLETE,[0.08641325634075511],2025-09-11T22:38:48.087989,2025-09-11T22:46:53.139309,485.05132,0.048227018571910085,0.2,0.05387600070347426,50.0,93.0,12.0,105.0,5.517444425769482
93,COMPLETE,[0.16922839614631216],2025-09-11T22:46:53.154322,2025-09-11T22:54:58.209646,485.055324,0.050911885738056294,0.2,0.030716876587697596,50.0,89.0,29.0,118.0,5.8121530067138
94,COMPLETE,[0.139506672077129],2025-09-11T22:54:58.224660,2025-09-11T23:03:03.031760,484.8071,0.04527778024658506,0.2,0.040194537569749764,50.0,101.0,14.0,115.0,5.741399279732758
95,COMPLETE,[0.06600674255933565],2025-09-11T23:03:03.045773,2025-09-11T23:11:08.134126,485.088353,0.04544566747632875,0.2,0.05403901506466645,50.0,93.0,10.0,103.0,5.564800025045244
96,COMPLETE,[0.0692333908171022],2025-09-11T23:11:08.148139,2025-09-11T23:19:13.163427,485.015288,0.04663474318665607,0.2,0.05080250026950158,50.0,94.0,12.0,106.0,5.599758342936179
97,COMPLETE,[0.09149085410628115],2025-09-11T23:19:13.178439,2025-09-11T23:27:17.754335,484.575896,0.04901478413432601,0.2,0.044029894073137135,50.0,95.0,16.0,111.0,5.672707564555797
98,COMPLETE,[0.14139565610613414],2025-09-11T23:27:17.769348,2025-09-11T23:35:22.398291,484.628943,0.049117296295516505,0.2,0.041846109137238095,50.0,94.0,18.0,112.0,5.750172405565506
99,COMPLETE,[0.08280435858299118],2025-09-11T23:35:22.413304,2025-09-11T23:43:27.040244,484.62694,0.04794233293405096,0.2,0.04944076844104388,50.0,95.0,12.0,107.0,5.5932682730967
100,COMPLETE,[0.12829212752939473],2025-09-11T23:43:27.055258,2025-09-11T23:51:32.095568,485.04031,0.04728422570676434,0.2,0.040248602736893874,50.0,96.0,17.0,113.0,5.766730717715069
101,COMPLETE,[0.19182141598214109],2025-09-11T23:51:32.110581,2025-09-11T23:59:37.058809,484.948228,0.04590257983165738,0.2,0.03310245749674608,50.0,105.0,14.0,119.0,5.843944112571464
102,COMPLETE,[0.20646735335813446],2025-09-11T23:59:37.074823,2025-09-12T00:07:41.855901,484.781078,0.05246078996967876,0.2,0.03658105248746981,50.0,84.0,29.0,113.0,5.740079522194135
103,COMPLETE,[0.1288183541697016],2025-09-12T00:07:41.869914,2025-09-12T00:15:47.304576,485.434662,0.0513826841760936,0.2,0.04268937651345655,50.0,89.0,20.0,109.0,5.6802451850083795
104,COMPLETE,[0.06305072951811037],2025-09-12T00:15:47.318589,2025-09-12T00:23:52.160722,484.842133,0.048499723355932084,0.2,0.05101247198233477,50.0,93.0,14.0,107.0,5.547193236962135
105,COMPLETE,[0.08645032095279416],2025-09-12T00:23:52.176736,2025-09-12T00:31:56.871737,484.695001,0.049520235738353416,0.2,0.044026837470243635,50.0,92.0,18.0,110.0,5.665031659465981
106,COMPLETE,[0.12761206584622356],2025-09-12T00:31:56.886750,2025-09-12T00:40:01.712869,484.826119,0.04537339022223107,0.2,0.034710288220790475,50.0,103.0,16.0,119.0,5.79952334708214
107,COMPLETE,[0.06230176349335407],2025-09-12T00:40:01.727883,2025-09-12T00:48:06.597039,484.869156,0.04782098311240134,0.2,0.05034995864981649,50.0,93.0,14.0,107.0,5.612625768973638
108,COMPLETE,[0.23164998636255923],2025-09-12T00:48:06.611051,2025-09-12T00:56:11.667376,485.056325,0.050643980108991196,0.2,0.03150458493236075,50.0,91.0,26.0,117.0,5.9439787789922836
109,COMPLETE,[0.12789877634222627],2025-09-12T00:56:11.682389,2025-09-12T01:04:16.556550,484.874161,0.050419241120541525,0.2,0.03101204331205467,50.0,92.0,26.0,118.0,5.864733284398506
110,COMPLETE,[0.04738075881956811],2025-09-12T01:04:16.571564,2025-09-12T01:12:21.889122,485.317558,0.050733492492867086,0.2,0.050683287242926534,50.0,91.0,16.0,107.0,5.559281388948995
111,COMPLETE,[0.15610179349351058],2025-09-12T01:12:21.904135,2025-09-12T01:20:26.908412,485.004277,0.05182984276577285,0.2,0.039243343064727536,50.0,86.0,25.0,111.0,5.703892569655006
112,COMPLETE,[0.06836293643037143],2025-09-12T01:20:26.923426,2025-09-12T01:28:31.711510,484.788084,0.04552938089358594,0.2,0.05284037130880523,50.0,94.0,10.0,104.0,5.550895264699914
113,COMPLETE,[0.053029270821027125],2025-09-12T01:28:31.727525,2025-09-12T01:36:36.930981,485.203456,0.04859694273059099,0.2,0.05112986140436328,50.0,93.0,14.0,107.0,5.545558923116507
114,COMPLETE,[0.10301177340804865],2025-09-12T01:36:36.945995,2025-09-12T01:44:41.595955,484.64996,0.045206780022539195,0.2,0.03829784958688433,50.0,100.0,14.0,114.0,5.748984063844251
115,COMPLETE,[0.09624771657183213],2025-09-12T01:44:41.610969,2025-09-12T01:52:46.144963,484.533994,0.05251779465047049,0.2,0.04757595661480127,50.0,88.0,19.0,107.0,5.531404219945598
116,COMPLETE,[0.16721850898953236],2025-09-12T01:52:46.158975,2025-09-12T02:00:51.958964,485.799989,0.052697154233748864,0.2,0.038784028856662496,50.0,84.0,27.0,111.0,5.711894381039529
117,COMPLETE,[0.10417092089479534],2025-09-12T02:00:51.973978,2025-09-12T02:08:57.038309,485.064331,0.04536982198771092,0.2,0.036824781147330135,50.0,103.0,14.0,117.0,5.805329036269162
118,COMPLETE,[0.10830179377741836],2025-09-12T02:08:57.053323,2025-09-12T02:17:02.796260,485.742937,0.05141203387951538,0.2,0.04030586086773936,50.0,89.0,23.0,112.0,5.709271480569842
119,COMPLETE,[0.11989970691339832],2025-09-12T02:17:02.811273,2025-09-12T02:25:07.808545,484.997272,0.050265340482226646,0.2,0.03967503925280087,50.0,93.0,20.0,113.0,5.772871236941343
120,COMPLETE,[0.10596147399314931],2025-09-12T02:25:07.823558,2025-09-12T02:33:12.745763,484.922205,0.0477252037960923,0.2,0.03842572065540275,50.0,97.0,17.0,114.0,5.776815815816097
121,COMPLETE,[0.09564687068244408],2025-09-12T02:33:12.760776,2025-09-12T02:41:17.826108,485.065332,0.04536826651390674,0.2,0.039296208060376134,50.0,101.0,13.0,114.0,5.755835884561862
122,COMPLETE,[0.18130483324297766],2025-09-12T02:41:17.841122,2025-09-12T02:49:22.769331,484.928209,0.05234973888124744,0.2,0.03350897875129718,50.0,84.0,30.0,114.0,5.814914643736385
123,COMPLETE,[0.08526779283542864],2025-09-12T02:49:22.782344,2025-09-12T02:57:27.694538,484.912194,0.04512649298257713,0.2,0.04738759806750155,50.0,96.0,12.0,108.0,5.621976318997488
124,COMPLETE,[0.09581789715847379],2025-09-12T02:57:27.708552,2025-09-12T03:05:32.572704,484.864152,0.04860650863607975,0.2,0.03799507851270649,50.0,97.0,16.0,113.0,5.782448651890282
125,COMPLETE,[0.187634920599418],2025-09-12T03:05:32.587717,2025-09-12T03:13:37.794175,485.206458,0.052419339193861665,0.2,0.034363561827286594,50.0,82.0,32.0,114.0,5.766380066026024
126,COMPLETE,[0.23209136947736714],2025-09-12T03:13:37.808188,2025-09-12T03:21:42.796451,484.988263,0.05296557669622531,0.2,0.031201730469271577,50.0,80.0,36.0,116.0,5.7998701672323145
127,COMPLETE,[0.0825889551098367],2025-09-12T03:21:42.810463,2025-09-12T03:29:47.725662,484.915199,0.046772558772197416,0.2,0.038525805074186695,50.0,98.0,16.0,114.0,5.77478009938294
128,COMPLETE,[0.09523689465875193],2025-09-12T03:29:47.742677,2025-09-12T03:37:52.832030,485.089353,0.05077324186899482,0.2,0.0516274401761671,50.0,90.0,17.0,107.0,5.4886296350634565
129,COMPLETE,[0.12374077462250561],2025-09-12T03:37:52.846044,2025-09-12T03:45:57.676165,484.830121,0.05190390842865483,0.2,0.037283862344829666,50.0,85.0,26.0,111.0,5.743383105695846
130,COMPLETE,[0.1163897269627359],2025-09-12T03:45:57.691178,2025-09-12T03:54:06.185574,488.494396,0.048975744531139856,0.2,0.039110078481909484,50.0,92.0,21.0,113.0,5.7814253482482
131,COMPLETE,[0.09745786537263165],2025-09-12T03:54:06.200587,2025-09-12T04:02:11.273927,485.07334,0.049087246578023755,0.2,0.042443261604059986,50.0,94.0,16.0,110.0,5.720583521736291
132,COMPLETE,[0.10395050915432985],2025-09-12T04:02:11.288940,2025-09-12T04:10:16.219151,484.930211,0.04978846955518965,0.2,0.03575178019830287,50.0,92.0,23.0,115.0,5.802762750125637
133,COMPLETE,[0.19735303293662684],2025-09-12T04:10:16.235166,2025-09-12T04:18:21.502678,485.267512,0.04570861880076645,0.2,0.03282435339974188,50.0,104.0,16.0,120.0,5.909760727128187
134,COMPLETE,[0.16874581516076903],2025-09-12T04:18:21.518693,2025-09-12T04:26:26.341809,484.823116,0.052420656924285526,0.2,0.04510133576575551,50.0,85.0,23.0,108.0,5.569067354326034
135,COMPLETE,[0.10711842647951701],2025-09-12T04:26:26.356822,2025-09-12T04:34:30.976757,484.619935,0.045681612658461004,0.2,0.04512896140968705,50.0,98.0,13.0,111.0,5.687655671307106
136,COMPLETE,[0.12959735382102652],2025-09-12T04:34:30.991770,2025-09-12T04:42:35.695779,484.704009,0.05252972445910214,0.2,0.04337049186992879,50.0,86.0,23.0,109.0,5.663660259899778
137,COMPLETE,[0.07344549319693877],2025-09-12T04:42:35.710793,2025-09-12T04:50:40.165580,484.454787,0.04859985659524352,0.2,0.05004096433895518,50.0,91.0,15.0,106.0,5.594661564371183
138,COMPLETE,[0.09920066251211504],2025-09-12T04:50:40.179592,2025-09-12T04:58:44.680420,484.500828,0.05255563540803886,0.2,0.0402690339205854,50.0,87.0,24.0,111.0,5.706481613447506
139,COMPLETE,[0.08932261286909111],2025-09-12T04:58:44.695434,2025-09-12T05:06:49.153223,484.457789,0.049855979083551424,0.2,0.03954565636252971,50.0,94.0,19.0,113.0,5.761983278994206
140,COMPLETE,[0.10057141713223745],2025-09-12T05:06:49.168237,2025-09-12T05:14:53.940307,484.77207,0.0494401001502111,0.2,0.03582820032083204,50.0,91.0,23.0,114.0,5.813664200269423
141,COMPLETE,[0.08855553494600456],2025-09-12T05:14:53.956321,2025-09-12T05:22:58.432127,484.475806,0.04791970725031761,0.2,0.03634105976384559,50.0,98.0,18.0,116.0,5.823335133479215
142,COMPLETE,[0.13948572130651354],2025-09-12T05:22:58.449142,2025-09-12T05:31:03.334314,484.885172,0.051146297977771996,0.2,0.03179818945587264,50.0,85.0,32.0,117.0,5.8211706723111165
143,COMPLETE,[0.07087976702885375],2025-09-12T05:31:03.349327,2025-09-12T05:39:08.123399,484.774072,0.04959370829366154,0.2,0.04377584149051825,50.0,92.0,17.0,109.0,5.661588295720809
144,COMPLETE,[0.07930376478240307],2025-09-12T05:39:08.137412,2025-09-12T05:47:13.623119,485.485707,0.04648703812822572,0.2,0.040022436172612794,50.0,98.0,16.0,114.0,5.7542394163271915
145,COMPLETE,[0.1100958046812607],2025-09-12T05:47:13.639133,2025-09-12T05:55:18.963697,485.324564,0.04988337567001428,0.2,0.03744120883881581,50.0,90.0,23.0,113.0,5.777640584006244
146,COMPLETE,[0.1129855111676535],2025-09-12T05:55:18.978711,2025-09-12T06:03:24.236214,485.257503,0.05145343200592402,0.2,0.0379965739008185,50.0,86.0,25.0,111.0,5.766514515337713
147,COMPLETE,[0.12536511909274486],2025-09-12T06:03:24.250226,2025-09-12T06:11:29.313557,485.063331,0.04798124198100273,0.2,0.03255278869301446,50.0,99.0,21.0,120.0,5.866910287993118
148,COMPLETE,[0.09524790742846766],2025-09-12T06:11:29.328571,2025-09-12T06:19:34.416983,485.088412,0.04546499312344113,0.2,0.0439012885714804,50.0,98.0,13.0,111.0,5.689593120654974
149,COMPLETE,[0.09487482819977909],2025-09-12T06:19:34.431996,2025-09-12T06:27:39.432270,485.000274,0.048280806890083836,0.2,0.033287940549103646,50.0,94.0,23.0,117.0,5.8696427338582415
150,COMPLETE,[0.07800836691403429],2025-09-12T06:27:39.447283,2025-09-12T06:35:44.197334,484.750051,0.05192278130698171,0.2,0.05117301052203409,50.0,89.0,17.0,106.0,5.509300785965206
151,COMPLETE,[0.05434725998546477],2025-09-12T06:35:44.211347,2025-09-12T06:43:48.871316,484.659969,0.04840213520387488,0.2,0.048811608465040096,50.0,93.0,15.0,108.0,5.630112147475135
152,COMPLETE,[0.07843464870328251],2025-09-12T06:43:48.886331,2025-09-12T06:51:53.386157,484.499826,0.04749149239238983,0.2,0.04535522966425626,50.0,96.0,14.0,110.0,5.683803008475728
153,COMPLETE,[0.1060930423528954],2025-09-12T06:51:53.399168,2025-09-12T06:59:57.759871,484.360703,0.052300060394921244,0.2,0.051295758850289225,50.0,87.0,19.0,106.0,5.474241928285355
154,COMPLETE,[0.1410702022720039],2025-09-12T06:59:57.774885,2025-09-12T07:08:02.279716,484.504831,0.05118295866264752,0.2,0.03098860793207215,50.0,88.0,29.0,117.0,5.85888432069606
155,COMPLETE,[0.06740305790556597],2025-09-12T07:08:02.294730,2025-09-12T07:16:06.890642,484.595912,0.049755862345814195,0.2,0.05311209602904601,50.0,89.0,17.0,106.0,5.5354681602318525
156,COMPLETE,[0.08502582560319079],2025-09-12T07:16:06.904655,2025-09-12T07:24:11.271363,484.366708,0.050201881428831946,0.2,0.04165862956300634,50.0,90.0,20.0,110.0,5.712517284132161
157,COMPLETE,[0.056212138411504436],2025-09-12T07:24:11.284376,2025-09-12T07:32:15.854264,484.569888,0.04909981344442089,0.2,0.045646461684559894,50.0,94.0,16.0,110.0,5.65755960678597
158,COMPLETE,[0.08039710139040207],2025-09-12T07:32:15.870278,2025-09-12T07:40:20.392284,484.522006,0.04574867553854343,0.2,0.04894833074310223,50.0,96.0,11.0,107.0,5.610717325365786
159,COMPLETE,[0.07003919661517975],2025-09-12T07:40:20.407298,2025-09-12T07:48:25.017223,484.609925,0.04686463802878595,0.2,0.04556781153042937,50.0,95.0,13.0,108.0,5.685679781311517
160,COMPLETE,[0.05339592469785442],2025-09-12T07:48:25.031235,2025-09-12T07:56:29.686084,484.654849,0.04924316014415525,0.2,0.05375432344640911,50.0,91.0,14.0,105.0,5.525490181677387
161,COMPLETE,[0.09232907087859102],2025-09-12T07:56:29.701097,2025-09-12T08:04:34.637314,484.936217,0.045128927220029716,0.2,0.040524619489424554,50.0,102.0,11.0,113.0,5.813486561311024
162,COMPLETE,[0.0690662818940679],2025-09-12T08:04:34.652328,2025-09-12T08:12:39.555515,484.903187,0.047299197201653057,0.2,0.035372119679513224,50.0,98.0,18.0,116.0,5.762974075383012
163,COMPLETE,[0.0643694694766077],2025-09-12T08:12:39.570528,2025-09-12T08:20:44.497739,484.927211,0.04766471451777772,0.2,0.04469582121526301,50.0,95.0,16.0,111.0,5.688425946473737
164,COMPLETE,[0.08642425152930963],2025-09-12T08:20:44.512751,2025-09-12T08:28:49.101980,484.589229,0.0502473285984494,0.2,0.04008080270931939,50.0,90.0,20.0,110.0,5.730592037766556
165,COMPLETE,[0.0414912940513179],2025-09-12T08:28:49.117994,2025-09-12T08:36:53.677875,484.559881,0.047735320515829675,0.2,0.0522539994340991,50.0,92.0,13.0,105.0,5.537685672249724
166,COMPLETE,[0.05301372881392492],2025-09-12T08:36:53.691888,2025-09-12T08:44:58.139668,484.44778,0.04603574973937118,0.2,0.047890922562672376,50.0,95.0,12.0,107.0,5.647109293122634
167,COMPLETE,[0.11879738018980922],2025-09-12T08:44:58.154681,2025-09-12T08:53:02.495367,484.340686,0.05290616473708097,0.2,0.05312907321040594,50.0,88.0,19.0,107.0,5.430892766815284
168,COMPLETE,[0.18316360294558542],2025-09-12T08:53:02.511381,2025-09-12T09:01:07.259430,484.748049,0.04508770329064936,0.2,0.030982123490351753,50.0,104.0,16.0,120.0,5.922174226040722
169,COMPLETE,[0.08111498691687767],2025-09-12T09:01:07.275444,2025-09-12T09:09:12.044511,484.769067,0.04914853748324659,0.2,0.04290651447309918,50.0,93.0,17.0,110.0,5.7093524182303
170,COMPLETE,[0.07700697576532059],2025-09-12T09:09:12.059525,2025-09-12T09:17:17.651327,485.591802,0.04747898896450227,0.2,0.042389051134936795,50.0,98.0,14.0,112.0,5.711010973302383
171,COMPLETE,[0.05795274035503418],2025-09-12T09:17:17.668342,2025-09-12T09:25:22.637589,484.969247,0.04835450001201044,0.2,0.049816620845062866,50.0,92.0,15.0,107.0,5.599341669493278
172,COMPLETE,[0.0779678993046494],2025-09-12T09:25:22.652602,2025-09-12T09:33:27.471715,484.819113,0.047670287146619736,0.2,0.03595847248791957,50.0,96.0,19.0,115.0,5.796026651719181
173,COMPLETE,[0.08866866004249635],2025-09-12T09:33:27.486728,2025-09-12T09:41:32.680175,485.193447,0.04968213144836286,0.2,0.03679387341861962,50.0,91.0,23.0,114.0,5.794112056045751
174,COMPLETE,[0.0767925422046143],2025-09-12T09:41:32.694187,2025-09-12T09:49:37.347151,484.652964,0.050647810171572896,0.2,0.050321718085467,50.0,89.0,16.0,105.0,5.570883377428185
175,COMPLETE,[0.15960076788260344],2025-09-12T09:49:37.362165,2025-09-12T09:57:42.283745,484.92158,0.0522734082749157,0.2,0.05418969908620805,50.0,90.0,17.0,107.0,5.392631611792417
176,COMPLETE,[0.09554333347338208],2025-09-12T09:57:42.298759,2025-09-12T10:05:47.524235,485.225476,0.05226311226504167,0.2,0.03751672699465264,50.0,85.0,26.0,111.0,5.745458057880694
177,COMPLETE,[0.11375614144069442],2025-09-12T10:05:47.539248,2025-09-12T10:13:53.497730,485.958482,0.051046924448446884,0.2,0.046278403135699114,50.0,89.0,19.0,108.0,5.614369571207085
178,COMPLETE,[0.05337561147883802],2025-09-12T10:13:53.512744,2025-09-12T10:21:59.155592,485.642848,0.04822528180805084,0.2,0.05158656493114128,50.0,92.0,14.0,106.0,5.623292543251141
179,COMPLETE,[0.058681313073142546],2025-09-12T10:21:59.170605,2025-09-12T10:30:04.737385,485.56678,0.046361294424483834,0.2,0.05047090153209355,50.0,96.0,11.0,107.0,5.661435337520437
180,COMPLETE,[0.06581409961794844],2025-09-12T10:30:04.753400,2025-09-12T10:38:09.910814,485.157414,0.05179146381888175,0.2,0.05179104749744233,50.0,89.0,17.0,106.0,5.508620689484531
181,COMPLETE,[0.0467604940372031],2025-09-12T10:38:09.925827,2025-09-12T10:46:15.122277,485.19645,0.04646304049605231,0.2,0.0467949410710867,50.0,94.0,14.0,108.0,5.653102912962005
182,COMPLETE,[0.07482687224142019],2025-09-12T10:46:15.139292,2025-09-12T10:54:20.143569,485.004277,0.045733034401928496,0.2,0.03666889394504212,50.0,100.0,15.0,115.0,5.787601912060161
183,COMPLETE,[0.0968493316515661],2025-09-12T10:54:20.158583,2025-09-12T11:02:25.539197,485.380614,0.04504230401239663,0.2,0.032418343821165214,50.0,104.0,16.0,120.0,5.8419101992224824
184,COMPLETE,[0.06673599304979401],2025-09-12T11:02:25.553209,2025-09-12T11:10:30.707946,485.154737,0.05038412080965439,0.2,0.04671914485681339,50.0,91.0,18.0,109.0,5.619311797101361
185,COMPLETE,[0.06804658997328185],2025-09-12T11:10:30.722959,2025-09-12T11:18:36.068542,485.345583,0.04751614603377732,0.2,0.04541429068788639,50.0,97.0,13.0,110.0,5.702599060815663
186,COMPLETE,[0.09641394269370819],2025-09-12T11:18:36.082555,2025-09-12T11:26:41.266993,485.184438,0.04909322260860313,0.2,0.030779454669713803,50.0,97.0,23.0,120.0,5.881373979306913
187,COMPLETE,[0.08784562699096293],2025-09-12T11:26:41.282007,2025-09-12T11:34:46.026052,484.744045,0.049836730737353854,0.2,0.03733061459289115,50.0,90.0,22.0,112.0,5.758296220156852
188,COMPLETE,[0.07947672751420391],2025-09-12T11:34:46.041065,2025-09-12T11:42:51.418676,485.377611,0.04892926047179325,0.2,0.036372297921685094,50.0,92.0,21.0,113.0,5.814807215977343
189,COMPLETE,[0.06357207930489757],2025-09-12T11:42:51.432688,2025-09-12T11:50:56.799291,485.366603,0.04538101200288417,0.2,0.038962448397638766,50.0,99.0,14.0,113.0,5.745737534298257
190,COMPLETE,[0.04930373249882825],2025-09-12T11:50:56.814304,2025-09-12T11:59:02.081817,485.267513,0.04755826761181259,0.2,0.05107305439981222,50.0,94.0,12.0,106.0,5.604288647822697
191,COMPLETE,[0.07336981995206227],2025-09-12T11:59:02.095829,2025-09-12T12:07:07.341796,485.245967,0.045999465835952935,0.2,0.04513671284068011,50.0,98.0,12.0,110.0,5.676027372047237
192,COMPLETE,[0.05438001182168696],2025-09-12T12:07:07.356810,2025-09-12T12:15:13.081731,485.724921,0.04547958599743847,0.2,0.04887161175653029,50.0,96.0,13.0,109.0,5.6513518053862
193,COMPLETE,[0.05964378004106004],2025-09-12T12:15:13.098747,2025-09-12T12:23:19.590352,486.491605,0.04624178498533736,0.2,0.04425516544427907,50.0,98.0,13.0,111.0,5.685892459614935
194,COMPLETE,[0.10652044115534107],2025-09-12T12:23:19.604365,2025-09-12T12:31:25.727643,486.123278,0.05287006155569006,0.2,0.03428669190900953,50.0,83.0,31.0,114.0,5.783713069392515
195,COMPLETE,[0.04850073154949154],2025-09-12T12:31:25.743657,2025-09-12T12:39:31.671760,485.928103,0.049547494016239035,0.2,0.04939641944275545,50.0,93.0,13.0,106.0,5.576204156632469
196,COMPLETE,[0.04430140140290362],2025-09-12T12:39:31.687774,2025-09-12T12:47:38.581740,486.893966,0.0512727250713596,0.2,0.04847169143405823,50.0,93.0,16.0,109.0,5.575744202031829
197,COMPLETE,[0.0979359784816091],2025-09-12T12:47:38.596754,2025-09-12T12:55:45.260514,486.66376,0.049491850281944694,0.2,0.05043733613714644,50.0,89.0,17.0,106.0,5.607674018121282
198,COMPLETE,[0.04453811946796963],2025-09-12T12:55:45.275528,2025-09-12T13:03:51.605989,486.330461,0.04953343008295619,0.2,0.05148362158388975,50.0,92.0,13.0,105.0,5.525028256656051
199,COMPLETE,[0.03592971639848743],2025-09-12T13:03:51.620002,2025-09-12T13:11:57.623172,486.00317,0.04988595423841796,0.2,0.05150208912986757,50.0,91.0,15.0,106.0,5.558043052526841
200,COMPLETE,[0.0988859544099601],2025-09-12T13:11:57.638185,2025-09-12T13:20:03.216976,485.578791,0.05046152469980831,0.2,0.04565955341486387,50.0,89.0,19.0,108.0,5.6416514009488505
201,COMPLETE,[0.14860537283603417],2025-09-12T13:20:03.231990,2025-09-12T13:28:09.271192,486.039202,0.05219035987203416,0.2,0.03344229658144177,50.0,82.0,31.0,113.0,5.836762760848642
202,COMPLETE,[0.060816967126403866],2025-09-12T13:28:09.286205,2025-09-12T13:36:15.288374,486.002169,0.0492895258194481,0.2,0.050283990935742984,50.0,91.0,16.0,107.0,5.6052770498083175
203,COMPLETE,[0.10926810685524599],2025-09-12T13:36:15.304388,2025-09-12T13:44:21.466701,486.162313,0.048800944734921574,0.2,0.030772128398313236,50.0,99.0,21.0,120.0,5.87087809161142
204,COMPLETE,[0.06697601979832177],2025-09-12T13:44:21.481715,2025-09-12T13:52:27.652034,486.170319,0.049227765025711696,0.2,0.043518863654205125,50.0,90.0,19.0,109.0,5.697779753346383
205,COMPLETE,[0.04404099407800479],2025-09-12T13:52:27.667047,2025-09-12T14:00:34.559011,486.891964,0.047408907899155604,0.2,0.04778206286722711,50.0,94.0,13.0,107.0,5.6487627776693845
206,COMPLETE,[0.06574576775039338],2025-09-12T14:00:34.574025,2025-09-12T14:08:41.490010,486.915985,0.04721700153583939,0.2,0.03801660887416876,50.0,97.0,16.0,113.0,5.803298139491912
207,COMPLETE,[0.08662888642944803],2025-09-12T14:08:41.505023,2025-09-12T14:16:48.060687,486.555664,0.046110589501793364,0.2,0.052194697539294704,50.0,96.0,11.0,107.0,5.56883198437651
208,COMPLETE,[0.058540538788380815],2025-09-12T14:16:48.076701,2025-09-12T14:24:55.004697,486.927996,0.046443800206375646,0.2,0.03895747653048918,50.0,99.0,15.0,114.0,5.777101515636823
209,COMPLETE,[0.10272667133061297],2025-09-12T14:24:55.020712,2025-09-12T14:33:01.720505,486.699793,0.04567723861683639,0.2,0.03176543290798174,50.0,105.0,17.0,122.0,5.821946303222469
210,COMPLETE,[0.1053378978568983],2025-09-12T14:33:01.735518,2025-09-12T14:41:08.444318,486.7088,0.052441856387722224,0.2,0.03247065073911114,50.0,82.0,33.0,115.0,5.798451074783621
211,COMPLETE,[0.05516484076967],2025-09-12T14:41:08.459332,2025-09-12T14:49:15.712619,487.253287,0.05067194271866027,0.2,0.050045025000430704,50.0,91.0,16.0,107.0,5.600175020796765
212,COMPLETE,[0.07491352675924397],2025-09-12T14:49:15.727632,2025-09-12T14:57:22.919866,487.192234,0.04852487990312477,0.2,0.036424406420491204,50.0,93.0,21.0,114.0,5.785889383282466
213,COMPLETE,[0.05434023899636135],2025-09-12T14:57:22.933877,2025-09-12T15:05:30.260229,487.326352,0.04769860096080209,0.2,0.052481436823112154,50.0,94.0,12.0,106.0,5.55088414769166
214,COMPLETE,[0.05800398836396595],2025-09-12T15:05:30.276243,2025-09-12T15:13:37.707689,487.431446,0.04741958769011447,0.2,0.03900172837785477,50.0,97.0,15.0,112.0,5.7690502685882405
215,COMPLETE,[0.060437551320431965],2025-09-12T15:13:37.723705,2025-09-12T15:21:45.245230,487.521525,0.04684958337593197,0.2,0.04092927077620312,50.0,98.0,14.0,112.0,5.736921833897153
216,COMPLETE,[0.09963681993164217],2025-09-12T15:21:45.261244,2025-09-12T15:29:53.225166,487.963922,0.05031971449583225,0.2,0.0545658931100158,50.0,91.0,15.0,106.0,5.465383643994312
217,COMPLETE,[0.0942146886859216],2025-09-12T15:29:53.240179,2025-09-12T15:38:01.291178,488.050999,0.05010219112610531,0.2,0.050391579452428295,50.0,88.0,17.0,105.0,5.5921549158393855
218,COMPLETE,[0.04247200813595512],2025-09-12T15:38:01.306192,2025-09-12T15:46:08.703607,487.397415,0.04923156976384535,0.2,0.053604388886451554,50.0,91.0,14.0,105.0,5.526065325056178
219,COMPLETE,[0.054045655735759875],2025-09-12T15:46:08.718621,2025-09-12T15:54:15.769727,487.051106,0.04746016705399666,0.2,0.03972555787957941,50.0,98.0,16.0,114.0,5.74046043562627
220,COMPLETE,[0.06263102585325155],2025-09-12T15:54:15.784741,2025-09-12T16:02:23.117098,487.332357,0.05175916230172307,0.2,0.05301749279535495,50.0,89.0,17.0,106.0,5.499193485739666
221,COMPLETE,[0.044816400947923156],2025-09-12T16:02:23.132112,2025-09-12T16:10:29.837909,486.705797,0.04810010642130168,0.2,0.050008642284052315,50.0,94.0,13.0,107.0,5.6346377487576715
222,COMPLETE,[0.0827230422390443],2025-09-12T16:10:29.852923,2025-09-12T16:18:37.158256,487.305333,0.05218586555973742,0.2,0.034547840754151724,50.0,84.0,30.0,114.0,5.7740146944738155
223,COMPLETE,[0.08585089952456652],2025-09-12T16:18:37.177273,2025-09-12T16:26:44.692794,487.515521,0.05293181542805325,0.2,0.03589174370967073,50.0,83.0,30.0,113.0,5.758713579290982
224,COMPLETE,[0.061440320484616014],2025-09-12T16:26:44.707808,2025-09-12T16:34:51.320522,486.612714,0.050799932675319126,0.2,0.05250409536885364,50.0,90.0,16.0,106.0,5.493053902763042
225,COMPLETE,[0.03011237077609441],2025-09-12T16:34:51.334535,2025-09-12T16:42:58.521752,487.187217,0.04918423733846939,0.2,0.05259374835402453,50.0,91.0,15.0,106.0,5.556534722841096
226,COMPLETE,[0.04815226920079816],2025-09-12T16:42:58.534763,2025-09-12T16:51:04.729103,486.19434,0.048104225105810514,0.2,0.03942028309909383,50.0,97.0,17.0,114.0,5.773820482246529
227,COMPLETE,[0.17307290600567202],2025-09-12T16:51:04.744116,2025-09-12T16:59:11.054561,486.310445,0.05221351638111908,0.2,0.030914232586307683,50.0,84.0,33.0,117.0,5.887326529371461
228,COMPLETE,[0.05961261741661689],2025-09-12T16:59:11.070576,2025-09-12T17:07:17.642253,486.571677,0.04649541620929847,0.2,0.03584209171676249,50.0,100.0,17.0,117.0,5.782987751249514
229,COMPLETE,[0.06928451793489178],2025-09-12T17:07:17.657267,2025-09-12T17:15:24.156882,486.499615,0.0513489143678898,0.2,0.042641084295445275,50.0,90.0,21.0,111.0,5.6721736171146
230,COMPLETE,[0.04125633191668672],2025-09-12T17:15:24.171895,2025-09-12T17:23:30.713545,486.54165,0.048114835898954524,0.2,0.048867911541528475,50.0,94.0,14.0,108.0,5.633863878954225
231,COMPLETE,[0.05332649876670406],2025-09-12T17:23:30.727558,2025-09-12T17:31:36.943919,486.216361,0.0464327991500627,0.2,0.0442146977568019,50.0,96.0,14.0,110.0,5.682481192895012
232,COMPLETE,[0.08002815557226445],2025-09-12T17:31:36.957931,2025-09-12T17:39:43.484568,486.526637,0.04875195467191525,0.2,0.038698541924177376,50.0,95.0,18.0,113.0,5.806402082105247
233,COMPLETE,[0.07137746550573532],2025-09-12T17:39:43.499582,2025-09-12T17:47:50.038230,486.538648,0.048352993008670686,0.2,0.03312518813887324,50.0,97.0,22.0,119.0,5.867031595014298
234,COMPLETE,[0.09498126194255696],2025-09-12T17:47:50.053244,2025-09-12T17:55:56.789069,486.735825,0.05092007089884467,0.2,0.03565764112993225,50.0,89.0,25.0,114.0,5.794246314912689
235,COMPLETE,[0.08820470961573498],2025-09-12T17:55:56.806083,2025-09-12T18:04:03.413793,486.60771,0.05086940971644699,0.2,0.03285900044408888,50.0,89.0,26.0,115.0,5.82124847097584
236,COMPLETE,[0.08597594991862025],2025-09-12T18:04:03.428807,2025-09-12T18:12:09.491030,486.062223,0.05292569187460669,0.2,0.030999970941359867,50.0,82.0,34.0,116.0,5.803453973361587
237,COMPLETE,[0.04802172424583976],2025-09-12T18:12:09.506043,2025-09-12T18:20:15.708733,486.20269,0.046394181696575575,0.2,0.05415215941894433,50.0,94.0,12.0,106.0,5.55529718322682
238,COMPLETE,[0.044173597699922115],2025-09-12T18:20:15.723746,2025-09-12T18:28:21.207453,485.483707,0.04727246778592184,0.2,0.05394215586875714,50.0,93.0,11.0,104.0,5.533587701642883
239,COMPLETE,[0.0538562191881135],2025-09-12T18:28:21.222466,2025-09-12T18:36:26.807262,485.584796,0.05062080257980102,0.2,0.05066676759013325,50.0,90.0,16.0,106.0,5.576234784969251
240,COMPLETE,[0.04611414695339314],2025-09-12T18:36:26.820274,2025-09-12T18:44:31.973685,485.153411,0.049222552089275715,0.2,0.049539214572763376,50.0,92.0,15.0,107.0,5.58252560015591
241,COMPLETE,[0.10011920273960334],2025-09-12T18:44:31.988698,2025-09-12T18:52:37.807703,485.819005,0.04517780154916459,0.2,0.041950376712391116,50.0,101.0,12.0,113.0,5.712147417127066
242,COMPLETE,[0.06375060417071955],2025-09-12T18:52:37.822717,2025-09-12T19:00:44.026066,486.203349,0.047968826036243147,0.2,0.053436536760912715,50.0,95.0,12.0,107.0,5.545614342566186
243,COMPLETE,[0.08267914071075011],2025-09-12T19:00:44.040078,2025-09-12T19:08:50.086287,486.046209,0.05112397040124162,0.2,0.04406562712573319,50.0,89.0,21.0,110.0,5.645403744991976
244,COMPLETE,[0.04736577383122748],2025-09-12T19:08:50.100300,2025-09-12T19:16:55.918304,485.818004,0.045890919786152194,0.2,0.04811608634386824,50.0,96.0,13.0,109.0,5.655372142969511
245,COMPLETE,[0.06881232023732027],2025-09-12T19:16:55.932316,2025-09-12T19:25:02.389893,486.457577,0.048488043774179035,0.2,0.04193132422012957,50.0,95.0,18.0,113.0,5.711937617439874
246,COMPLETE,[0.034142216322802635],2025-09-12T19:25:02.404906,2025-09-12T19:33:07.882607,485.477701,0.04918210062774681,0.2,0.053334705035393996,50.0,91.0,14.0,105.0,5.532236189254092
247,COMPLETE,[0.0594297134002245],2025-09-12T19:33:07.897620,2025-09-12T19:41:13.774694,485.877074,0.05012465696567584,0.2,0.045935547554016076,50.0,91.0,18.0,109.0,5.636669022512853
248,COMPLETE,[0.07124322525141238],2025-09-12T19:41:13.790708,2025-09-12T19:49:20.232270,486.441562,0.05156939357676976,0.2,0.04317563553270317,50.0,88.0,21.0,109.0,5.683945953296734
249,COMPLETE,[0.05017694033983831],2025-09-12T19:49:20.247283,2025-09-12T19:57:26.640802,486.393519,0.046199090336004126,0.2,0.035822247797542575,50.0,100.0,16.0,116.0,5.7573215713648915
250,COMPLETE,[0.07955454589125215],2025-09-12T19:57:26.654815,2025-09-12T20:05:33.256520,486.601705,0.05135498615575774,0.2,0.035337492108369395,50.0,89.0,26.0,115.0,5.822503832646213
251,COMPLETE,[0.0343482865370656],2025-09-12T20:05:33.271533,2025-09-12T20:13:39.674060,486.402527,0.047806747228099224,0.2,0.04739461981484126,50.0,94.0,15.0,109.0,5.661332711265775
252,COMPLETE,[0.07250326106877285],2025-09-12T20:13:39.688073,2025-09-12T20:21:46.531993,486.84392,0.04932632514789739,0.2,0.03818820446923071,50.0,95.0,18.0,113.0,5.796841473809506
253,COMPLETE,[0.06723019998186626],2025-09-12T20:21:46.546007,2025-09-12T20:29:52.698309,486.152302,0.05083183815263268,0.2,0.043038227768334894,50.0,88.0,21.0,109.0,5.696216366679137
254,COMPLETE,[0.08618803813310102],2025-09-12T20:29:52.713322,2025-09-12T20:37:58.934688,486.221366,0.04860863285914024,0.2,0.032232143867533876,50.0,99.0,20.0,119.0,5.84897442803028
255,COMPLETE,[0.0667091258536549],2025-09-12T20:37:58.949701,2025-09-12T20:46:05.008920,486.059219,0.04938503444039351,0.2,0.037768244294781976,50.0,93.0,20.0,113.0,5.7610009707657905
256,COMPLETE,[0.06916786232290616],2025-09-12T20:46:05.024935,2025-09-12T20:54:11.190250,486.165315,0.0475292119591336,0.2,0.04103426183892417,50.0,95.0,17.0,112.0,5.760552973670024
257,COMPLETE,[0.06260731707111161],2025-09-12T20:54:11.205264,2025-09-12T21:02:17.283501,486.078237,0.04920330222587112,0.2,0.03746144775002537,50.0,95.0,18.0,113.0,5.763681964621572
258,COMPLETE,[0.06828656826267836],2025-09-12T21:02:17.298514,2025-09-12T21:10:22.800236,485.501722,0.048968379597047224,0.2,0.0339250324071098,50.0,95.0,22.0,117.0,5.810860754570051
259,COMPLETE,[0.0657530173915751],2025-09-12T21:10:22.816250,2025-09-12T21:18:28.581207,485.764957,0.05031309665409073,0.2,0.03568298602714064,50.0,91.0,22.0,113.0,5.792111328073519
260,COMPLETE,[0.04756172387140473],2025-09-12T21:18:28.597222,2025-09-12T21:26:34.706487,486.109265,0.048388507657450175,0.2,0.04780590569244601,50.0,92.0,17.0,109.0,5.642689529013444
261,COMPLETE,[0.05507890850804709],2025-09-12T21:26:34.722501,2025-09-12T21:34:40.507476,485.784975,0.05172903760254352,0.2,0.049690515503266655,50.0,89.0,18.0,107.0,5.537753431341264
262,COMPLETE,[0.07044496772981651],2025-09-12T21:34:40.521490,2025-09-12T21:42:46.550682,486.029192,0.04864265282447693,0.2,0.033421783818274625,50.0,96.0,21.0,117.0,5.876226271252744
263,COMPLETE,[0.04780206491168951],2025-09-12T21:42:46.566696,2025-09-12T21:50:52.592887,486.026191,0.04623610359947343,0.2,0.035514740067204176,50.0,99.0,18.0,117.0,5.775726114070588
264,COMPLETE,[0.046327451959099375],2025-09-12T21:50:52.607900,2025-09-12T21:58:59.061473,486.453573,0.04625734636046868,0.2,0.047246157098091705,50.0,95.0,13.0,108.0,5.63163515118309
265,COMPLETE,[0.0803939955691994],2025-09-12T21:58:59.076486,2025-09-12T22:07:04.848450,485.771964,0.05216223819566839,0.2,0.03366116014830406,50.0,84.0,31.0,115.0,5.820347198238319
266,COMPLETE,[0.05556601271909181],2025-09-12T22:07:04.863463,2025-09-12T22:15:10.685471,485.822008,0.04971680405705291,0.2,0.04054756838188289,50.0,90.0,20.0,110.0,5.711781933280596
267,COMPLETE,[0.0661573180229033],2025-09-12T22:15:10.699484,2025-09-12T22:23:16.510482,485.810998,0.045375175907148645,0.2,0.04544016093923546,50.0,99.0,11.0,110.0,5.687873113383788
268,COMPLETE,[0.038941050369541465],2025-09-12T22:23:16.525496,2025-09-12T22:31:22.262428,485.736932,0.0522894270233519,0.2,0.04633297901904797,50.0,90.0,19.0,109.0,5.546875503612171
269,COMPLETE,[0.10254750288273301],2025-09-12T22:31:22.277441,2025-09-12T22:39:27.673069,485.395628,0.052356809317283474,0.2,0.04313483479408728,50.0,86.0,22.0,108.0,5.6555777010257815
270,COMPLETE,[0.07590873096261484],2025-09-12T22:39:27.688082,2025-09-12T22:47:33.075702,485.38762,0.05196618442083934,0.2,0.03652221913082194,50.0,85.0,27.0,112.0,5.758743065956833
271,COMPLETE,[0.044956147936118955],2025-09-12T22:47:33.090716,2025-09-12T22:55:38.359229,485.268513,0.04674416497566424,0.2,0.05487159485529562,50.0,94.0,11.0,105.0,5.543196398545847
272,COMPLETE,[0.13338018316996408],2025-09-12T22:55:38.373243,2025-09-12T23:03:43.691800,485.318557,0.05233447362768013,0.2,0.04440070239124861,50.0,85.0,23.0,108.0,5.591133573913683
273,COMPLETE,[0.08234174350233404],2025-09-12T23:03:43.706813,2025-09-12T23:11:49.126462,485.419649,0.05075730691317286,0.2,0.036348258711421805,50.0,89.0,24.0,113.0,5.764078130347063
274,COMPLETE,[0.040169893275844484],2025-09-12T23:11:49.140476,2025-09-12T23:19:54.488059,485.347583,0.04723925538979777,0.2,0.05328915034277466,50.0,92.0,13.0,105.0,5.573450797790603
275,COMPLETE,[0.05943410862571256],2025-09-12T23:19:54.502073,2025-09-12T23:28:00.231998,485.729925,0.050898583100781436,0.2,0.04104444430950331,50.0,88.0,22.0,110.0,5.686849703124358
276,COMPLETE,[0.05429449707052026],2025-09-12T23:28:00.246011,2025-09-12T23:36:06.442353,486.196342,0.04572402036286541,0.2,0.04324310365055911,50.0,97.0,14.0,111.0,5.707320079814201
277,COMPLETE,[0.04827107158534218],2025-09-12T23:36:06.456366,2025-09-12T23:44:12.086202,485.629836,0.04707848889682792,0.2,0.047292209165447616,50.0,95.0,13.0,108.0,5.615295704423515
278,COMPLETE,[0.05394426727897549],2025-09-12T23:44:12.100214,2025-09-12T23:52:17.582919,485.482705,0.051869705374755076,0.2,0.038958346456476785,50.0,88.0,23.0,111.0,5.691585470535577
279,COMPLETE,[0.0406425445751108],2025-09-12T23:52:17.597933,2025-09-13T00:00:22.572184,484.974251,0.04974316262511292,0.2,0.05266377691705134,50.0,90.0,15.0,105.0,5.535011698755139
280,COMPLETE,[0.1018839429367698],2025-09-13T00:00:22.587197,2025-09-13T00:08:27.866721,485.279524,0.05289749373619318,0.2,0.04719664977261116,50.0,86.0,21.0,107.0,5.548629331704558
281,COMPLETE,[0.09125574849937561],2025-09-13T00:08:27.881734,2025-09-13T00:16:33.053161,485.171427,0.05285462389133059,0.2,0.031348105456391134,50.0,81.0,34.0,115.0,5.7974790505178415
282,COMPLETE,[0.047517649673549656],2025-09-13T00:16:33.067174,2025-09-13T00:24:38.368718,485.301544,0.05033100708110029,0.2,0.04586988294253016,50.0,92.0,18.0,110.0,5.651809983475361
283,COMPLETE,[0.0397046132148348],2025-09-13T00:24:38.383730,2025-09-13T00:32:43.442056,485.058326,0.049125140719334943,0.2,0.04984137154605693,50.0,93.0,15.0,108.0,5.597422265046607
284,COMPLETE,[0.03793532189791337],2025-09-13T00:32:43.457070,2025-09-13T00:40:48.372268,484.915198,0.05071697600056086,0.2,0.048749163955192416,50.0,91.0,18.0,109.0,5.573051811432604
285,COMPLETE,[0.060055207803973526],2025-09-13T00:40:48.387282,2025-09-13T00:48:53.351523,484.964241,0.04697823764941684,0.2,0.044130292841521486,50.0,97.0,15.0,112.0,5.724076463240134
286,COMPLETE,[0.05649072883677451],2025-09-13T00:48:53.367537,2025-09-13T00:56:57.795300,484.427763,0.04587222858306663,0.2,0.04077314111517036,50.0,100.0,14.0,114.0,5.736160525838878
287,COMPLETE,[0.08244436362917326],2025-09-13T00:56:57.810313,2025-09-13T01:05:02.598398,484.788085,0.051572167542841774,0.2,0.03675647160451491,50.0,88.0,25.0,113.0,5.745043503595761
288,COMPLETE,[0.08113684784897135],2025-09-13T01:05:02.613411,2025-09-13T01:13:07.293399,484.679988,0.05171290837925158,0.2,0.036352598607851574,50.0,87.0,26.0,113.0,5.746715251372742
289,COMPLETE,[0.02595385076961036],2025-09-13T01:13:07.308413,2025-09-13T01:21:11.659106,484.350693,0.04843704690791738,0.2,0.05372854354876028,50.0,91.0,14.0,105.0,5.560049536881144
290,COMPLETE,[0.055579120508218734],2025-09-13T01:21:11.675121,2025-09-13T01:29:16.885583,485.210462,0.046489771105479034,0.2,0.03547305144316063,50.0,100.0,18.0,118.0,5.791471472245556
291,COMPLETE,[0.07304965141030424],2025-09-13T01:29:16.900596,2025-09-13T01:37:21.601603,484.701007,0.04530196772244816,0.2,0.03446886992277512,50.0,102.0,17.0,119.0,5.817604555105645
292,COMPLETE,[0.0671490334621289],2025-09-13T01:37:21.617617,2025-09-13T01:45:26.570849,484.953232,0.04714420115792292,0.2,0.034708500223913946,50.0,101.0,16.0,117.0,5.805415630246718
293,COMPLETE,[0.04124737446983663],2025-09-13T01:45:26.584862,2025-09-13T01:53:31.422991,484.838129,0.04696004279198362,0.2,0.03550504248996994,50.0,100.0,17.0,117.0,5.781488846274863
294,COMPLETE,[0.055125350223938496],2025-09-13T01:53:31.438004,2025-09-13T02:01:36.044927,484.606923,0.04722591791945638,0.2,0.03618823069099833,50.0,99.0,17.0,116.0,5.801464282370775
295,COMPLETE,[0.04119740909441737],2025-09-13T02:01:36.059941,2025-09-13T02:09:41.010170,484.950229,0.04663244217122072,0.2,0.05386775408509861,50.0,94.0,11.0,105.0,5.573839277874422
296,COMPLETE,[0.0896520225229378],2025-09-13T02:09:41.025184,2025-09-13T02:17:46.678041,485.652857,0.04548183325517588,0.2,0.030127907906792747,50.0,104.0,17.0,121.0,5.867634268344866
297,COMPLETE,[0.0369147762651051],2025-09-13T02:17:46.693054,2025-09-13T02:25:52.347912,485.654858,0.049627275531550254,0.2,0.052539286324122386,50.0,91.0,14.0,105.0,5.5235221992831605
298,COMPLETE,[0.047814482117883965],2025-09-13T02:25:52.362926,2025-09-13T02:33:58.065827,485.702901,0.050077136236907904,0.2,0.05419280223609878,50.0,89.0,16.0,105.0,5.515790289201114
299,COMPLETE,[0.0455861187107],2025-09-13T02:33:58.080841,2025-09-13T02:42:04.304208,486.223367,0.046065967524399204,0.2,0.047298646618158205,50.0,96.0,13.0,109.0,5.639405073525565
300,COMPLETE,[0.06924988826185693],2025-09-13T02:42:04.319222,2025-09-13T02:50:10.181266,485.862044,0.04992048762562129,0.2,0.03517911057998163,50.0,93.0,22.0,115.0,5.8402614721607495
301,COMPLETE,[0.06880273275769264],2025-09-13T02:50:10.196279,2025-09-13T02:58:15.939217,485.742938,0.05236929922574665,0.2,0.036450343869063886,50.0,84.0,29.0,113.0,5.747156203344859
302,COMPLETE,[0.044143638898927286],2025-09-13T02:58:15.955231,2025-09-13T03:06:21.096631,485.1414,0.04527943268741138,0.2,0.04175839898579114,50.0,99.0,13.0,112.0,5.744581150569112
303,COMPLETE,[0.06964072297718309],2025-09-13T03:06:21.111644,2025-09-13T03:14:26.588344,485.4767,0.05237831261757321,0.2,0.04405054971046836,50.0,88.0,21.0,109.0,5.651421556657348
304,COMPLETE,[0.039460868092723006],2025-09-13T03:14:26.603357,2025-09-13T03:22:31.988976,485.385619,0.050270954621443785,0.2,0.04878139512310973,50.0,91.0,16.0,107.0,5.583555725265315
305,COMPLETE,[0.0583741967696262],2025-09-13T03:22:32.003989,2025-09-13T03:30:37.764943,485.760954,0.05158292567166595,0.2,0.046453304630872036,50.0,89.0,19.0,108.0,5.576439366370902
306,COMPLETE,[0.055213133395814164],2025-09-13T03:30:37.779956,2025-09-13T03:38:43.150892,485.370936,0.0508080644458457,0.2,0.05178002720854885,50.0,88.0,17.0,105.0,5.498503475236043
307,COMPLETE,[0.07576416938647852],2025-09-13T03:38:43.166906,2025-09-13T03:46:48.406394,485.239488,0.04756368723808383,0.2,0.032020321110929374,50.0,101.0,19.0,120.0,5.829614636071692
308,COMPLETE,[0.05230608820450611],2025-09-13T03:46:48.421407,2025-09-13T03:54:56.997877,488.57647,0.0479825495958701,0.2,0.03675344014614815,50.0,96.0,18.0,114.0,5.800281248599312
309,COMPLETE,[0.036834736305116404],2025-09-13T03:54:57.011889,2025-09-13T04:03:02.971019,485.95913,0.05053975387758846,0.2,0.04828277609623588,50.0,92.0,16.0,108.0,5.611945515165489
310,COMPLETE,[0.0762212868569629],2025-09-13T04:03:02.987034,2025-09-13T04:11:08.469739,485.482705,0.051037633038100085,0.2,0.03842279224500038,50.0,86.0,24.0,110.0,5.7691343356852425
311,COMPLETE,[0.060126301947125364],2025-09-13T04:11:08.485753,2025-09-13T04:19:13.140719,484.654966,0.04983524106669643,0.2,0.05047635882113437,50.0,89.0,17.0,106.0,5.589609532158978
312,COMPLETE,[0.04250209027619477],2025-09-13T04:19:13.155732,2025-09-13T04:27:18.838616,485.682884,0.05174709158988654,0.2,0.0495863059147342,50.0,89.0,19.0,108.0,5.5271047859436635
313,COMPLETE,[0.03709914904035374],2025-09-13T04:27:18.853629,2025-09-13T04:35:23.432528,484.578899,0.048767617528797325,0.2,0.04951692498334888,50.0,92.0,15.0,107.0,5.582067251744227
314,COMPLETE,[0.06096730173274058],2025-09-13T04:35:23.447541,2025-09-13T04:43:28.198592,484.751051,0.05198167156598167,0.2,0.044478847554013566,50.0,89.0,21.0,110.0,5.614219228939158
315,COMPLETE,[0.0607732351698411],2025-09-13T04:43:28.214606,2025-09-13T04:51:32.424174,484.209568,0.050448384096842144,0.2,0.04207907100328535,50.0,91.0,20.0,111.0,5.712689285351339
316,COMPLETE,[0.02842243380892399],2025-09-13T04:51:32.438186,2025-09-13T04:59:37.180230,484.742044,0.04757900439255803,0.2,0.047948196923348604,50.0,94.0,14.0,108.0,5.648004647269178
317,COMPLETE,[0.08164535389752411],2025-09-13T04:59:37.195243,2025-09-13T05:07:41.839199,484.643956,0.04988513331622642,0.2,0.03281083658600796,50.0,91.0,25.0,116.0,5.854544976195468
318,COMPLETE,[0.06194375014365614],2025-09-13T05:07:41.854212,2025-09-13T05:15:46.697346,484.843134,0.04953659086423183,0.2,0.031893734299094284,50.0,93.0,23.0,116.0,5.833784173500374
319,COMPLETE,[0.03947164973799056],2025-09-13T05:15:46.712360,2025-09-13T05:23:51.806745,485.094385,0.04635674651645375,0.2,0.03851168466643057,50.0,99.0,16.0,115.0,5.745252876318653
320,COMPLETE,[0.08679352809769035],2025-09-13T05:23:51.821758,2025-09-13T05:31:56.843051,485.021293,0.04537735378649899,0.2,0.03498026448004634,50.0,104.0,15.0,119.0,5.788144535838401
321,COMPLETE,[0.06509899564908914],2025-09-13T05:31:56.859065,2025-09-13T05:40:01.400930,484.541865,0.048437239961042176,0.2,0.03964275216610806,50.0,96.0,17.0,113.0,5.74476207670114
322,COMPLETE,[0.058610742963502195],2025-09-13T05:40:01.415943,2025-09-13T05:48:06.253071,484.837128,0.04787170726418587,0.2,0.033618970023311795,50.0,96.0,21.0,117.0,5.868224633848562
323,COMPLETE,[0.06011328849493873],2025-09-13T05:48:06.267085,2025-09-13T05:56:11.654704,485.387619,0.04899939526905831,0.2,0.03617497087646144,50.0,93.0,21.0,114.0,5.821281169695143
324,COMPLETE,[0.06875689573530422],2025-09-13T05:56:11.669717,2025-09-13T06:04:16.712029,485.042312,0.048995529550236484,0.2,0.04088626152972065,50.0,92.0,18.0,110.0,5.737709706217968
325,COMPLETE,[0.04991342463846434],2025-09-13T06:04:16.727042,2025-09-13T06:12:21.850885,485.123843,0.05101986030658566,0.2,0.047232661728594125,50.0,90.0,19.0,109.0,5.595053961470756
326,COMPLETE,[0.05576899355510668],2025-09-13T06:12:21.865899,2025-09-13T06:20:26.846154,484.980255,0.04698752619327423,0.2,0.04376940772509842,50.0,96.0,16.0,112.0,5.709095737394015
327,COMPLETE,[0.1261003705817247],2025-09-13T06:20:26.861168,2025-09-13T06:28:31.958553,485.097385,0.04638324697112785,0.2,0.030642812016210406,50.0,101.0,20.0,121.0,5.894672603861294
328,COMPLETE,[0.13159824733372216],2025-09-13T06:28:31.974567,2025-09-13T06:36:37.811589,485.837022,0.052660539478306706,0.2,0.030826943666112237,50.0,82.0,35.0,117.0,5.871985778672533
329,COMPLETE,[0.04538196842758235],2025-09-13T06:36:37.827603,2025-09-13T06:44:43.386376,485.558773,0.04761437122646981,0.2,0.04184059131616092,50.0,97.0,15.0,112.0,5.71056674485509
330,COMPLETE,[0.051403914883387095],2025-09-13T06:44:43.400390,2025-09-13T06:52:48.910118,485.509728,0.04791363525806111,0.2,0.03488241822675331,50.0,96.0,20.0,116.0,5.808149463368736
331,COMPLETE,[0.03323611752555523],2025-09-13T06:52:48.925131,2025-09-13T07:00:54.650053,485.724922,0.049476536453931116,0.2,0.04704718033105816,50.0,92.0,17.0,109.0,5.611777373399208
332,COMPLETE,[0.03728450343689335],2025-09-13T07:00:54.666067,2025-09-13T07:09:00.433026,485.766959,0.04567828868832902,0.2,0.05275983949557309,50.0,94.0,11.0,105.0,5.584064574872363
333,COMPLETE,[0.08895864855728854],2025-09-13T07:09:00.448040,2025-09-13T07:17:06.286062,485.838022,0.0516083011434126,0.2,0.054460344352003254,50.0,89.0,17.0,106.0,5.434785699607064
334,COMPLETE,[0.04510426123600312],2025-09-13T07:17:06.302076,2025-09-13T07:25:11.918901,485.616825,0.04874813595776251,0.2,0.04431904727477095,50.0,96.0,16.0,112.0,5.697109937230103
335,COMPLETE,[0.05452431115942573],2025-09-13T07:25:11.933915,2025-09-13T07:33:17.147379,485.213464,0.05022296308985912,0.2,0.03587011573346788,50.0,92.0,22.0,114.0,5.785962293343326
336,COMPLETE,[0.043256450022533956],2025-09-13T07:33:17.162393,2025-09-13T07:41:21.868404,484.706011,0.0524106853364054,0.2,0.04782438800685915,50.0,90.0,19.0,109.0,5.515592786140154
337,COMPLETE,[0.05719070361103531],2025-09-13T07:41:21.882416,2025-09-13T07:49:26.612449,484.730033,0.048558948426608,0.2,0.03890482576723969,50.0,94.0,20.0,114.0,5.781372560406761
338,COMPLETE,[0.03705629168714463],2025-09-13T07:49:26.626461,2025-09-13T07:57:33.247519,486.621058,0.049387493566154905,0.2,0.05335927084877573,50.0,89.0,15.0,104.0,5.527030935569994
339,COMPLETE,[0.06964161888201052],2025-09-13T07:57:33.261532,2025-09-13T08:05:39.449236,486.187704,0.04545141893031959,0.2,0.03721185148135662,50.0,102.0,13.0,115.0,5.773378847388059
340,COMPLETE,[0.06289230679596676],2025-09-13T08:05:39.464249,2025-09-13T08:13:46.140021,486.675772,0.04910375483347503,0.2,0.04204808030816384,50.0,94.0,17.0,111.0,5.7287928403354424
341,COMPLETE,[0.08633930163283392],2025-09-13T08:13:46.156035,2025-09-13T08:21:52.650644,486.494609,0.04598020336710837,0.2,0.03277784909165479,50.0,103.0,16.0,119.0,5.869252458145375
342,COMPLETE,[0.09233789644744797],2025-09-13T08:21:52.665657,2025-09-13T08:29:59.142250,486.476593,0.0512965936190975,0.2,0.032720843219048945,50.0,86.0,30.0,116.0,5.80815653110688
343,COMPLETE,[0.07539936560302325],2025-09-13T08:29:59.157264,2025-09-13T08:38:05.226493,486.069229,0.04623887500034073,0.2,0.04753349419753314,50.0,97.0,11.0,108.0,5.61043882066609
344,COMPLETE,[0.0841357514964985],2025-09-13T08:38:05.241506,2025-09-13T08:46:11.424837,486.183331,0.04656954366464477,0.2,0.03004903606648528,50.0,103.0,20.0,123.0,5.876508604961761
345,COMPLETE,[0.0575365382024542],2025-09-13T08:46:11.439851,2025-09-13T08:54:18.221994,486.782143,0.05009160337991861,0.2,0.035775736170187804,50.0,91.0,22.0,113.0,5.80014305314448
346,COMPLETE,[0.05780012210710057],2025-09-13T08:54:18.237008,2025-09-13T09:02:24.597349,486.360341,0.04907762729245335,0.2,0.04048980219111064,50.0,93.0,19.0,112.0,5.738160102239254
347,COMPLETE,[0.0335868547034074],2025-09-13T09:02:24.612363,2025-09-13T09:10:31.115748,486.503385,0.05157165897455013,0.2,0.04951585055696342,50.0,90.0,18.0,108.0,5.551075392767639
348,COMPLETE,[0.06312555974444568],2025-09-13T09:10:31.129762,2025-09-13T09:18:37.563941,486.434179,0.048166999618159324,0.2,0.03149413865963509,50.0,98.0,22.0,120.0,5.85405151671693
349,COMPLETE,[0.11447429217854999],2025-09-13T09:18:37.578955,2025-09-13T09:26:43.975091,486.396136,0.052819384509331935,0.2,0.03915820511656011,50.0,83.0,27.0,110.0,5.691238514752111
350,COMPLETE,[0.06478528035408777],2025-09-13T09:26:43.991105,2025-09-13T09:34:50.391850,486.400745,0.051726648596535266,0.2,0.04048018945253658,50.0,87.0,24.0,111.0,5.710046739190753
351,COMPLETE,[0.037861254362828646],2025-09-13T09:34:50.406863,2025-09-13T09:42:56.587924,486.181061,0.04613487902072504,0.2,0.03831760676890208,50.0,99.0,15.0,114.0,5.773296314898151
352,COMPLETE,[0.05520319237107924],2025-09-13T09:42:56.601936,2025-09-13T09:51:02.673814,486.071878,0.04698865320467364,0.2,0.04182029651091313,50.0,95.0,16.0,111.0,5.755644417958731
353,COMPLETE,[0.07661414439574503],2025-09-13T09:51:02.688828,2025-09-13T09:59:08.356819,485.667991,0.04612738852667008,0.2,0.03358698916594465,50.0,102.0,17.0,119.0,5.856304322806805
354,COMPLETE,[0.05624436186297512],2025-09-13T09:59:08.372834,2025-09-13T10:07:14.078392,485.705558,0.04927815310617074,0.2,0.03193836035948469,50.0,94.0,23.0,117.0,5.829642034025701
355,COMPLETE,[0.07200023034640084],2025-09-13T10:07:14.092406,2025-09-13T10:15:19.571604,485.479198,0.04515696418757477,0.2,0.03622195566301358,50.0,104.0,13.0,117.0,5.7920661448317485
356,COMPLETE,[0.0699512510565785],2025-09-13T10:15:19.587618,2025-09-13T10:23:25.420432,485.832814,0.051080074461266924,0.2,0.03651984526879497,50.0,88.0,25.0,113.0,5.745837295210725
357,COMPLETE,[0.0676967521039924],2025-09-13T10:23:25.435446,2025-09-13T10:31:33.440860,488.005414,0.0474807742577684,0.2,0.054544717858691416,50.0,93.0,12.0,105.0,5.500906419482247
358,COMPLETE,[0.13439380213238816],2025-09-13T10:31:33.456874,2025-09-13T10:39:42.040027,488.583153,0.050391774163418945,0.2,0.031705994214179176,50.0,92.0,25.0,117.0,5.917028595393051
359,COMPLETE,[0.03303376298455845],2025-09-13T10:39:42.055040,2025-09-13T10:47:49.785856,487.730816,0.04941924831137785,0.2,0.05025217337471995,50.0,92.0,15.0,107.0,5.593348326584416
360,COMPLETE,[0.04087647518871941],2025-09-13T10:47:49.799869,2025-09-13T10:55:57.724755,487.924886,0.0508634044150135,0.2,0.05172137986733903,50.0,90.0,16.0,106.0,5.511041632013676
361,COMPLETE,[0.05607970523798459],2025-09-13T10:55:57.740769,2025-09-13T11:04:05.099956,487.359187,0.04855195732935189,0.2,0.043708557886177425,50.0,94.0,16.0,110.0,5.695410129567062
362,COMPLETE,[0.06906115860553345],2025-09-13T11:04:05.115970,2025-09-13T11:12:13.092422,487.976452,0.05295460733957613,0.2,0.038216704231348333,50.0,86.0,26.0,112.0,5.716016788037129
363,COMPLETE,[0.035476954947762256],2025-09-13T11:12:13.109438,2025-09-13T11:20:21.363188,488.25375,0.04754948426836514,0.2,0.04742080431055234,50.0,95.0,14.0,109.0,5.660519359276551
364,COMPLETE,[0.03403452607572718],2025-09-13T11:20:21.378202,2025-09-13T11:28:29.087535,487.709333,0.04672969738181969,0.2,0.03549547773050759,50.0,100.0,18.0,118.0,5.78125551278308
365,COMPLETE,[0.04613359818869308],2025-09-13T11:28:29.103549,2025-09-13T11:36:37.236806,488.133257,0.047554946021937036,0.2,0.0408589167616152,50.0,94.0,19.0,113.0,5.756478694856538
366,COMPLETE,[0.06475395970501654],2025-09-13T11:36:37.251819,2025-09-13T11:44:45.167749,487.91593,0.0527385658071972,0.2,0.037696810508124075,50.0,84.0,27.0,111.0,5.729442534478947
367,COMPLETE,[0.054532648999847236],2025-09-13T11:44:45.182762,2025-09-13T11:52:53.291946,488.109184,0.04735548481317541,0.2,0.0417973345326405,50.0,96.0,16.0,112.0,5.724215027161799
368,COMPLETE,[0.04853720186268021],2025-09-13T11:52:53.306959,2025-09-13T12:01:01.253737,487.946778,0.04998664281665079,0.2,0.05430495872267843,50.0,91.0,14.0,105.0,5.504675012596257
369,COMPLETE,[0.0647890419279288],2025-09-13T12:01:01.269751,2025-09-13T12:09:09.749361,488.47961,0.05072356830145159,0.2,0.03718154221531261,50.0,89.0,24.0,113.0,5.780791565789156
370,COMPLETE,[0.07157333833881209],2025-09-13T12:09:09.764374,2025-09-13T12:17:18.233488,488.469114,0.045548457570004,0.2,0.047834756503121634,50.0,98.0,11.0,109.0,5.652081477038325
371,COMPLETE,[0.050430646764483056],2025-09-13T12:17:18.249503,2025-09-13T12:25:26.248314,487.998811,0.050962602541041256,0.2,0.04546459493659125,50.0,91.0,18.0,109.0,5.642935058996606
372,COMPLETE,[0.05586711134132418],2025-09-13T12:25:26.263327,2025-09-13T12:33:34.900754,488.637427,0.045430332223864556,0.2,0.0439132641760048,50.0,99.0,12.0,111.0,5.693236528398388
373,COMPLETE,[0.040023926588936116],2025-09-13T12:33:34.915766,2025-09-13T12:41:42.938958,488.023192,0.051511696800235755,0.2,0.051147516997178344,50.0,90.0,16.0,106.0,5.502796895404929
374,COMPLETE,[0.034963106165495604],2025-09-13T12:41:42.953971,2025-09-13T12:49:51.610237,488.656266,0.04640905115905967,0.2,0.040780424061296824,50.0,100.0,14.0,114.0,5.764384624042746
375,COMPLETE,[0.055036005004794934],2025-09-13T12:49:51.625250,2025-09-13T12:57:59.790716,488.165466,0.04896574209872545,0.2,0.04774133098597873,50.0,90.0,18.0,108.0,5.624920328457097
376,COMPLETE,[0.05342167277254049],2025-09-13T12:57:59.805729,2025-09-13T13:06:08.156065,488.350336,0.04918365279236313,0.2,0.041762087778854914,50.0,96.0,16.0,112.0,5.74808460233038
377,COMPLETE,[0.032087138740903375],2025-09-13T13:06:08.171079,2025-09-13T13:14:16.208673,488.037594,0.04793172542062493,0.2,0.04930106791783748,50.0,94.0,14.0,108.0,5.59600966683134
378,COMPLETE,[0.0569199172985914],2025-09-13T13:14:16.223687,2025-09-13T13:22:23.718573,487.494886,0.046847880621836695,0.2,0.03490984439797774,50.0,102.0,16.0,118.0,5.8254536647538595
379,COMPLETE,[0.03421158677422078],2025-09-13T13:22:23.733586,2025-09-13T13:30:31.595821,487.862235,0.048997149174576385,0.2,0.05366367176833706,50.0,92.0,13.0,105.0,5.526430482979596
380,COMPLETE,[0.06525252726681759],2025-09-13T13:30:31.610834,2025-09-13T13:38:38.811046,487.200212,0.05193221648311226,0.2,0.05028499789012405,50.0,87.0,19.0,106.0,5.510916286577538
381,COMPLETE,[0.08992264755999592],2025-09-13T13:38:38.825059,2025-09-13T13:46:46.253711,487.428652,0.05265779398157099,0.2,0.045648939400042686,50.0,86.0,22.0,108.0,5.557940210233325
382,COMPLETE,[0.05240519597295213],2025-09-13T13:46:46.269726,2025-09-13T13:54:54.562708,488.292982,0.04953528836300476,0.2,0.040547441268727225,50.0,91.0,21.0,112.0,5.708125407580329
383,COMPLETE,[0.0312901467226601],2025-09-13T13:54:54.576720,2025-09-13T14:03:02.173562,487.596842,0.04987379097593992,0.2,0.04946172558918291,50.0,94.0,14.0,108.0,5.585731148693364
384,COMPLETE,[0.04517253225115594],2025-09-13T14:03:02.189576,2025-09-13T14:11:10.388219,488.198643,0.051384299385642214,0.2,0.04164889807701031,50.0,89.0,22.0,111.0,5.68578479241205
385,COMPLETE,[0.061209146639337644],2025-09-13T14:11:10.403232,2025-09-13T14:19:19.153545,488.750313,0.05179895553288952,0.2,0.03769781568449239,50.0,86.0,25.0,111.0,5.763234766075613
386,COMPLETE,[0.04188159226150145],2025-09-13T14:19:19.169559,2025-09-13T14:27:27.705763,488.536204,0.04600454191897403,0.2,0.03965415079059536,50.0,98.0,14.0,112.0,5.7791026904959075
387,COMPLETE,[0.04945851561002881],2025-09-13T14:27:27.719776,2025-09-13T14:35:36.532407,488.812631,0.04543859775924762,0.2,0.03784231474367043,50.0,103.0,13.0,116.0,5.8291129930510195
388,COMPLETE,[0.04959059155356806],2025-09-13T14:35:36.547420,2025-09-13T14:43:45.192035,488.644615,0.052280758475084836,0.2,0.05096487597587825,50.0,90.0,19.0,109.0,5.481649431538646
389,COMPLETE,[0.045252147916435455],2025-09-13T14:43:45.206047,2025-09-13T14:51:53.836842,488.630795,0.045737651357736074,0.2,0.03855361062528205,50.0,101.0,14.0,115.0,5.7557561233383705
390,COMPLETE,[0.03062311951841912],2025-09-13T14:51:53.852856,2025-09-13T15:00:03.055818,489.202962,0.047179185518809175,0.2,0.05399220465154769,50.0,92.0,12.0,104.0,5.527320809571217
391,COMPLETE,[0.04709235992489967],2025-09-13T15:00:03.069831,2025-09-13T15:08:12.642721,489.57289,0.04828357928992814,0.2,0.04132682859826649,50.0,95.0,16.0,111.0,5.737142323303361
392,COMPLETE,[0.030378437165729803],2025-09-13T15:08:12.656734,2025-09-13T15:16:22.304299,489.647565,0.04585454191946063,0.2,0.03963670754616242,50.0,100.0,14.0,114.0,5.7692505126739135
393,COMPLETE,[0.053437576930931534],2025-09-13T15:16:22.318311,2025-09-13T15:24:31.803855,489.485544,0.048626134369329596,0.2,0.03194588706463624,50.0,96.0,22.0,118.0,5.834453382390558
394,COMPLETE,[0.09852746492445594],2025-09-13T15:24:31.818868,2025-09-13T15:32:41.414632,489.595764,0.051725480319502186,0.2,0.031396578830005864,50.0,87.0,30.0,117.0,5.839666811274421
395,COMPLETE,[0.05792849169140583],2025-09-13T15:32:41.429647,2025-09-13T15:40:50.487720,489.058073,0.05042479589535785,0.2,0.03690935813215838,50.0,89.0,25.0,114.0,5.793807190782964
396,COMPLETE,[0.05871746155096389],2025-09-13T15:40:50.504735,2025-09-13T15:48:58.975372,488.470637,0.04907283998462572,0.2,0.04434311783748443,50.0,92.0,17.0,109.0,5.714700664737823
397,COMPLETE,[0.04922341128812566],2025-09-13T15:48:58.990386,2025-09-13T15:57:07.317422,488.327036,0.048562560874939494,0.2,0.046725227822128956,50.0,93.0,16.0,109.0,5.670576348106405
398,COMPLETE,[0.02853728660810986],2025-09-13T15:57:07.331434,2025-09-13T16:05:15.849060,488.517626,0.04839880774205382,0.2,0.049330684085770946,50.0,94.0,14.0,108.0,5.584057187539189
399,COMPLETE,[0.03416545126277519],2025-09-13T16:05:15.865074,2025-09-13T16:13:24.394203,488.529129,0.05016684627403653,0.2,0.04661790119226328,50.0,92.0,16.0,108.0,5.631752039528726
