number,state,values,datetime_start,datetime_complete,duration,param_gamma,param_theta,param_m0,param_beta_prime,param_n_instances,param_beta_range_delta,param_weight_0,param_weight_1,param_weight_2,param_weight_3,param_weight_4,param_weight_5,param_weight_6,attr_GR,attr_KR,attr_morph_type,attr_weights
0,COMPLETE,"[40.0, 0.0]",2025-07-23T21:13:44.477905,2025-07-23T21:23:47.792531,603.314626,0.1602959497070965,0.38948922882681675,0.006819692140545664,36.502109604412794,5,0.3790224949607204,0.24121530970142696,0.7564263074078736,0.4394779450201686,0.7592221869997463,0.924745366101262,,,37.0,77.0,random,"[0.07728567027954115, 0.24235988278462875, 0.14080925292843524, 0.24325568590983762, 0.29628950809755716]"
1,COMPLETE,"[101.0, 2.981013745780789]",2025-07-23T21:23:47.804542,2025-07-23T21:33:25.195434,577.390892,0.012798096490623532,0.2539751258522482,0.006424640445604154,33.12388908930926,4,2.466308918324161,0.3882208572648675,0.6215104745126172,0.12179797730392908,0.3586460802282456,,,,1.0,102.0,random,"[0.2605202448315263, 0.41707202989074926, 0.0817339879437637, 0.24067373733396072]"
2,COMPLETE,"[31.0, 0.0]",2025-07-23T21:33:25.206443,2025-07-23T21:42:33.927740,548.721297,0.3086610481778755,0.4435202166469031,0.00601997573385118,23.879127282652416,3,3.340922302629493,0.07438607079716689,0.5960214384685943,0.049347729408843105,,,,,68.0,99.0,random,"[0.1033491203678425, 0.828089059228162, 0.06856182040399546]"
3,COMPLETE,"[3.0, 0.0]",2025-07-23T21:42:33.938750,2025-07-23T21:53:09.327353,635.388603,0.14780992184083336,0.3207544239647735,0.002569936910719205,40.000214477128736,6,1.8927293812596315,0.5694335431340392,0.6659831519345297,0.4641373097338606,0.6941864513215047,0.7263301973142823,0.020974431535048237,,67.0,70.0,random,"[0.18128792415562733, 0.21202597667909576, 0.1477652492013852, 0.22100493069726612, 0.23123838648131487, 0.006677532785310773]"
4,COMPLETE,"[11.0, 0.0]",2025-07-23T21:53:09.339363,2025-07-23T22:04:11.383117,662.043754,0.4696116297006437,0.019188962861160626,0.005778786398845111,48.2333710883059,7,2.130026103522575,0.8335191338797938,0.5676179686135006,0.02612629385185599,0.09375675407425924,0.3474197175800959,0.9961000685952147,0.37812816441572633,28.0,39.0,random,"[0.25704731656627494, 0.17504658229950373, 0.00805703606968434, 0.028913459889725913, 0.1071400793290675, 0.3071853293541884, 0.11661019649155521]"
5,PRUNED,,2025-07-23T22:04:11.397129,2025-07-23T22:13:51.937715,580.540586,0.11673132925582946,0.3076631963279422,0.0027504712914654937,30.113397639559626,4,2.3612656599514787,0.22790592491623676,0.09346581955221088,0.13343019721290963,0.03009085387900909,,,,,,,
6,PRUNED,,2025-07-23T22:13:51.948724,2025-07-23T22:24:24.232863,632.284139,0.2987147207139971,0.5176423599101398,0.0059574747078833664,28.4573479639469,6,3.3300331672642436,0.7823903816464854,0.3243166391928226,0.5208496063872864,0.9092573014564803,0.5771798324492025,0.8007930491950629,,,,,
7,COMPLETE,"[5.0, 0.0]",2025-07-23T22:24:24.244874,2025-07-23T22:34:03.950853,579.705979,0.41909232335443375,0.23220579210274614,0.005027720614394209,48.80994112822586,4,2.5964551985875826,0.02490988092743398,0.920575094216509,0.9495729132559799,0.3181671039678299,,,,76.0,81.0,random,"[0.011255015198786855, 0.41594284240919366, 0.42904490801005624, 0.14375723438196325]"
8,COMPLETE,"[76.0, 0.0]",2025-07-23T22:34:03.961863,2025-07-23T22:43:45.436943,581.47508,0.307302130706554,0.0427333469569724,0.004865104991971256,30.160091131388473,4,2.419592223305748,0.21096262982199032,0.9492743042556007,0.20151693735188322,0.5983933930796516,,,,98.0,174.0,random,"[0.10762590833950483, 0.4842872377210519, 0.10280703955289223, 0.305279814386551]"
9,COMPLETE,"[40.0, 0.0]",2025-07-23T22:43:45.446952,2025-07-23T22:53:49.450508,604.003556,0.2750310370583208,0.4317477350996205,0.0021617769432889203,23.97365126502624,5,0.2553255263699752,0.42069304329904117,0.41267958113976766,0.5564953355748108,0.6565861274474997,0.6711124493295908,,,34.0,74.0,random,"[0.15480505724649357, 0.15185629332451175, 0.20477707833126316, 0.24160811467118304, 0.24695345642654842]"
10,COMPLETE,"[5.0, 0.0]",2025-07-23T22:53:49.460516,2025-07-23T23:03:28.698405,579.237889,0.39973389372994866,0.4142100282562684,0.001953984411907403,29.726684819469018,4,3.839059203769131,0.010108947739732851,0.3146722372700654,0.62274913778172,0.9755155237724091,,,,86.0,91.0,random,"[0.005256737772422527, 0.1636322076420162, 0.3238347847475607, 0.5072762698380007]"
11,PRUNED,,2025-07-23T23:03:28.709414,2025-07-23T23:13:07.984897,579.275483,0.12129886603082495,0.19544599011544342,0.007774684919724495,37.78875459704396,4,2.645033233332469,0.42107965857858826,0.5966938943236294,0.45891605501037835,0.9481038213689905,,,,,,,
12,COMPLETE,"[8.0, 0.0]",2025-07-23T23:13:07.995907,2025-07-23T23:22:24.964576,556.968669,0.3130998155843856,0.2372207173792687,0.004460640076327755,31.294656854626105,3,2.5005044154743215,0.3614448654739592,0.5074754094447144,0.29418227049708034,,,,,67.0,75.0,random,"[0.3107592420793472, 0.43631183806180734, 0.2529289198588454]"
13,COMPLETE,"[109.0, 2.9097964917333634]",2025-07-23T23:22:24.975586,2025-07-23T23:32:04.632431,579.656845,0.01,0.13328778207402084,0.00731121051863974,29.223051313517814,4,2.743933195168731,0.3141854429994456,0.761195275634168,0.01,0.4608468578196048,,,,1.0,110.0,random,"[0.20319482577081782, 0.4922918768401607, 0.006467353287630718, 0.29804594410139074]"
14,COMPLETE,"[104.0, 2.657585287829054]",2025-07-23T23:32:04.643441,2025-07-23T23:41:19.367444,554.724003,0.01,0.2386230326839903,0.008,28.399272414914936,3,1.9595973900330774,0.6466504665162949,0.6910378923004435,0.01,,,,,1.0,105.0,random,"[0.47982195756595375, 0.5127579293681592, 0.007420113065887084]"
15,COMPLETE,"[102.0, 2.7786063278209796]",2025-07-23T23:41:19.379455,2025-07-23T23:50:35.992392,556.612937,0.01,0.19372343260260244,0.005346674709780218,27.066316327581923,3,2.2040497046630767,0.01,0.7090791830911695,0.01,,,,,1.0,103.0,random,"[0.013715931317091968, 0.972568137365816, 0.013715931317091968]"
16,COMPLETE,"[111.0, 2.823465964348276]",2025-07-23T23:50:36.003402,2025-07-24T00:00:39.746585,603.743183,0.01,0.26795557965703337,0.008,28.98439567171204,5,3.8107237548464887,0.07095844181594606,0.5802744770537442,0.01,0.68842296347257,0.997775384984188,,,1.0,112.0,random,"[0.030228123312322795, 0.2471955132959587, 0.004259975633446028, 0.29326650498978535, 0.42504988276848715]"
17,COMPLETE,"[104.0, 2.8623973300695713]",2025-07-24T00:00:39.756594,2025-07-24T00:11:11.484361,631.727767,0.01,0.05626488730944874,0.008,28.41943217856609,6,1.57946455143312,0.12555168679102055,0.5424516868527999,0.01,0.8746040429285822,0.7888000181026433,0.20391680338006157,,1.0,105.0,random,"[0.04932640208029257, 0.21311692975795074, 0.003928772551052687, 0.3436120356897519, 0.30990158593915273, 0.08011427398179935]"
18,COMPLETE,"[105.0, 2.2815200706919367]",2025-07-24T00:11:11.495370,2025-07-24T00:21:17.527453,606.032083,0.01,0.03843322483379117,0.008,26.68211279363964,5,3.674155418838029,0.22602353996603028,0.7006925506222191,0.5124720073813578,0.514003685306313,0.5941309585272739,,,1.0,106.0,random,"[0.08872984025810296, 0.2750701900169172, 0.20118063524945803, 0.20178192455599914, 0.23323740991952263]"
19,COMPLETE,"[71.0, 2.363868506018062]",2025-07-24T00:21:17.537462,2025-07-24T00:30:32.329105,554.791643,0.01,0.016982536094136094,0.008,34.33151172668696,3,3.429742002305952,0.0313209745057287,0.5926083616755246,0.01,,,,,1.0,72.0,random,"[0.049407674827614226, 0.9348176963151076, 0.015774628857278185]"
20,COMPLETE,"[95.0, 2.8126379184428285]",2025-07-24T00:30:32.341116,2025-07-24T00:41:04.159313,631.818197,0.01,0.24938282869411407,0.005992307224220663,26.1773630949123,6,2.0464590195754027,0.380789491367308,0.8185149153320643,0.01,0.5946991177523089,0.6517388519348527,0.460423833418101,,1.0,96.0,random,"[0.13057880243143566, 0.2806818461101707, 0.003429159821679004, 0.20393183205841686, 0.22349166852821983, 0.15788669105007788]"
21,COMPLETE,"[109.0, 2.8182232227293382]",2025-07-24T00:41:04.171323,2025-07-24T00:51:08.198995,604.027672,0.01,0.22784968010271653,0.008,29.2194322180698,5,1.076851857586724,0.01,0.5982589388027728,0.01,0.1811049521788279,0.8577720477800781,,,1.0,110.0,random,"[0.006034507951998591, 0.361019832355957, 0.006034507951998591, 0.10928792740694615, 0.5176232243330996]"
22,COMPLETE,"[99.0, 2.748638658012209]",2025-07-24T00:51:08.210005,2025-07-24T01:01:14.671598,606.461593,0.01,0.22418230384250562,0.005167536856502971,27.672481730580067,5,2.4752823034273295,0.40643985814635775,0.3241786140873739,0.01,0.5359496578250825,0.05476998555178584,,,1.0,100.0,random,"[0.30528672872852414, 0.24349833471018278, 0.007511239919254949, 0.40256464645667905, 0.04113905018535906]"
23,COMPLETE,"[76.0, 2.0]",2025-07-24T01:01:14.683608,2025-07-24T01:11:46.240146,631.556538,0.01,0.02848802754791751,0.008,20.0,6,2.2196152759514356,0.01,1.0,0.01,0.4623261102594415,0.3777874447899851,0.16540455993528552,,1.0,77.0,random,"[0.004937008425656799, 0.4937008425656799, 0.004937008425656799, 0.2282507901751997, 0.18651397980355092, 0.08166037060425596]"
24,COMPLETE,"[107.0, 2.824841814137268]",2025-07-24T01:11:46.251156,2025-07-24T01:21:52.332517,606.081361,0.01,0.2780227202380626,0.0061500029144963666,30.185906880428803,5,2.3362368057276597,0.2808163902268006,0.6249393451633305,0.01,0.8000032823523253,0.7225802030002214,,,1.0,108.0,random,"[0.11516707266894086, 0.25629713037752977, 0.004101152093577105, 0.3280935136287795, 0.2963411312311727]"
25,COMPLETE,"[98.0, 2.8350036958600286]",2025-07-24T01:21:52.343526,2025-07-24T01:31:57.571675,605.228149,0.01,0.2272813903019989,0.008,29.80916358256768,5,2.824605115701627,0.19085027511227357,0.6698385454821928,0.5244844896969274,0.8421061018353784,0.5776965579092199,,,1.0,99.0,random,"[0.06803989665188635, 0.2388036662836715, 0.18698359461888633, 0.3002186510084694, 0.20595419143708643]"
26,COMPLETE,"[97.0, 2.879052358028292]",2025-07-24T01:31:57.581684,2025-07-24T01:42:29.769002,632.187318,0.01,0.16680369509284915,0.007130094519908108,34.962497133832734,6,2.054830659840005,0.3285602443612043,0.6494667744381633,0.01,0.7935796636333075,0.08300458850638762,0.5583834582859786,,1.0,98.0,random,"[0.13560089107840914, 0.26804299927052894, 0.0041271241242849714, 0.3275201774322976, 0.03425702396510594, 0.2304517841293733]"
27,COMPLETE,"[59.0, 2.0]",2025-07-24T01:42:29.781012,2025-07-24T01:53:32.373696,662.592684,0.01,0.018639117083376715,0.008,20.0,7,0.0,0.21419725220924715,0.01,0.01,0.6545772232647213,0.9290365088262109,0.4893138511319657,0.9582596424777697,1.0,60.0,random,"[0.06559633441583243, 0.003062426512911194, 0.003062426512911194, 0.20045946432736728, 0.2845106036091843, 0.14984877108412128, 0.2934599735376724]"
28,COMPLETE,"[98.0, 2.8195864230927175]",2025-07-24T01:53:32.385708,2025-07-24T02:04:04.120580,631.734872,0.01,0.23171949348966842,0.008,32.27930035854653,6,2.372093151634959,0.051635409314692904,1.0,0.01,0.14542378732961297,0.2114628943382299,0.3920888899054928,,1.0,99.0,random,"[0.02851822388118286, 0.5522997543677449, 0.00552299754367745, 0.08031752202137243, 0.11679090460089678, 0.21655059758512546]"
29,COMPLETE,"[94.0, 2.6940567473613903]",2025-07-24T02:04:04.131589,2025-07-24T02:15:10.462887,666.331298,0.01,0.18310946627441121,0.008,29.788523314666694,7,3.5569285239076622,0.4175690497429515,0.5981984100325519,0.01,0.06804096980819102,0.19341810545734392,0.8967094892313434,0.4140337181730697,1.0,95.0,random,"[0.16072898884106965, 0.2302561112468815, 0.0038491595327769554, 0.026190054755658745, 0.07444971444327937, 0.345157787860638, 0.15936818331969585]"
30,COMPLETE,"[109.0, 2.672740831167389]",2025-07-24T02:15:10.474898,2025-07-24T02:24:25.854385,555.379487,0.01,0.6,0.008,28.94825717946841,3,4.0,0.01,1.0,0.01,,,,,1.0,110.0,random,"[0.00980392156862745, 0.9803921568627451, 0.00980392156862745]"
31,COMPLETE,"[98.0, 2.772734622207172]",2025-07-24T02:24:25.865395,2025-07-24T02:34:06.542388,580.676993,0.01,0.3676194627395577,0.008,28.466573442127363,4,4.0,0.34716469749095025,0.8438155093926313,0.01,0.711863832137583,,,,1.0,99.0,random,"[0.18149137640547028, 0.4411313688827586, 0.005227817739452074, 0.372149436972319]"
32,COMPLETE,"[98.0, 2.6287118745392766]",2025-07-24T02:34:06.554399,2025-07-24T02:43:20.952273,554.397874,0.01,0.6,0.008,30.687215788859227,3,0.0,0.01,0.689541036631453,0.01,,,,,1.0,99.0,random,"[0.014093617541100951, 0.9718127649177981, 0.014093617541100951]"
33,COMPLETE,"[55.0, 2.2069613583753696]",2025-07-24T02:43:20.963283,2025-07-24T02:52:35.170404,554.207121,0.01,0.5999999999999999,0.001,28.07793535876222,3,3.2928839029311323,0.01,1.0,0.01,,,,,1.0,56.0,random,"[0.00980392156862745, 0.9803921568627451, 0.00980392156862745]"
34,COMPLETE,"[29.0, 2.1293854561480936]",2025-07-24T02:52:35.182415,2025-07-24T03:02:38.426811,603.244396,0.01,0.01,0.0048400075423001765,29.891342051022548,5,0.0,0.49365472201229754,1.0,0.08607829871565612,0.49517125790638966,0.7443042530119388,,,1.0,30.0,random,"[0.17510401109776258, 0.35470948274126, 0.030532788812678048, 0.17564194076031456, 0.26401177658798475]"
35,COMPLETE,"[113.0, 2.784365494532284]",2025-07-24T03:02:38.436820,2025-07-24T03:12:18.359133,579.922313,0.01,0.2608551686362759,0.008,27.321685480452818,4,2.5256356089609193,0.01,0.5740334518701871,0.01,0.29811535744820994,,,,1.0,114.0,random,"[0.011208892390541904, 0.6434279190584242, 0.011208892390541904, 0.33415429616049197]"
36,COMPLETE,"[112.0, 2.8681000752417356]",2025-07-24T03:12:18.370143,2025-07-24T03:22:23.539954,605.169811,0.01,0.17267369750790112,0.007216531893832339,25.735342094938375,5,3.067552262519619,0.01,0.6187602409313717,0.01,0.06694690084666416,0.36760826724920204,,,1.0,113.0,random,"[0.00931692577586597, 0.5764943237814536, 0.00931692577586597, 0.06237393061126287, 0.3424978940555517]"
37,COMPLETE,"[95.0, 2.7649709548012362]",2025-07-24T03:22:23.550963,2025-07-24T03:32:29.012233,605.46127,0.01,0.6,0.008,31.64465908566936,5,3.13632187945116,0.01,0.4005869670218359,0.01,0.8329567688076404,0.604421530778811,,,1.0,96.0,random,"[0.005382231939273539, 0.21560519683616408, 0.005382231939273539, 0.4483166525110567, 0.3253136867742321]"
38,COMPLETE,"[105.0, 2.7979456565722103]",2025-07-24T03:32:29.022241,2025-07-24T03:41:48.274687,559.252446,0.01,0.6,0.008,38.6899951741115,3,2.778003334258622,0.01,1.0,0.01,,,,,1.0,106.0,random,"[0.00980392156862745, 0.9803921568627451, 0.00980392156862745]"
39,COMPLETE,"[101.0, 2.7961675489701037]",2025-07-24T03:41:48.285697,2025-07-24T03:51:52.955440,604.669743,0.01,0.344872341908223,0.008,31.381773200897637,5,2.3737875484323463,0.01,0.7097832331994766,0.01,0.9140041005123116,0.759699971424533,,,1.0,102.0,random,"[0.004160621101942047, 0.2953139097854395, 0.004160621101942047, 0.3802824747853083, 0.3160823732253682]"
40,COMPLETE,"[115.0, 2.822609653759371]",2025-07-24T03:51:52.966449,2025-07-24T04:01:33.745160,580.778711,0.01,0.222014549491361,0.00711256251086978,28.475970826143627,4,3.669626676485654,0.01,0.2482602541934581,0.01,0.11039959405870595,,,,1.0,116.0,random,"[0.026408926233289512, 0.6556286739652738, 0.026408926233289512, 0.2915534735681472]"
41,COMPLETE,"[35.0, 2.437915003838765]",2025-07-24T04:01:33.757171,2025-07-24T04:10:49.429663,555.672492,0.01,0.6,0.008,50.0,3,4.0,1.0,0.01,0.01,,,,,1.0,36.0,random,"[0.9803921568627451, 0.00980392156862745, 0.00980392156862745]"
42,COMPLETE,"[115.0, 2.8696056611843144]",2025-07-24T04:10:49.440673,2025-07-24T04:20:29.715735,580.275062,0.01,0.22076353867232382,0.007122611817723897,28.518538667773655,4,3.4666178220216044,0.01,0.5807099582182531,0.01,0.779142195572714,,,,1.0,116.0,random,"[0.007247153234878303, 0.42084940522274566, 0.007247153234878303, 0.5646562883074977]"
43,COMPLETE,"[78.0, 2.7337797956721674]",2025-07-24T04:20:29.727746,2025-07-24T04:29:44.837379,555.109633,0.01,0.6,0.008,34.1159265605496,3,3.414046325788471,0.01,1.0,1.0,,,,,1.0,79.0,random,"[0.0049751243781094535, 0.49751243781094534, 0.49751243781094534]"
44,COMPLETE,"[122.0, 2.8403727084085877]",2025-07-24T04:29:44.848388,2025-07-24T04:39:48.359863,603.511475,0.01,0.15882939422195236,0.008,29.05357544923995,5,2.7718783723231666,0.060405133642627694,0.17964425274918627,0.01,0.22636003357421955,0.9923697968042875,,,1.0,123.0,random,"[0.041126081410282844, 0.12230854760064185, 0.006808375204265802, 0.1541144039823491, 0.6756425918024603]"
45,COMPLETE,"[87.0, 2.9110647821528968]",2025-07-24T04:39:48.370872,2025-07-24T04:50:51.712914,663.342042,0.01,0.6,0.008,50.0,7,0.0,0.01,0.01,0.9999999999999999,0.710271850237854,0.40052144224299835,0.5829895619773542,0.030272603973305244,1.0,88.0,random,"[0.003644241215779199, 0.003644241215779199, 0.36442412157791987, 0.25884019510445383, 0.14595967476252625, 0.2124554590126936, 0.011032067110848011]"
46,COMPLETE,"[87.0, 2.911064782344295]",2025-07-24T04:50:51.724924,2025-07-24T05:00:07.885745,556.160821,0.01,0.6,0.008,50.0,3,0.0,0.01,1.0,1.0,,,,,1.0,88.0,random,"[0.0049751243781094535, 0.49751243781094534, 0.49751243781094534]"
47,COMPLETE,"[87.0, 2.911064783604035]",2025-07-24T05:00:07.897756,2025-07-24T05:11:11.571889,663.674133,0.01,0.6,0.008,50.0,7,0.0,0.01,1.0,0.01,0.6278627954345111,0.5822380981991526,0.34176674838067334,0.20701551488024672,1.0,88.0,random,"[0.003598567998510255, 0.3598567998510255, 0.003598567998510255, 0.2259406963105822, 0.2095223387692942, 0.12298708836775975, 0.07449594070431793]"
48,COMPLETE,"[87.0, 2.911064782963782]",2025-07-24T05:11:11.582899,2025-07-24T05:20:28.703309,557.12041,0.01,0.6,0.008,50.0,3,0.0,0.01,0.01,0.01,,,,,1.0,88.0,random,"[0.33333333333333337, 0.33333333333333337, 0.33333333333333337]"
49,COMPLETE,"[112.0, 3.014366541995062]",2025-07-24T05:20:28.715319,2025-07-24T05:31:32.706006,663.990687,0.01,0.2711984429080734,0.008,43.327653268078876,7,0.0,0.01,0.01,0.01,0.11941823695751368,0.7032898203039754,0.39357328925930957,0.9574513539188677,1.0,113.0,random,"[0.004537755417435564, 0.004537755417435564, 0.004537755417435564, 0.054189075169456154, 0.31913571921116485, 0.17859393254943662, 0.4344680068176357]"
50,COMPLETE,"[117.0, 3.261948333990132]",2025-07-24T05:31:32.717016,2025-07-24T05:42:35.823104,663.106088,0.01,0.220638791238363,0.008,50.0,7,0.0,0.01,0.01,0.7351087492716755,0.7882283524801572,0.7658133029097653,0.031662234815530425,0.9856766571668889,1.0,118.0,random,"[0.0030061723060671387, 0.0030061723060671387, 0.22098635640081626, 0.23695502440827756, 0.23021667428251416, 0.009518213345064235, 0.29631138695119347]"
51,COMPLETE,"[125.0, 3.275193463268175]",2025-07-24T05:42:35.836115,2025-07-24T05:53:38.574665,662.73855,0.01,0.14009285299307453,0.008,50.0,7,0.0,0.01,0.01,0.01,0.3721341369194488,0.5809874609812359,0.36020469868091326,0.9226703810569127,1.0,126.0,random,"[0.0044130691358389, 0.0044130691358389, 0.0044130691358389, 0.16422536740312668, 0.2563937832365699, 0.1589608238332889, 0.4071808181194978]"
52,COMPLETE,"[119.0, 3.218971946180372]",2025-07-24T05:53:38.587676,2025-07-24T06:03:44.529778,605.942102,0.01,0.20162557272595114,0.008,50.0,5,0.0,0.01,0.01,0.01,0.10121253632817687,0.9019812079508415,,,1.0,120.0,random,"[0.009678726817087133, 0.009678726817087133, 0.009678726817087133, 0.0979608489584931, 0.8730029705902455]"
53,COMPLETE,"[118.0, 2.936601386558374]",2025-07-24T06:03:44.541788,2025-07-24T06:14:48.062097,663.520309,0.01,0.028714349334767013,0.008,50.0,7,0.0,0.01,0.01,0.8094855976222471,0.7139791096312662,0.5691835632081612,0.5475661746406815,0.7766499027384329,1.0,119.0,random,"[0.0029096289489233124, 0.0029096289489233124, 0.23553027285781783, 0.20774142863096234, 0.1656112972761788, 0.15932143931857248, 0.22597630401862193]"
54,COMPLETE,"[103.0, 3.1883788095533596]",2025-07-24T06:14:48.075109,2025-07-24T06:25:56.263914,668.188805,0.01,0.18004933802651815,0.008,50.0,7,2.1419197163268375,0.01,0.01,0.01,0.15115710741235752,0.8282621696663397,0.1862150857330243,0.985615762809794,1.0,104.0,random,"[0.00458452695660047, 0.00458452695660047, 0.00458452695660047, 0.06929838336137058, 0.37971902439677263, 0.08537080802687175, 0.45185820334518356]"
55,COMPLETE,"[127.0, 3.191983937592012]",2025-07-24T06:25:56.274924,2025-07-24T06:37:00.278793,664.003869,0.01,0.11781392471121419,0.008,50.0,7,0.0,0.01,0.01,0.287852997628138,0.47553378215430836,0.1986627232253141,0.3895492807709879,0.8728171758157173,1.0,128.0,random,"[0.004455502090533548, 0.004455502090533548, 0.1282529632698517, 0.21187417605078454, 0.08851421786414744, 0.17356376348409763, 0.3888838751500515]"
56,COMPLETE,"[122.0, 3.300249328873919]",2025-07-24T06:37:00.289803,2025-07-24T06:48:02.820710,662.530907,0.01,0.164481289701618,0.008,50.0,7,0.0,0.01,0.560427178258447,0.2211841498980774,0.4864060820336405,0.17028011708942856,0.5907510464209614,0.392971815102114,1.0,123.0,random,"[0.004111807633702938, 0.23043687496976795, 0.09094666760050095, 0.20000082411854603, 0.07001590853161424, 0.24290546622917078, 0.16158245091669715]"
57,COMPLETE,"[123.0, 3.3443367123337477]",2025-07-24T06:48:02.832721,2025-07-24T06:59:07.655821,664.8231,0.01,0.1719715051771647,0.005945811672066941,50.0,7,0.0,0.01,0.29811790347806694,0.19432530993558333,0.9549192939625143,0.5546790520022375,0.07931677531451314,0.8103127778900853,1.0,124.0,random,"[0.0034462899522400493, 0.1027400735339331, 0.06697013630969342, 0.3290928767983175, 0.1911584843633347, 0.027334860581048823, 0.2792572784614324]"
58,COMPLETE,"[122.0, 3.207762200427272]",2025-07-24T06:59:07.666830,2025-07-24T07:10:11.542721,663.875891,0.01,0.11925216420065883,0.00746595536315705,50.0,7,0.0,0.3422763451415806,0.01,0.2598882744660504,0.487243062467984,0.4512188710818546,0.8687874966499174,0.06711633364415873,1.0,123.0,random,"[0.13765218692661532, 0.004021668131044122, 0.10451843910521624, 0.19595298963998312, 0.18146525539556005, 0.3493974987926574, 0.02699196200892375]"
59,COMPLETE,"[95.0, 3.118781911563886]",2025-07-24T07:10:11.553730,2025-07-24T07:21:18.325716,666.771986,0.01,0.14171309276548705,0.0021264959779718927,50.0,7,0.0,0.01,0.01,0.01,0.6218061556121015,0.8525750759789046,0.9277239747577778,0.39609644862861315,1.0,96.0,random,"[0.0035358157656123425, 0.0035358157656123425, 0.0035358157656123425, 0.21985920081680702, 0.30145483950143515, 0.32802610560850975, 0.14005240677641098]"
60,COMPLETE,"[124.0, 3.305435536880486]",2025-07-24T07:21:18.336725,2025-07-24T07:32:24.195580,665.858855,0.01,0.10830346097413583,0.006836110635053696,50.0,7,0.0,0.01,0.01,0.27386634703208607,0.4673396208787511,0.0631850656733992,0.4996641804969161,0.8245038813236717,1.0,125.0,random,"[0.0046542820355219665, 0.0046542820355219665, 0.12746512191254628, 0.21751304019436177, 0.029408111607697754, 0.2325578019080602, 0.3837473603062901]"
61,COMPLETE,"[121.0, 3.366068467714631]",2025-07-24T07:32:24.206590,2025-07-24T07:42:30.594329,606.387739,0.01,0.19854101018759132,0.0058444959664723,50.0,5,0.0,0.01,0.38114228143574475,0.5279311279936872,0.07770308531299121,0.4045361566744614,,,1.0,122.0,random,"[0.007136166215218907, 0.2719894671973218, 0.37674042795509594, 0.05545021322288403, 0.2886837254094794]"
62,COMPLETE,"[120.0, 3.168557291344606]",2025-07-24T07:42:30.606340,2025-07-24T07:53:34.706796,664.100456,0.01,0.22108224557600886,0.0046281363134744215,50.0,7,0.0,0.01,0.49190745828039356,1.0,0.42846022982901877,0.7625136762499908,0.44505682845031785,0.5375375304943693,1.0,121.0,random,"[0.002720736240099674, 0.13383504485187853, 0.27207362400996743, 0.11657272747372467, 0.207459859254498, 0.12108822420686034, 0.14624978396297142]"
63,COMPLETE,"[131.0, 3.260121783044275]",2025-07-24T07:53:34.718806,2025-07-24T08:02:51.821424,557.102618,0.01,0.05517438329622117,0.008,50.0,3,0.0,0.01,0.01,0.01,,,,,1.0,132.0,random,"[0.33333333333333337, 0.33333333333333337, 0.33333333333333337]"
64,COMPLETE,"[73.0, 2.6951390865971585]",2025-07-24T08:02:51.833435,2025-07-24T08:12:07.964674,556.131239,0.01,0.01,0.008,50.0,3,0.0,0.01,0.7253174292717343,0.01,,,,,1.0,74.0,random,"[0.013417102039021436, 0.9731657959219571, 0.013417102039021436]"
65,COMPLETE,"[131.0, 3.3276287257464308]",2025-07-24T08:12:07.975684,2025-07-24T08:21:23.482028,555.506344,0.01,0.10305672356870592,0.008,50.0,3,0.0,0.01,0.01,0.5021381447513872,,,,,1.0,132.0,random,"[0.019152019634117015, 0.019152019634117015, 0.9616959607317659]"
66,COMPLETE,"[128.0, 3.2927883886682854]",2025-07-24T08:21:23.494038,2025-07-24T08:30:40.698764,557.204726,0.01,0.09524371791309727,0.008,50.0,3,0.0,0.01,0.01,0.13142916801838933,,,,,1.0,129.0,random,"[0.06603747567830272, 0.06603747567830272, 0.8679250486433946]"
67,COMPLETE,"[127.0, 3.1500118352428585]",2025-07-24T08:30:40.710775,2025-07-24T08:39:57.182236,556.471461,0.01,0.03574607751079174,0.008,50.0,3,0.0,0.01,0.01,0.4972282811870689,,,,,1.0,128.0,random,"[0.019333822924472385, 0.019333822924472385, 0.9613323541510553]"
68,COMPLETE,"[119.0, 3.3661162767492065]",2025-07-24T08:39:57.194246,2025-07-24T08:49:36.861707,579.667461,0.01,0.16289226118157174,0.006433346494318977,50.0,4,0.0,0.01,0.18902621960959526,0.3834616158470976,0.7357855073890146,,,,1.0,120.0,random,"[0.007585680203783363, 0.14338924520885132, 0.2908817188242109, 0.5581433557631545]"
69,COMPLETE,"[118.0, 3.1968826400437003]",2025-07-24T08:49:36.874719,2025-07-24T08:58:54.417629,557.54291,0.01,0.20139624084944988,0.008,50.0,3,0.0,0.01,0.20139155940101838,1.0,,,,,1.0,119.0,random,"[0.008254969190097853, 0.16624811180011687, 0.8254969190097854]"
70,COMPLETE,"[121.0, 3.379442185064099]",2025-07-24T08:58:54.428639,2025-07-24T09:08:59.503818,605.075179,0.01,0.15402213361804643,0.006358305892905404,50.0,5,0.0,0.015257609588449454,0.23496525486599149,0.22088662434098263,0.5610462839372259,0.40826179049816863,,,1.0,122.0,random,"[0.010592490662379208, 0.16312301437020157, 0.1533490218249907, 0.3895025291685656, 0.2834329439738629]"
71,COMPLETE,"[115.0, 2.712540249411252]",2025-07-24T09:08:59.515829,2025-07-24T09:18:15.859556,556.343727,0.01,0.05993631558172882,0.008,22.773440495779738,3,4.0,0.01,0.01,0.01,,,,,1.0,116.0,random,"[0.33333333333333337, 0.33333333333333337, 0.33333333333333337]"
72,COMPLETE,"[116.0, 3.1063810187489396]",2025-07-24T09:18:15.870565,2025-07-24T09:29:21.362003,665.491438,0.01,0.29169620934034685,0.006062189539674669,50.0,7,0.0,0.01,0.8432705363586567,0.01,0.42476227463420463,0.7773218953114414,0.7065171714713933,0.26305373062309195,1.0,117.0,random,"[0.00329497367985766, 0.27785542223012255, 0.00329497367985766, 0.1399580515116175, 0.25612551858282706, 0.23279554843657219, 0.08667551187914549]"
73,COMPLETE,"[198.0, 0.5144052789053796]",2025-07-24T09:29:21.374013,2025-07-24T09:38:37.906136,556.532123,0.5,0.01,0.008,20.0,3,0.0,0.01,1.0,1.0,,,,,1.0,199.0,random,"[0.0049751243781094535, 0.49751243781094534, 0.49751243781094534]"
74,COMPLETE,"[198.0, 0.5144037641164624]",2025-07-24T09:38:37.916144,2025-07-24T09:47:52.962941,555.046797,0.5,0.01,0.008,20.0,3,0.0,1.0,1.0,1.0,,,,,1.0,199.0,random,"[0.3333333333333333, 0.3333333333333333, 0.3333333333333333]"
75,COMPLETE,"[198.0, 0.5144048386729998]",2025-07-24T09:47:52.974952,2025-07-24T09:57:08.935932,555.96098,0.5,0.01,0.008,20.0,3,0.0,0.01,0.01,1.0,,,,,1.0,199.0,random,"[0.00980392156862745, 0.00980392156862745, 0.9803921568627451]"
76,COMPLETE,"[198.0, 0.5144060128109051]",2025-07-24T09:57:08.945941,2025-07-24T10:06:23.446950,554.501009,0.49999999999999994,0.01,0.008,20.0,3,0.0,1.0,0.01,1.0,,,,,1.0,199.0,random,"[0.49751243781094534, 0.0049751243781094535, 0.49751243781094534]"
77,COMPLETE,"[198.0, 0.5144034792454246]",2025-07-24T10:06:23.456959,2025-07-24T10:17:30.076921,666.619962,0.5,0.01,0.008,20.0,7,0.0,0.01,0.5013250985425187,1.0,0.6869690215348332,0.9655501026723579,0.6438746545035197,0.3787536043139784,1.0,199.0,random,"[0.0023886458215190503, 0.11974881018562135, 0.23886458215190504, 0.16409256828022098, 0.23063572182156175, 0.15379885030618545, 0.09047082143298643]"
78,COMPLETE,"[198.0, 0.5144061174865009]",2025-07-24T10:17:30.087930,2025-07-24T10:26:48.980262,558.892332,0.5,0.01,0.008,20.0,3,0.0,0.01,0.9999999999999999,0.01,,,,,1.0,199.0,random,"[0.009803921568627453, 0.9803921568627452, 0.009803921568627453]"
79,COMPLETE,"[198.0, 0.5144045988270843]",2025-07-24T10:26:48.992273,2025-07-24T10:37:54.420861,665.428588,0.5,0.01,0.008,20.0,7,0.0,0.01,0.01,0.01,0.6174866167229915,0.9531853650641638,0.919636862719899,0.48977895805051375,1.0,199.0,random,"[0.0033221622277939352, 0.0033221622277939352, 0.0033221622277939352, 0.20513907142453933, 0.31666364159021376, 0.30551828486149646, 0.1627125154403687]"
80,COMPLETE,"[198.0, 0.5144074424459303]",2025-07-24T10:37:54.431871,2025-07-24T10:48:59.810199,665.378328,0.5,0.01,0.008,20.0,7,0.0,1.0,1.0,0.01,0.5319001543110246,0.38579087543587537,0.1856502202578464,0.35847691327186276,1.0,199.0,random,"[0.2880335181656596, 0.2880335181656596, 0.002880335181656596, 0.15320507275906162, 0.11112070312800491, 0.0534734860890971, 0.10325336651086066]"
81,COMPLETE,"[198.0, 0.5144046190347428]",2025-07-24T10:48:59.822209,2025-07-24T10:58:17.490016,557.667807,0.5,0.01,0.008,20.0,3,0.0,1.0,0.36479554094733246,0.01,,,,,1.0,199.0,random,"[0.7273808869869686, 0.2653453041431617, 0.007273808869869686]"
82,COMPLETE,"[80.0, 0.36867141222632105]",2025-07-24T10:58:17.502027,2025-07-24T11:09:21.896750,664.394723,0.5,0.01,0.0027406805730595413,20.0,7,0.0,0.01,1.0,1.0,0.3774027870569838,0.6335400158779064,0.39538773263719085,0.28158076783446734,2.0,82.0,random,"[0.0027042292741818637, 0.27042292741818635, 0.27042292741818635, 0.10205836649173199, 0.17132374573026773, 0.10692190812498835, 0.07614589554245735]"
83,COMPLETE,"[196.0, 0.9840126770118911]",2025-07-24T11:09:21.909761,2025-07-24T11:20:30.371984,668.462223,0.5,0.01,0.008,20.0,7,2.8550869883211045,1.0,0.01,1.0,0.8276409253951768,0.3019093188056946,0.4789130282248556,0.7620457961487264,2.0,198.0,random,"[0.2282839698184735, 0.002282839698184735, 0.2282839698184735, 0.188937156033446, 0.06892105782215507, 0.10932816728095668, 0.17396283952831046]"
84,COMPLETE,"[198.0, 0.8192396924977385]",2025-07-24T11:20:30.382993,2025-07-24T11:29:47.740595,557.357602,0.5,0.01,0.008,20.0,3,4.0,0.01,0.01,1.0,,,,,1.0,199.0,random,"[0.00980392156862745, 0.00980392156862745, 0.9803921568627451]"
85,COMPLETE,"[197.0, 0.90119826166445]",2025-07-24T11:29:47.750603,2025-07-24T11:40:53.359939,665.609336,0.5,0.01,0.008,20.0,7,4.0,1.0,1.0,1.0,0.25934484045019623,0.6286421492036942,0.46518093659671483,0.05818122323886772,2.0,199.0,random,"[0.22668801904191382, 0.22668801904191382, 0.22668801904191382, 0.05879036813039619, 0.14250564348923667, 0.1054509450131714, 0.013188986241454285]"
86,COMPLETE,"[198.0, 0.8605604000692173]",2025-07-24T11:40:53.372950,2025-07-24T11:50:35.835432,582.462482,0.5,0.01,0.008,20.0,4,2.5927872350536245,0.4431908214207726,0.5939955612190325,0.5784821633673379,0.6455399492127726,,,,1.0,199.0,random,"[0.19599732725118288, 0.26268942579806775, 0.2558287590862236, 0.2854844878645258]"
87,COMPLETE,"[196.0, 1.0066999935620844]",2025-07-24T11:50:35.846442,2025-07-24T12:02:39.018268,723.171826,0.5,0.01,0.008,20.0,7,4.0,1.0,0.01,0.01,0.8873782220341907,0.5431164434373884,0.7600051029166098,0.20676889180856206,2.0,198.0,random,"[0.29263136716398075, 0.0029263136716398074, 0.0029263136716398074, 0.2596747023054077, 0.1589329073723218, 0.22240133231808942, 0.060507063496920734]"
88,COMPLETE,"[125.0, 2.855423269742727]",2025-07-24T12:02:39.029278,2025-07-24T12:12:00.714439,561.685161,0.01,0.14181547408410608,0.008,32.68869389453844,3,0.0,0.01,0.01,0.01,,,,,1.0,126.0,random,"[0.33333333333333337, 0.33333333333333337, 0.33333333333333337]"
89,COMPLETE,"[198.0, 0.9253045516002544]",2025-07-24T12:12:00.724447,2025-07-24T12:21:17.862544,557.138097,0.5,0.01,0.008,20.0,3,3.9999999999999996,1.0,0.01,1.0,,,,,1.0,199.0,random,"[0.49751243781094534, 0.0049751243781094535, 0.49751243781094534]"
90,COMPLETE,"[80.0, 2.206143138599806]",2025-07-24T12:21:17.874555,2025-07-24T12:32:23.713076,665.838521,0.01,0.6,0.008,20.0,7,4.0,0.01,1.0,0.01,0.5786941878031224,0.7374570548030631,0.7613043694335349,0.6360566634537833,1.0,81.0,random,"[0.0026784430482897446, 0.2678443048289744, 0.0026784430482897446, 0.15499994244069532, 0.19752367218494934, 0.20391103959418588, 0.17036415485461553]"
91,COMPLETE,"[196.0, 0.9216297590082817]",2025-07-24T12:32:23.724086,2025-07-24T12:43:29.723992,665.999906,0.5,0.01,0.008,20.0,7,4.0,1.0,0.01,1.0,0.9449900106438948,0.8709612946365151,0.5883635737115614,0.6886813232842748,2.0,198.0,random,"[0.19596330476474574, 0.0019596330476474573, 0.19596330476474574, 0.18518336545544986, 0.1706764536191529, 0.11529767030771366, 0.13495626804054472]"
92,COMPLETE,"[198.0, 0.8703313358276418]",2025-07-24T12:43:29.736002,2025-07-24T12:52:47.833582,558.09758,0.5,0.01,0.008,20.0,3,4.0,1.0,1.0,0.01,,,,,1.0,199.0,random,"[0.49751243781094534, 0.49751243781094534, 0.0049751243781094535]"
93,COMPLETE,"[195.0, 0.9034291251233809]",2025-07-24T12:52:47.845592,2025-07-24T13:02:06.029978,558.184386,0.5,0.01,0.008,20.0,3,4.0,1.0,0.01,0.01,,,,,1.0,196.0,random,"[0.9803921568627451, 0.00980392156862745, 0.00980392156862745]"
94,COMPLETE,"[108.0, 2.8092685967726467]",2025-07-24T13:02:06.040987,2025-07-24T13:11:24.172872,558.131885,0.01,0.11724129412801298,0.008,27.49732585175242,3,3.9999999999999996,0.01,0.01,0.01,,,,,1.0,109.0,random,"[0.33333333333333337, 0.33333333333333337, 0.33333333333333337]"
95,COMPLETE,"[197.0, 0.8012754365762468]",2025-07-24T13:11:24.185884,2025-07-24T13:20:42.463684,558.2778,0.49999999999999994,0.01,0.008,20.0,3,4.0,0.01,1.0,1.0,,,,,1.0,198.0,random,"[0.0049751243781094535, 0.49751243781094534, 0.49751243781094534]"
96,COMPLETE,"[198.0, 0.9097266735998453]",2025-07-24T13:20:42.475695,2025-07-24T13:29:58.943673,556.467978,0.5,0.01,0.008,20.0,3,4.0,1.0,0.6112371395455986,1.0,,,,,1.0,199.0,random,"[0.38296023936532153, 0.23407952126935685, 0.38296023936532153]"
97,COMPLETE,"[196.0, 0.8653245845522627]",2025-07-24T13:29:58.953682,2025-07-24T13:41:06.284997,667.331315,0.49999999999999994,0.01,0.008,20.0,7,4.0,0.01,0.7466559615367424,0.01,0.924578751102055,0.20162230005825132,0.8439239464592508,0.34007085854254454,2.0,198.0,random,"[0.0032500752692987763, 0.24266880752650646, 0.0032500752692987763, 0.30049505334759374, 0.06552876511584599, 0.27428163475562356, 0.11052558871583265]"
98,COMPLETE,"[197.0, 1.157109401564651]",2025-07-24T13:41:06.297008,2025-07-24T13:50:23.866710,557.569702,0.42612928631584457,0.01,0.008,20.0,3,4.0,1.0,0.01,1.0,,,,,1.0,198.0,random,"[0.49751243781094534, 0.0049751243781094535, 0.49751243781094534]"
99,COMPLETE,"[115.0, 1.2791971389622554]",2025-07-24T13:50:23.877719,2025-07-24T14:01:36.537747,672.660028,0.40042033886528616,0.01,0.008,20.0,7,4.0,1.0,0.01,1.0,0.9045667567768239,0.7229231655999149,0.5276540246978504,0.7109627572297078,83.0,198.0,random,"[0.20508164825787503, 0.0020508164825787504, 0.20508164825787503, 0.18551004143907138, 0.14825827436503128, 0.10821215709493666, 0.14580541410263193]"
100,COMPLETE,"[197.0, 1.1243264113525029]",2025-07-24T14:01:36.548756,2025-07-24T14:10:54.384311,557.835555,0.45344686216007696,0.01,0.008,20.0,3,3.9999999999999996,1.0,0.457789225867539,1.0,,,,,1.0,198.0,random,"[0.40686971424371215, 0.18626057151257577, 0.40686971424371215]"
101,COMPLETE,"[196.0, 1.2834946258961764]",2025-07-24T14:10:54.394321,2025-07-24T14:20:12.961565,558.567244,0.3960504787042642,0.01,0.008,20.0,3,3.9999999999999996,1.0,0.01,1.0,,,,,2.0,198.0,random,"[0.49751243781094534, 0.0049751243781094535, 0.49751243781094534]"
102,COMPLETE,"[197.0, 0.8786784848268234]",2025-07-24T14:20:12.972575,2025-07-24T14:29:30.695076,557.722501,0.4018442938649716,0.01,0.008,20.0,3,1.5317846917222397,0.01,0.01,1.0,,,,,2.0,199.0,random,"[0.00980392156862745, 0.00980392156862745, 0.9803921568627451]"
103,COMPLETE,"[197.0, 1.346333417268581]",2025-07-24T14:29:30.706085,2025-07-24T14:38:47.072095,556.36601,0.4019859500853785,0.01,0.008,20.0,3,4.0,1.0,1.0,0.01,,,,,2.0,199.0,random,"[0.49751243781094534, 0.49751243781094534, 0.0049751243781094535]"
104,COMPLETE,"[190.0, 1.5623883902230002]",2025-07-24T14:38:47.083104,2025-07-24T14:48:04.753188,557.670084,0.38583778576754374,0.01,0.008,20.0,3,4.0,1.0,0.11648732358186566,0.01,,,,,7.0,197.0,random,"[0.8877152712383155, 0.10340757604930129, 0.008877152712383155]"
105,COMPLETE,"[114.0, 3.3487803713930147]",2025-07-24T14:48:04.764198,2025-07-24T14:57:21.392507,556.628309,0.01,0.13491737584317734,0.0055921053605248365,50.0,3,0.3914668496375751,0.01,0.01,0.024650252951028025,,,,,1.0,115.0,random,"[0.22396289693964122, 0.22396289693964122, 0.5520742061207177]"
106,COMPLETE,"[196.0, 1.089851222255001]",2025-07-24T14:57:21.405518,2025-07-24T15:06:38.082774,556.677256,0.4123802679037327,0.01,0.008,20.0,3,1.2324908696149863,1.0,1.0,0.42986122481247335,,,,,3.0,199.0,random,"[0.4115461367869582, 0.4115461367869582, 0.17690772642608354]"
107,COMPLETE,"[197.0, 1.2455900688620376]",2025-07-24T15:06:38.094784,2025-07-24T15:15:55.922590,557.827806,0.4012670098589406,0.01,0.008,20.0,3,4.0,0.01,0.8924052286340136,0.7419809126320964,,,,,2.0,199.0,random,"[0.006081296691238476, 0.5426980964135942, 0.45122060689516724]"
108,COMPLETE,"[197.0, 0.8457222185306322]",2025-07-24T15:15:55.934601,2025-07-24T15:26:30.470662,634.536061,0.5,0.01,0.008,20.0,6,2.333173457926404,0.8448821467855838,0.5571862543288167,0.3552184422776315,0.0611919361079914,0.13088684791495625,0.43341695106973144,,1.0,198.0,random,"[0.3545779436254196, 0.23383847916294134, 0.14907715268907432, 0.025680872716009762, 0.05493025217524943, 0.1818952996313056]"
109,COMPLETE,"[196.0, 0.855117901370802]",2025-07-24T15:26:30.482672,2025-07-24T15:35:47.505753,557.023081,0.43598134181145626,0.01,0.008,20.0,3,3.109168860460405,0.23491535985466508,1.0,0.01,,,,,2.0,198.0,random,"[0.1886998646093416, 0.8032674607828301, 0.0080326746078283]"
110,COMPLETE,"[69.0, 2.8052400347537914]",2025-07-24T15:35:47.516763,2025-07-24T15:46:59.022384,671.505621,0.01,0.6,0.001,50.0,7,0.0,0.01,0.01,0.01,0.6314741678531621,0.9735807215509527,0.1136466647907248,0.3393551560203624,1.0,70.0,random,"[0.004789141957245676, 0.004789141957245676, 0.004789141957245676, 0.30242194321823773, 0.46626162823451867, 0.0544270010650295, 0.16252200161047703]"
111,COMPLETE,"[194.0, 1.4087317208755523]",2025-07-24T15:46:59.035395,2025-07-24T15:56:17.628950,558.593555,0.37038035943799813,0.01,0.008,20.0,3,4.0,1.0,1.0,1.0,,,,,4.0,198.0,random,"[0.3333333333333333, 0.3333333333333333, 0.3333333333333333]"
112,COMPLETE,"[187.0, 1.7721525057788252]",2025-07-24T15:56:17.640961,2025-07-24T16:05:34.157951,556.51699,0.35120434992115634,0.01,0.008,20.0,3,4.0,1.0,0.01,0.01,,,,,10.0,197.0,random,"[0.9803921568627451, 0.00980392156862745, 0.00980392156862745]"
113,COMPLETE,"[127.0, 3.3410674111760015]",2025-07-24T16:05:34.167961,2025-07-24T16:15:15.743973,581.576012,0.01,0.10725506728154299,0.008,50.0,4,0.0,0.01,0.01,1.0,0.11278909029099887,,,,1.0,128.0,random,"[0.00882776863381614, 0.00882776863381614, 0.882776863381614, 0.09956759935075364]"
114,COMPLETE,"[123.0, 3.3563341978843977]",2025-07-24T16:15:15.755984,2025-07-24T16:24:33.080110,557.324126,0.01,0.12797576485132864,0.006007832914396578,50.0,3,0.0,0.01,0.01,0.7415238223297808,,,,,1.0,124.0,random,"[0.013131565562067817, 0.013131565562067817, 0.9737368688758643]"
115,COMPLETE,"[197.0, 0.8395704029162074]",2025-07-24T16:24:33.092121,2025-07-24T16:35:06.852667,633.760546,0.5,0.01,0.008,20.0,6,3.440837636989318,0.01,0.01,1.0,0.4985238904029646,0.8125635195781172,0.9080596259924537,,2.0,199.0,random,"[0.0030872324994640045, 0.0030872324994640045, 0.30872324994640044, 0.15390591562112638, 0.25085725055204194, 0.2803391188815032]"
116,COMPLETE,"[158.0, 0.8867252433985121]",2025-07-24T16:35:06.863676,2025-07-24T16:44:31.183146,564.31947,0.3410717123674256,0.01,0.008,20.0,3,4.0,0.01,1.0,0.01,,,,,41.0,199.0,random,"[0.00980392156862745, 0.9803921568627451, 0.00980392156862745]"
117,COMPLETE,"[195.0, 1.1229280537014192]",2025-07-24T16:44:31.194156,2025-07-24T16:53:49.833853,558.639697,0.41396076644845986,0.01,0.008,20.0,3,4.0,1.0,1.0,1.0,,,,,2.0,197.0,random,"[0.3333333333333333, 0.3333333333333333, 0.3333333333333333]"
118,COMPLETE,"[197.0, 0.9139728128265815]",2025-07-24T16:53:49.845864,2025-07-24T17:03:05.312119,555.466255,0.42802344674724757,0.01,0.008,20.0,3,3.9999999999999996,0.01,0.41125848922338804,1.0,,,,,2.0,199.0,random,"[0.007036017779893267, 0.28936220423078013, 0.7036017779893267]"
119,COMPLETE,"[195.0, 1.0934911546829469]",2025-07-24T17:03:05.324130,2025-07-24T17:12:21.344726,556.020596,0.36177844518697,0.01,0.008,20.0,3,0.0,1.0,0.01,0.9999999999999999,,,,,4.0,199.0,random,"[0.49751243781094534, 0.0049751243781094535, 0.4975124378109453]"
120,COMPLETE,"[196.0, 1.3393342856999744]",2025-07-24T17:12:21.356737,2025-07-24T17:21:38.676766,557.320029,0.3896778882194341,0.01,0.008,20.0,3,2.322827639677712,1.0,0.446021869666414,0.9999999999999999,,,,,2.0,198.0,random,"[0.4088270887522273, 0.1823458224955454, 0.4088270887522273]"
121,COMPLETE,"[11.0, 0.0]",2025-07-24T17:21:38.688776,2025-07-24T17:32:44.896773,666.207997,0.5,0.1455710200315838,0.008,20.0,7,4.0,1.0,1.0,0.1284178972419559,0.8932689330624967,0.5716502253476452,0.5491829173924363,0.7328624582262436,73.0,84.0,random,"[0.20511211460786843, 0.20511211460786843, 0.026340066456793532, 0.18322027977396318, 0.11725238653712003, 0.11264406949288094, 0.1503189685235055]"
122,COMPLETE,"[134.0, 3.2831079893824087]",2025-07-24T17:32:44.907783,2025-07-24T17:42:03.166332,558.258549,0.01,0.06316797447600697,0.008,50.0,3,0.0,0.01,0.01,1.0,,,,,1.0,135.0,random,"[0.00980392156862745, 0.00980392156862745, 0.9803921568627451]"
123,COMPLETE,"[133.0, 5.900568576247939]",2025-07-24T17:42:03.177342,2025-07-24T17:51:21.040448,557.863106,0.0460460416469754,0.07353618962155528,0.008,50.0,3,0.0,0.01,0.01,0.760801698957333,,,,,34.0,167.0,random,"[0.01280734918142955, 0.01280734918142955, 0.9743853016371409]"
124,COMPLETE,"[22.0, 5.028470902312101]",2025-07-24T17:51:21.051458,2025-07-24T18:00:39.046348,557.99489,0.06260050198766517,0.07960168935850011,0.008,50.0,3,0.0,0.01,0.01,0.9683309135618894,,,,,150.0,172.0,random,"[0.010118068617281796, 0.010118068617281796, 0.9797638627654364]"
125,COMPLETE,"[163.0, 5.289106498618509]",2025-07-24T18:00:39.058359,2025-07-24T18:09:55.052549,555.99419,0.032806044186267494,0.0667983506818438,0.008,50.0,3,0.0,0.01,0.01,0.568564725657907,,,,,3.0,166.0,random,"[0.016990484757342262, 0.016990484757342262, 0.9660190304853155]"
126,COMPLETE,"[17.0, 0.9229601143756057]",2025-07-24T18:09:55.064559,2025-07-24T18:19:10.164280,555.099721,0.5,0.6,0.008,50.0,3,0.0,0.01,0.01,1.0,,,,,28.0,45.0,random,"[0.00980392156862745, 0.00980392156862745, 0.9803921568627451]"
127,COMPLETE,"[19.0, 1.3325522468907864]",2025-07-24T18:19:10.175290,2025-07-24T18:28:27.114427,556.939137,0.36812893798262397,0.01,0.001,20.0,3,4.0,1.0,0.01,0.01,,,,,22.0,41.0,random,"[0.9803921568627451, 0.00980392156862745, 0.00980392156862745]"
128,COMPLETE,"[160.0, 5.815703129417098]",2025-07-24T18:28:27.126437,2025-07-24T18:37:44.689309,557.562872,0.039231867789868445,0.0760326921350765,0.008,50.0,3,0.0,0.01,0.01,0.5887850366523288,,,,,8.0,168.0,random,"[0.016426159313949928, 0.016426159313949928, 0.9671476813721002]"
129,COMPLETE,"[160.0, 5.487425118871289]",2025-07-24T18:37:44.701320,2025-07-24T18:47:00.037429,555.336109,0.03342385789317148,0.09196580010220391,0.008,50.0,3,0.0,0.01,0.01,0.33710893514632967,,,,,4.0,164.0,random,"[0.028002659737153816, 0.028002659737153816, 0.9439946805256924]"
130,COMPLETE,"[145.0, 5.984645206392427]",2025-07-24T18:47:00.050441,2025-07-24T18:56:15.172505,555.122064,0.04495383251630634,0.1000703659649386,0.00750867833826508,50.0,3,0.0,0.01,0.01,0.3057225362409398,,,,,20.0,165.0,random,"[0.030700976712900552, 0.030700976712900552, 0.9385980465741989]"
131,COMPLETE,"[163.0, 5.455893037665275]",2025-07-24T18:56:15.184516,2025-07-24T19:05:31.698306,556.51379,0.03571529758335503,0.0753124288179639,0.006710585132434742,50.0,3,0.0,0.01,0.01,0.21703854787135807,,,,,5.0,168.0,random,"[0.04218723110566408, 0.04218723110566408, 0.9156255377886718]"
132,COMPLETE,"[158.0, 5.623506771982992]",2025-07-24T19:05:31.709316,2025-07-24T19:15:37.055740,605.346424,0.03624029038102677,0.07513189952590864,0.00799055889875713,50.0,5,0.0,0.01,0.01,0.01,0.3387754463966737,0.967892393130336,,,10.0,168.0,random,"[0.007481290193634476, 0.007481290193634476, 0.007481290193634476, 0.2534477424971577, 0.7241083869219388]"
133,COMPLETE,"[142.0, 6.045977913788578]",2025-07-24T19:15:37.065748,2025-07-24T19:25:44.662567,607.596819,0.04548336575583549,0.10706086548395258,0.008,50.0,5,0.0,0.01,0.01,0.2722379572701899,0.2831404112272208,0.4196195632945315,,,21.0,163.0,random,"[0.010050272146787777, 0.010050272146787777, 0.273606555925099, 0.2845638188586974, 0.421729080922628]"
134,COMPLETE,"[163.0, 5.416124416281951]",2025-07-24T19:25:44.674578,2025-07-24T19:35:28.301025,583.626447,0.03400848472706411,0.08041374946443838,0.007035324878103451,50.0,4,0.0,0.01,0.01,0.6646056280631758,0.9837865309049396,,,,4.0,167.0,random,"[0.00599379465208282, 0.00599379465208282, 0.3983509659229207, 0.5896614447729137]"
135,COMPLETE,"[84.0, 0.0]",2025-07-24T19:35:28.313035,2025-07-24T19:44:44.287047,555.974012,0.08999334325758113,0.6,0.008,50.0,3,0.0,0.01,1.0,0.01,,,,,37.0,121.0,random,"[0.00980392156862745, 0.9803921568627451, 0.00980392156862745]"
136,COMPLETE,"[165.0, 5.386404771133803]",2025-07-24T19:44:44.299058,2025-07-24T19:54:00.197120,555.898062,0.033869417708498085,0.0751826335491147,0.007347402723799694,50.0,3,0.0,0.01,0.01,0.4582642284003998,,,,,3.0,168.0,random,"[0.020908944065179097, 0.020908944065179097, 0.9581821118696418]"
137,COMPLETE,"[12.0, 0.0]",2025-07-24T19:54:00.208129,2025-07-24T20:05:04.409974,664.201845,0.21934202928747543,0.6,0.008,50.0,7,3.9999999999999996,1.0,1.0,0.01,0.8350753751881415,0.7618198810479118,0.41614922003292015,0.6528167504151382,98.0,110.0,random,"[0.21386434530888554, 0.21386434530888554, 0.0021386434530888555, 0.17859284839818385, 0.16292611010360472, 0.08899948049314382, 0.13961422693420766]"
138,COMPLETE,"[1.0, 3.325627488052728]",2025-07-24T20:05:04.420983,2025-07-24T20:14:22.033438,557.612455,0.22290060107713616,0.01,0.008,20.0,3,4.0,1.0,0.01,0.5568113155798604,,,,,193.0,194.0,random,"[0.6382389443172425, 0.0063823894431724254, 0.3553786662395851]"
139,COMPLETE,"[192.0, 1.6442108634937518]",2025-07-24T20:14:22.046449,2025-07-24T20:23:41.651484,559.605035,0.36139638991881723,0.01,0.008,20.0,3,4.0,1.0,0.01,1.0,,,,,5.0,197.0,random,"[0.49751243781094534, 0.0049751243781094535, 0.49751243781094534]"
140,COMPLETE,"[159.0, 4.705230152726666]",2025-07-24T20:23:41.663495,2025-07-24T20:32:57.222852,555.559357,0.0415288554268808,0.3420845120540829,0.001,50.0,3,0.0,0.01,0.01,0.01,,,,,18.0,177.0,random,"[0.33333333333333337, 0.33333333333333337, 0.33333333333333337]"
141,COMPLETE,"[140.0, 4.809788555002414]",2025-07-24T20:32:57.233862,2025-07-24T20:44:04.912695,667.678833,0.04625910650234974,0.40547945156802834,0.001,50.0,7,0.0,0.01,0.01,0.01,0.6745894295398375,0.8210288046995796,0.8653039495730382,0.022919315064239998,39.0,179.0,random,"[0.004142774082164714, 0.004142774082164714, 0.004142774082164714, 0.27946716047999187, 0.3401336852820094, 0.3584758775485946, 0.009494954442910078]"
142,COMPLETE,"[141.0, 2.9283054125317203]",2025-07-24T20:44:04.923705,2025-07-24T20:53:24.357957,559.434252,0.04625448008242649,0.3547249849380874,0.001,20.0,3,4.0,0.01,0.01,0.01,,,,,1.0,142.0,random,"[0.33333333333333337, 0.33333333333333337, 0.33333333333333337]"
143,COMPLETE,"[143.0, 5.025615035289072]",2025-07-24T20:53:24.368967,2025-07-24T21:04:30.733446,666.364479,0.04822098450968446,0.2932269356579721,0.001,50.0,7,0.0,0.01,0.01,0.01,0.8015587638262969,0.6333854904137477,0.6523659981798906,0.12747591232449515,40.0,183.0,random,"[0.004454767299021777, 0.004454767299021777, 0.004454767299021777, 0.3570757769337707, 0.28215849703700346, 0.2906138715685477, 0.05678755256361281]"
144,COMPLETE,"[135.0, 3.5572046705459277]",2025-07-24T21:04:30.744455,2025-07-24T21:13:47.104530,556.360075,0.022853434532527556,0.35187848465262456,0.001,50.0,3,4.0,0.01,0.01,0.01,,,,,1.0,136.0,random,"[0.33333333333333337, 0.33333333333333337, 0.33333333333333337]"
145,COMPLETE,"[38.0, 5.537465274575878]",2025-07-24T21:13:47.116541,2025-07-24T21:23:04.093249,556.976708,0.056716619998746054,0.3613406046623693,0.005052871634496039,50.0,3,0.0,0.01,0.01,0.01,,,,,115.0,153.0,random,"[0.33333333333333337, 0.33333333333333337, 0.33333333333333337]"
146,COMPLETE,"[5.0, 0.8778303031656451]",2025-07-24T21:23:04.104258,2025-07-24T21:32:20.032058,555.9278,0.3611927377987911,0.01,0.008,50.0,3,4.0,1.0,0.01,0.40382875361386383,,,,,1.0,6.0,random,"[0.707299237933814, 0.00707299237933814, 0.28562776968684783]"
147,COMPLETE,"[154.0, 3.7835287547059506]",2025-07-24T21:32:20.044069,2025-07-24T21:42:00.551179,580.50711,0.03550550210651696,0.33948674501991166,0.001,39.49778516383476,4,0.0,0.01,0.01,0.01,0.4821556626748795,,,,2.0,156.0,random,"[0.019525313744989437, 0.019525313744989437, 0.019525313744989437, 0.9414240587650317]"
148,COMPLETE,"[197.0, 0.9003920545474818]",2025-07-24T21:42:00.563190,2025-07-24T21:51:16.741366,556.178176,0.4717945749031322,0.01,0.008,20.0,3,4.0,0.5467015153071543,0.01,0.01,,,,,1.0,198.0,random,"[0.9647080527230284, 0.017645973638485798, 0.017645973638485798]"
149,COMPLETE,"[198.0, 0.769358925310779]",2025-07-24T21:51:16.753376,2025-07-24T22:00:32.689318,555.935942,0.4499262809944784,0.01,0.008,20.0,3,0.0,0.9879855657502737,0.01,1.0,,,,,1.0,199.0,random,"[0.49449084251981085, 0.00500504116317019, 0.500504116317019]"
150,COMPLETE,"[156.0, 4.53156007605362]",2025-07-24T22:00:32.701329,2025-07-24T22:09:49.117567,556.416238,0.03406090040092344,0.3058137308525979,0.001,50.0,3,0.0,0.01,0.01,1.0,,,,,5.0,161.0,random,"[0.00980392156862745, 0.00980392156862745, 0.9803921568627451]"
151,COMPLETE,"[157.0, 4.244789352204095]",2025-07-24T22:09:49.129578,2025-07-24T22:19:03.932749,554.803171,0.03227418315514077,0.2897317416614056,0.001,50.0,3,0.0,0.01,0.01,0.01,,,,,5.0,162.0,random,"[0.33333333333333337, 0.33333333333333337, 0.33333333333333337]"
152,COMPLETE,"[115.0, 5.991390847385708]",2025-07-24T22:19:03.942759,2025-07-24T22:29:10.091945,606.149186,0.04677134383036641,0.1659616614892901,0.008,50.0,5,0.0,0.01,0.01,0.8069254969208577,0.030864382115034526,0.7895739512432808,,,42.0,157.0,random,"[0.006070304456244699, 0.006070304456244699, 0.489828343981615, 0.018735619629213326, 0.4792954274766822]"
153,COMPLETE,"[198.0, 1.1639077195424445]",2025-07-24T22:29:10.104957,2025-07-24T22:38:26.660800,556.555843,0.41824655764068847,0.01,0.008,20.0,3,4.0,0.297824888391071,0.01,0.01,,,,,1.0,199.0,random,"[0.9370722661109195, 0.0314638669445402, 0.0314638669445402]"
154,COMPLETE,"[197.0, 1.2633247053490722]",2025-07-24T22:38:26.670809,2025-07-24T22:47:42.332477,555.661668,0.44528147254904427,0.01,0.008,20.0,3,4.0,0.9757224312810144,0.01,0.01,,,,,1.0,198.0,random,"[0.9799140811016283, 0.010042959449185878, 0.010042959449185878]"
155,COMPLETE,"[158.0, 4.553374000374962]",2025-07-24T22:47:42.344486,2025-07-24T22:57:22.474100,580.129614,0.03596074574873225,0.338294844507676,0.001,50.0,4,0.0,0.01,1.0,0.01,0.7043344048253756,,,,9.0,167.0,random,"[0.005799339137475893, 0.5799339137475893, 0.005799339137475893, 0.408467407977459]"
156,COMPLETE,"[128.0, 6.130374239385895]",2025-07-24T22:57:22.484109,2025-07-24T23:07:27.891728,605.407619,0.04608425139717281,0.1304985335025051,0.008,50.0,5,0.0,0.01,0.6359638672168079,0.2538018326995616,0.9015448668617126,0.06544534857027956,,,32.0,160.0,random,"[0.005356886734779071, 0.3406786404092516, 0.13595876708508983, 0.48294737380996716, 0.0350583319609123]"
157,COMPLETE,"[170.0, 3.3095011705420174]",2025-07-24T23:07:27.903739,2025-07-24T23:18:33.247468,665.343729,0.07157797754833527,0.45213744388224986,0.001,20.0,7,0.0,0.01,0.01,0.01,0.39423378015620536,0.6077996535077677,0.43281760679451525,0.5851867186438664,4.0,174.0,random,"[0.0048779589329996905, 0.0048779589329996905, 0.0048779589329996905, 0.1923056189603198, 0.2964821749302332, 0.21112665114228532, 0.28545167816816247]"
158,COMPLETE,"[170.0, 3.3650037840224494]",2025-07-24T23:18:33.257477,2025-07-24T23:27:51.684407,558.42693,0.0787436502743287,0.5015212786745623,0.001,20.0,3,0.0,0.01,0.01,0.01,,,,,7.0,177.0,random,"[0.33333333333333337, 0.33333333333333337, 0.33333333333333337]"
159,COMPLETE,"[177.0, 3.490129486694956]",2025-07-24T23:27:51.696416,2025-07-24T23:38:59.456556,667.76014,0.08975138818827506,0.5847542348439526,0.001,20.0,7,0.0,0.01,0.01,0.01,0.3923852140177506,0.38152154879151,0.053195102334811194,0.3824715409879596,9.0,186.0,random,"[0.008067291497648397, 0.008067291497648397, 0.008067291497648397, 0.3165485900848346, 0.30778455467353966, 0.04291403967821587, 0.3085509410704647]"
160,COMPLETE,"[134.0, 4.064702260875385]",2025-07-24T23:38:59.469568,2025-07-24T23:48:16.125471,556.655903,0.1108942270182273,0.6,0.001,20.0,3,4.0,0.01,0.01,0.01,,,,,50.0,184.0,random,"[0.33333333333333337, 0.33333333333333337, 0.33333333333333337]"
161,COMPLETE,"[173.0, 3.849179216163111]",2025-07-24T23:48:16.136481,2025-07-24T23:59:19.624920,663.488439,0.08191502283748045,0.5358221896445611,0.001,20.0,7,4.0,0.01,1.0,0.01,0.4477640381740071,0.11230282355772872,0.1629674596096234,0.5378215143250684,8.0,181.0,random,"[0.004384319185643826, 0.43843191856438263, 0.004384319185643826, 0.1963140463207654, 0.04923714239261235, 0.07145013598021072, 0.23579811837074133]"
162,COMPLETE,"[162.0, 5.143974354600761]",2025-07-24T23:59:19.637931,2025-07-25T00:10:24.862271,665.22434,0.08767441537148062,0.6,0.006100205133937878,20.0,7,4.0,0.01,0.01,0.01,0.7649807123858561,0.9746002413301283,0.14717974088473113,0.360973003308432,12.0,174.0,random,"[0.004390328864686654, 0.004390328864686654, 0.004390328864686654, 0.3358516902516183, 0.4278815571042241, 0.06461674647033375, 0.15847901957976399]"
163,COMPLETE,"[175.0, 3.973657568782009]",2025-07-25T00:10:24.875283,2025-07-25T00:21:30.914889,666.039606,0.07533213369186906,0.6,0.0015943021493833639,20.0,7,4.0,0.01,0.01,0.01,0.8392980848158469,0.6752564285432952,0.9710446719737624,0.3204346047686765,6.0,181.0,random,"[0.003526051077001385, 0.003526051077001385, 0.003526051077001385, 0.29594079158901165, 0.23809886571171948, 0.3423953111429542, 0.1129868783253105]"
164,COMPLETE,"[169.0, 3.846903791055855]",2025-07-25T00:21:30.925899,2025-07-25T00:32:41.041284,670.115385,0.07919913287822294,0.6,0.003533113914800191,20.0,7,0.0,0.01,1.0,0.01,0.27203773326754216,0.8999919259066178,0.6245922173152861,0.010743608550469458,9.0,178.0,random,"[0.0035368614538558055, 0.3536861453855805, 0.0035368614538558055, 0.09621597727882769, 0.31831467515205664, 0.2209096137800764, 0.003799865495747107]"
165,COMPLETE,"[166.0, 4.392312611902291]",2025-07-25T00:32:41.052294,2025-07-25T00:43:47.111562,666.059268,0.08404343586288211,0.5561274650625504,0.002638318385735177,20.0,7,3.940637229626615,0.9999999999999999,0.01,0.01,0.17110396746540585,0.8651783411964609,0.4930728903652762,0.17980931150473234,9.0,175.0,random,"[0.3664125032188383, 0.0036641250321883838, 0.0036641250321883838, 0.06269463302967403, 0.3170121617285174, 0.18066807202808868, 0.06588437993050485]"
166,COMPLETE,"[167.0, 4.511450419486627]",2025-07-25T00:43:47.124574,2025-07-25T00:53:03.514088,556.389514,0.07581339165196326,0.6,0.008,20.0,3,4.0,0.01,1.0,0.01,,,,,5.0,172.0,random,"[0.00980392156862745, 0.9803921568627451, 0.00980392156862745]"
167,COMPLETE,"[154.0, 3.978682838685806]",2025-07-25T00:53:03.525098,2025-07-25T01:02:21.212330,557.687232,0.07871552140833964,0.6,0.004559569199836395,20.0,3,4.0,0.01,0.01,0.01,,,,,5.0,159.0,random,"[0.33333333333333337, 0.33333333333333337, 0.33333333333333337]"
168,COMPLETE,"[107.0, 5.2844545797163285]",2025-07-25T01:02:21.224341,2025-07-25T01:13:25.690371,664.46603,0.10895765711804967,0.6,0.008,20.0,7,4.0,0.01,1.0,0.01,0.8798146252611969,0.15099728548459915,0.12454520143063148,0.4977997820318866,54.0,161.0,random,"[0.0037408952769162522, 0.37408952769162523, 0.0037408952769162522, 0.3291294376201454, 0.05648650320965119, 0.04659105557944326, 0.18622168534530242]"
169,COMPLETE,"[151.0, 4.485520445051394]",2025-07-25T01:13:25.703382,2025-07-25T01:24:34.932145,669.228763,0.06809537520559454,0.6,0.008,20.0,7,4.0,0.01,0.01,0.01,0.12864153480396287,0.6011168131046265,0.41329379330518035,0.5066383144215073,2.0,153.0,random,"[0.005953477896150748, 0.005953477896150748, 0.005953477896150748, 0.07658645339823, 0.3578735659822974, 0.2460535463058687, 0.30162600062515166]"
170,COMPLETE,"[168.0, 3.580538611986853]",2025-07-25T01:24:34.945156,2025-07-25T01:35:42.625063,667.679907,0.08417723059060836,0.5570180266583161,0.001,20.0,7,4.0,0.01,0.01,0.9999999999999999,0.023004361216442885,0.39506319184723365,0.35532189578223095,0.7278168493851229,9.0,177.0,random,"[0.003966355314523989, 0.003966355314523989, 0.3966355314523988, 0.009124347036806778, 0.15669609905560852, 0.14093328897025906, 0.2886780228558788]"
171,COMPLETE,"[148.0, 4.037813416657498]",2025-07-25T01:35:42.638073,2025-07-25T01:46:47.999550,665.361477,0.07677383594568597,0.5524920746585296,0.001,27.542505449107896,7,0.6458093814174628,0.01,0.01,0.01,0.38985384133156675,0.5603242227630909,0.7485722832699457,0.7989609251258114,33.0,181.0,random,"[0.003956148041444445, 0.003956148041444445, 0.003956148041444445, 0.1542319510833471, 0.2216725576458083, 0.2961462772337992, 0.31608076991271206]"
172,COMPLETE,"[112.0, 6.179159583780611]",2025-07-25T01:46:48.011561,2025-07-25T01:56:28.175657,580.164096,0.046886994154448774,0.15711326296672565,0.008,50.0,4,1.3170683708525455,0.01,0.6148998361051499,0.01,0.5357716372660308,,,,31.0,143.0,random,"[0.00854210615656587, 0.5252539675665144, 0.00854210615656587, 0.4576618201203538]"
173,COMPLETE,"[169.0, 4.697534727602787]",2025-07-25T01:56:28.186666,2025-07-25T02:05:43.963374,555.776708,0.07622713882435778,0.4932729345486226,0.008,20.0,3,4.0,0.01,1.0,0.01,,,,,5.0,174.0,random,"[0.00980392156862745, 0.9803921568627451, 0.00980392156862745]"
174,COMPLETE,"[163.0, 4.285601978764683]",2025-07-25T02:05:43.974383,2025-07-25T02:16:48.877438,664.903055,0.0775555675250122,0.5208598745059891,0.005499831154613962,20.0,7,4.0,0.01,1.0,0.01,0.07061000522944204,0.36446663321112466,0.5091384287542237,0.09494318301304892,6.0,169.0,random,"[0.004856353317667867, 0.4856353317667867, 0.004856353317667867, 0.03429071331565463, 0.17699787433740827, 0.24725560976327787, 0.04610776418153676]"
175,COMPLETE,"[165.0, 4.4402207565631375]",2025-07-25T02:16:48.889448,2025-07-25T02:26:05.429394,556.539946,0.08212360750158237,0.5328358854196357,0.008,20.0,3,0.0,0.01,0.01,0.01,,,,,6.0,171.0,random,"[0.33333333333333337, 0.33333333333333337, 0.33333333333333337]"
176,COMPLETE,"[167.0, 3.703792126540339]",2025-07-25T02:26:05.440404,2025-07-25T02:37:11.479044,666.03864,0.09338970951851762,0.45335012589281504,0.001,20.0,7,4.0,0.01,0.01,0.01,0.24747793395504492,0.09459366343621921,0.9289370840145172,0.7986854379220513,14.0,181.0,random,"[0.004762598469914877, 0.004762598469914877, 0.004762598469914877, 0.1178638029591992, 0.045051163674498046, 0.44241543349747275, 0.3803818044590855]"
177,COMPLETE,"[172.0, 4.05259114643307]",2025-07-25T02:37:11.490054,2025-07-25T02:48:16.029264,664.53921,0.08221035869165712,0.5411498185988323,0.001,20.0,7,3.1350832818368253,0.01,0.01,0.01,0.6997180549127527,0.32104527607032257,0.34016157736092006,0.13747441263577734,10.0,182.0,random,"[0.0065427927523479595, 0.0065427927523479595, 0.0065427927523479595, 0.457811021837017, 0.21005327054484563, 0.22256067029842774, 0.08994665906266566]"
178,COMPLETE,"[171.0, 3.729838347365599]",2025-07-25T02:48:16.041275,2025-07-25T02:57:32.303952,556.262677,0.08190898659964979,0.40872022546693165,0.001,20.0,3,0.0,0.01,1.0,0.01,,,,,9.0,180.0,random,"[0.00980392156862745, 0.9803921568627451, 0.00980392156862745]"
179,COMPLETE,"[175.0, 4.113129303959533]",2025-07-25T02:57:32.314962,2025-07-25T03:08:37.583097,665.268135,0.0869775351799961,0.6,0.001,20.0,7,4.0,0.01,0.5745037533145512,0.01,0.5879535615663611,0.7463771008214987,0.7871579225107598,0.7026712870318074,9.0,184.0,random,"[0.0029251196070170286, 0.16804921931252678, 0.0029251196070170286, 0.17198344909532565, 0.21832422918414912, 0.2302531072955014, 0.205539755898463]"
180,COMPLETE,"[145.0, 4.570736376565948]",2025-07-25T03:08:37.595108,2025-07-25T03:17:53.915406,556.320298,0.09165137107238949,0.4081078631514223,0.008,20.0,3,4.0,0.01,0.01,0.01,,,,,12.0,157.0,random,"[0.33333333333333337, 0.33333333333333337, 0.33333333333333337]"
181,COMPLETE,"[171.0, 3.6657068197185074]",2025-07-25T03:17:53.927416,2025-07-25T03:28:27.790974,633.863558,0.08633931463858575,0.46379748085784794,0.001,20.0,6,0.0,1.0,1.0,0.01,0.8382454900654139,0.8247240273118477,0.7106419593527303,,10.0,181.0,random,"[0.22812240667504644, 0.22812240667504644, 0.002281224066750464, 0.19122257857822594, 0.18813802995311543, 0.16211335405181537]"
182,COMPLETE,"[170.0, 3.556924085062211]",2025-07-25T03:28:27.801984,2025-07-25T03:37:46.020792,558.218808,0.07576447289555048,0.4404684381599731,0.001,20.0,3,4.0,1.0,0.9999999999999999,0.01,,,,,7.0,177.0,random,"[0.49751243781094534, 0.4975124378109453, 0.0049751243781094535]"
183,COMPLETE,"[172.0, 3.403261450790037]",2025-07-25T03:37:46.031801,2025-07-25T03:48:48.949629,662.917828,0.08110171320934806,0.6,0.001,20.0,7,0.8316438556484256,0.01,0.01,0.01,0.606458265455908,0.18055698022403602,0.5868858739681406,0.188201660613907,7.0,179.0,random,"[0.006281001530789633, 0.006281001530789633, 0.006281001530789633, 0.3809165293688584, 0.11340786691819238, 0.3686231072792703, 0.11820949184131009]"
184,COMPLETE,"[174.0, 4.3445727718842715]",2025-07-25T03:48:48.961640,2025-07-25T03:58:03.789353,554.827713,0.08108554457479714,0.4659355517090451,0.004542960000701352,20.0,3,0.0,0.01,1.0,0.01,,,,,6.0,180.0,random,"[0.00980392156862745, 0.9803921568627451, 0.00980392156862745]"
185,COMPLETE,"[167.0, 4.048687722402304]",2025-07-25T03:58:03.800363,2025-07-25T04:07:18.310948,554.510585,0.06877061359970663,0.4512577274380838,0.008,20.0,3,0.0,0.01,1.0,0.01,,,,,3.0,170.0,random,"[0.00980392156862745, 0.9803921568627451, 0.00980392156862745]"
186,COMPLETE,"[165.0, 4.1369334836049]",2025-07-25T04:07:18.322958,2025-07-25T04:18:20.909101,662.586143,0.09316799901930034,0.5125886582623045,0.0029432826211210385,20.0,7,0.0,0.01,0.01,0.01,0.15308757166473624,0.478508750863081,0.16525195079832186,0.26859303337574486,18.0,183.0,random,"[0.009128741027766833, 0.009128741027766833, 0.009128741027766833, 0.13974967962970733, 0.4368182466149266, 0.1508542263171147, 0.24519162435495087]"
187,COMPLETE,"[162.0, 4.51723569326693]",2025-07-25T04:18:20.921112,2025-07-25T04:27:36.807017,555.885905,0.08266060527970605,0.5039666773554105,0.008,20.0,3,0.0,1.0,1.0,0.01,,,,,8.0,170.0,random,"[0.49751243781094534, 0.49751243781094534, 0.0049751243781094535]"
188,COMPLETE,"[197.0, 0.8838825960301]",2025-07-25T04:27:36.817026,2025-07-25T04:36:51.856829,555.039803,0.48206257924331664,0.01,0.008,20.0,3,3.011830404511944,1.0,1.0,1.0,,,,,1.0,198.0,random,"[0.3333333333333333, 0.3333333333333333, 0.3333333333333333]"
189,COMPLETE,"[177.0, 3.715837010865075]",2025-07-25T04:36:51.868840,2025-07-25T04:46:05.991842,554.123002,0.07092786399489531,0.4593065713985679,0.002602599938817911,20.0,3,0.0,0.01,1.0,0.01,,,,,3.0,180.0,random,"[0.00980392156862745, 0.9803921568627451, 0.00980392156862745]"
190,COMPLETE,"[166.0, 4.324848700469786]",2025-07-25T04:46:06.003852,2025-07-25T04:57:14.976615,668.972763,0.08644660232877412,0.6,0.0026510622038928428,20.0,7,4.0,0.01,0.01,0.01,0.29911002745391674,0.053482614905532654,0.27947366338429713,0.19129236659354867,11.0,177.0,random,"[0.011718402032067752, 0.011718402032067752, 0.011718402032067752, 0.35050915535278193, 0.0626730783189291, 0.3274984744911967, 0.22416408574088903]"
191,COMPLETE,"[163.0, 3.684472422166009]",2025-07-25T04:57:14.987625,2025-07-25T05:08:18.637033,663.649408,0.09730149635747991,0.6,0.001,20.0,7,0.0,1.0,1.0,0.01,0.5245196971977081,0.938062658378307,0.7011483301076371,0.15062013012261088,24.0,187.0,random,"[0.23124858333528908, 0.23124858333528908, 0.002312485833352891, 0.12129443690842479, 0.21692566082971876, 0.1621395580452947, 0.03483069171263067]"
192,COMPLETE,"[171.0, 4.045162633834767]",2025-07-25T05:08:18.647042,2025-07-25T05:17:35.620477,556.973435,0.07139704666679078,0.5130396055570534,0.00580302088952139,20.0,3,0.0,0.01,1.0,0.01,,,,,3.0,174.0,random,"[0.00980392156862745, 0.9803921568627451, 0.00980392156862745]"
193,COMPLETE,"[107.0, 5.989022319472143]",2025-07-25T05:17:35.632488,2025-07-25T05:28:09.946421,634.313933,0.04786311633478899,0.19473115517745926,0.006820837211645936,50.0,6,0.9217322439572568,0.01,0.7924763440589807,0.01,0.1121668930762514,0.8439000996910677,0.07528707621176732,,36.0,143.0,random,"[0.005423492274174536, 0.4297989329469963, 0.005423492274174536, 0.060833627801721066, 0.4576885670849626, 0.04083188761797095]"
194,COMPLETE,"[164.0, 3.5054096346423838]",2025-07-25T05:28:09.958431,2025-07-25T05:39:14.713969,664.755538,0.07312268057575814,0.6,0.001,20.0,7,4.0,0.01,1.0,0.01,0.17319003875040254,0.30740301253633145,0.6959007042450885,0.7874656603895874,7.0,171.0,random,"[0.0033512520132289144, 0.3351252013228914, 0.0033512520132289144, 0.05804034660334802, 0.1030184964635014, 0.23321386361087723, 0.2638995879729241]"
195,COMPLETE,"[178.0, 4.389123350668822]",2025-07-25T05:39:14.724979,2025-07-25T05:48:30.401347,555.676368,0.0703819630849055,0.4235274133530061,0.004470526985209458,20.0,3,4.0,0.01,1.0,0.01,,,,,4.0,182.0,random,"[0.00980392156862745, 0.9803921568627451, 0.00980392156862745]"
196,COMPLETE,"[161.0, 4.202947192401099]",2025-07-25T05:48:30.412356,2025-07-25T05:57:45.226835,554.814479,0.06987090525990704,0.4350334208005117,0.004427490178968575,20.0,3,4.0,0.01,0.01,0.01,,,,,3.0,164.0,random,"[0.33333333333333337, 0.33333333333333337, 0.33333333333333337]"
197,COMPLETE,"[177.0, 4.07956610173565]",2025-07-25T05:57:45.237845,2025-07-25T06:08:49.925049,664.687204,0.0730909295080134,0.38301111245859715,0.0025930866948989974,20.0,7,4.0,0.01,1.0,0.01,0.025266271724725863,0.9936737836064058,0.1352875301602069,0.06613930741517411,5.0,182.0,random,"[0.004463554622085413, 0.44635546220854133, 0.004463554622085413, 0.01127773839397661, 0.4435317209661473, 0.06038632805571112, 0.029521641131452843]"
198,COMPLETE,"[176.0, 4.130019431827658]",2025-07-25T06:08:49.936059,2025-07-25T06:19:20.968720,631.032661,0.0744812035374042,0.42416041865624204,0.0013974549028603308,20.0,6,4.0,0.01,1.0,0.01,0.7401933248541737,0.5316039276441867,0.5139889502790905,,7.0,183.0,random,"[0.0035640634308134345, 0.35640634308134345, 0.0035640634308134345, 0.26380959608449694, 0.1894670118193437, 0.18318892215318913]"
199,COMPLETE,"[178.0, 4.411414105555134]",2025-07-25T06:19:20.978729,2025-07-25T06:28:39.108616,558.129887,0.0682836088572062,0.3292030576640817,0.0053691063481830165,20.0,3,4.0,0.01,0.9999999999999999,0.01,,,,,3.0,181.0,random,"[0.009803921568627453, 0.9803921568627452, 0.009803921568627453]"
