number,state,values,datetime_start,datetime_complete,duration,param_gamma,param_theta,param_m0,param_beta_prime,attr_GR,attr_KR,attr_morph_type
0,COMPLETE,"[65.0, 0.0]",2025-07-20T16:48:03.189962,2025-07-20T16:56:18.745949,495.555987,0.15280800120843346,0.2957425022012571,0.0036976542127026336,40.881438105268,38.0,103.0,uniform
1,COMPLETE,"[10.0, 0.0]",2025-07-20T16:56:18.755920,2025-07-20T17:04:34.284632,495.528712,0.4180375601781948,0.1431829383405551,0.001937456467576692,39.824179771629986,50.0,60.0,uniform
2,COMPLETE,"[22.0, 0.7169122266162837]",2025-07-20T17:04:34.293244,2025-07-20T17:12:49.701055,495.407811,0.1803639389697553,0.46597753512413287,0.005976208864216237,22.76004616648992,92.0,114.0,uniform
3,COMPLETE,"[86.0, 0.9516818888317073]",2025-07-20T17:12:49.708861,2025-07-20T17:21:05.350683,495.641822,0.4109666861659382,0.03340450811551019,0.00678879243061202,29.15351237529967,1.0,87.0,uniform
4,COMPLETE,"[77.0, 0.0]",2025-07-20T17:21:05.359140,2025-07-20T17:29:19.555174,494.196034,0.2118333205700185,0.36363318111709414,0.0047375962898944714,27.455826409568758,40.0,117.0,uniform
5,COMPLETE,"[55.0, 0.0]",2025-07-20T17:29:19.563831,2025-07-20T17:37:36.049227,496.485396,0.26449150068626254,0.4851128141844645,0.007818528002834658,27.553259149638745,28.0,83.0,uniform
6,COMPLETE,"[28.0, 0.0]",2025-07-20T17:37:36.057170,2025-07-20T17:45:51.099958,495.042788,0.1568486656888021,0.2541814939078284,0.007749759599314075,47.995869392378225,39.0,67.0,uniform
7,COMPLETE,"[12.0, 0.0]",2025-07-20T17:45:51.109115,2025-07-20T17:54:09.015609,497.906494,0.4668684976506957,0.3781496614039055,0.0028023260242619704,34.96883280019766,30.0,42.0,uniform
8,COMPLETE,"[25.0, 0.8958259951022797]",2025-07-20T17:54:09.026275,2025-07-20T18:02:22.690504,493.664229,0.3090952605853337,0.020476335892290087,0.0032384121178420434,44.059743851470735,1.0,26.0,uniform
9,COMPLETE,"[39.0, 0.0]",2025-07-20T18:02:22.698660,2025-07-20T18:10:40.252078,497.553418,0.20051964099025377,0.1908905754700961,0.006926044319738467,36.50127098316399,49.0,88.0,uniform
10,COMPLETE,"[197.0, 0.9332784312517843]",2025-07-20T18:10:40.260704,2025-07-20T18:18:55.775468,495.514764,0.37367819951067444,0.01,0.007647074049837615,28.562974519746717,1.0,198.0,uniform
11,COMPLETE,"[91.0, 0.7612432146588651]",2025-07-20T18:18:55.783982,2025-07-20T18:27:10.707914,494.923932,0.4310192611902255,0.01,0.008,29.436904770619016,1.0,92.0,uniform
12,COMPLETE,"[195.0, 1.2865882129012407]",2025-07-20T18:27:10.716180,2025-07-20T18:35:27.222709,496.506529,0.34451917307586827,0.01,0.007915216745279681,21.218616476199497,4.0,199.0,uniform
13,COMPLETE,"[174.0, 1.211074687115393]",2025-07-20T18:35:27.231222,2025-07-20T18:43:42.457829,495.226607,0.3412470850025802,0.01,0.00675781062479252,20.0,25.0,199.0,uniform
14,COMPLETE,"[40.0, 0.0]",2025-07-20T18:43:42.466252,2025-07-20T18:51:57.841943,495.375691,0.35811425556670556,0.06869559525983962,0.008,23.164552439093402,62.0,102.0,uniform
15,COMPLETE,"[187.0, 1.101948615887187]",2025-07-20T18:51:57.849671,2025-07-20T19:00:15.145822,497.296151,0.3662507365071775,0.01,0.005368924976675512,31.249657198453797,1.0,188.0,uniform
16,COMPLETE,"[198.0, 0.9287308654401575]",2025-07-20T19:00:15.154517,2025-07-20T19:08:30.729203,495.574686,0.3281918415604851,0.01,0.006796956376910624,26.876151346045937,1.0,199.0,uniform
17,COMPLETE,"[197.0, 0.7933207282407231]",2025-07-20T19:08:30.737269,2025-07-20T19:16:45.935224,495.197955,0.34722995791133965,0.01,0.008,27.165482881336153,1.0,198.0,uniform
18,COMPLETE,"[59.0, 0.9227768644748233]",2025-07-20T19:16:45.943558,2025-07-20T19:24:59.867342,493.923784,0.3517537541734354,0.01,0.0022387859486504144,23.67353921606543,2.0,61.0,uniform
19,COMPLETE,"[164.0, 0.8474438010822944]",2025-07-20T19:24:59.876808,2025-07-20T19:33:18.244504,498.367696,0.348655750280566,0.01,0.007127113731427943,31.86645732615178,1.0,165.0,uniform
20,COMPLETE,"[23.0, 1.9783260424170328]",2025-07-20T19:33:18.253706,2025-07-20T19:41:33.282168,495.028462,0.01,0.01,0.00538493464814284,20.0,1.0,24.0,uniform
21,COMPLETE,"[39.0, 2.452107004252184]",2025-07-20T19:41:33.290691,2025-07-20T19:49:49.853073,496.562382,0.01,0.01,0.0047857729414409675,45.95901039705805,1.0,40.0,uniform
22,COMPLETE,"[21.0, 2.1252773455426803]",2025-07-20T19:49:49.861099,2025-07-20T19:58:05.332245,495.471146,0.01,0.01,0.001,50.0,1.0,22.0,uniform
23,COMPLETE,"[73.0, 2.6951390865973766]",2025-07-20T19:58:05.341416,2025-07-20T20:06:19.704760,494.363344,0.01,0.01,0.008,50.0,1.0,74.0,uniform
24,COMPLETE,"[171.0, 2.134127160452514]",2025-07-20T20:06:19.714261,2025-07-20T20:14:15.560148,475.845887,0.11364768033307554,0.01,0.008,50.0,24.0,195.0,uniform
25,COMPLETE,"[182.0, 0.9373365066907147]",2025-07-20T20:14:15.569762,2025-07-20T20:22:11.619083,476.049321,0.1941312944711171,0.01,0.008,50.0,1.0,183.0,uniform
26,COMPLETE,"[92.0, 3.7835117625255252]",2025-07-20T20:22:11.627562,2025-07-20T20:30:10.322478,478.694916,0.05898823538067577,0.01,0.008,50.0,71.0,163.0,uniform
27,COMPLETE,"[0.0, 2.8854927451545755]",2025-07-20T20:30:10.330556,2025-07-20T20:38:08.450631,478.120075,0.0830891974737912,0.01,0.008,50.0,181.0,181.0,uniform
28,COMPLETE,"[6.0, 1.8629149394695206]",2025-07-20T20:38:08.458710,2025-07-20T20:46:05.390932,476.932222,0.26549387624981396,0.01,0.008,20.0,191.0,197.0,uniform
29,COMPLETE,"[143.0, 5.989861287107034]",2025-07-20T20:46:05.398851,2025-07-20T20:54:01.087352,475.688501,0.04447510407651761,0.11577824609314408,0.008,50.0,18.0,161.0,uniform
30,COMPLETE,"[149.0, 4.431728249088302]",2025-07-20T20:54:01.096094,2025-07-20T21:01:57.755208,476.659114,0.021908016341442182,0.17994686731945164,0.008,50.0,1.0,150.0,uniform
31,COMPLETE,"[166.0, 4.208986108395949]",2025-07-20T21:01:57.764197,2025-07-20T21:09:56.102871,478.338674,0.03352863657536561,0.15880702088263543,0.008,32.48763332910431,1.0,167.0,uniform
32,COMPLETE,"[128.0, 5.747990861504131]",2025-07-20T21:09:56.110492,2025-07-20T21:17:53.848052,477.73756,0.04917632798700635,0.15808095437086636,0.00410631613479781,50.0,43.0,171.0,uniform
33,COMPLETE,"[23.0, 5.476352569020216]",2025-07-20T21:17:53.856466,2025-07-20T21:25:51.880169,478.023703,0.061226197932530126,0.14648188433895523,0.008,50.0,134.0,157.0,uniform
34,COMPLETE,"[116.0, 2.848769318822666]",2025-07-20T21:25:51.888107,2025-07-20T21:33:51.497596,479.609489,0.01,0.17931939445293218,0.004818238271330587,35.365483596241305,1.0,117.0,uniform
35,COMPLETE,"[165.0, 4.794456744012372]",2025-07-20T21:33:51.506343,2025-07-20T21:41:49.623587,478.117244,0.041323899475440004,0.25018657435507763,0.001,50.0,14.0,179.0,uniform
36,COMPLETE,"[158.0, 4.206377793925527]",2025-07-20T21:41:49.631818,2025-07-20T21:49:45.192170,475.560352,0.03250207992961026,0.3356325457945188,0.001,50.0,5.0,163.0,uniform
37,COMPLETE,"[137.0, 3.906279530963524]",2025-07-20T21:49:45.199962,2025-07-20T21:57:43.939578,478.739616,0.018132697920517547,0.32686443756259287,0.006382775022496728,50.0,1.0,138.0,uniform
38,COMPLETE,"[71.0, 2.826405524232845]",2025-07-20T21:57:43.947882,2025-07-20T22:05:41.914639,477.966757,0.01,0.49320001845647155,0.001,50.0,1.0,72.0,uniform
39,COMPLETE,"[104.0, 3.479853493919428]",2025-07-20T22:05:41.923468,2025-07-20T22:13:41.090706,479.167238,0.01648502818719071,0.2744022784379931,0.001,50.0,1.0,105.0,uniform
40,COMPLETE,"[1.0, 2.0595371963292304]",2025-07-20T22:13:41.099031,2025-07-20T22:21:37.660650,476.561619,0.06737659174789866,0.2927861186696687,0.001,50.0,150.0,151.0,uniform
41,COMPLETE,"[130.0, 2.6640041764268094]",2025-07-20T22:21:37.669210,2025-07-20T22:29:34.678435,477.009225,0.014918407627123974,0.27620814668868937,0.008,20.0,1.0,131.0,uniform
42,COMPLETE,"[114.0, 3.134493846842272]",2025-07-20T22:29:34.686430,2025-07-20T22:37:33.936612,479.250182,0.01,0.23638382968770197,0.008,50.0,1.0,115.0,uniform
43,COMPLETE,"[113.0, 2.2179468424815947]",2025-07-20T22:37:33.944938,2025-07-20T22:45:31.137776,477.192838,0.01,0.4218132613911593,0.008,20.14894004678796,1.0,114.0,uniform
44,COMPLETE,"[197.0, 1.6015395971255297]",2025-07-20T22:45:31.145860,2025-07-20T22:53:27.797106,476.651246,0.15593739055041997,0.01,0.008,50.0,1.0,198.0,uniform
45,COMPLETE,"[113.0, 3.4068905647440837]",2025-07-20T22:53:27.805238,2025-07-20T23:01:25.681729,477.876491,0.15414744970039757,0.01,0.008,20.0,58.0,171.0,uniform
46,PRUNED,,2025-07-20T23:01:25.689535,2025-07-20T23:09:23.790584,478.101049,0.15195354786822,0.01,0.001,28.98803525955146,,,
47,PRUNED,,2025-07-20T23:09:23.802697,2025-07-20T23:17:22.308152,478.505455,0.15185010443778332,0.01,0.001,28.493914390468767,,,
48,PRUNED,,2025-07-20T23:17:22.316212,2025-07-20T23:25:18.967245,476.651033,0.15197509504428425,0.01,0.001,29.09120588631061,,,
49,PRUNED,,2025-07-20T23:25:18.977749,2025-07-20T23:33:17.915850,478.938101,0.1520179688738568,0.01,0.001,28.971935803913176,,,
50,PRUNED,,2025-07-20T23:33:17.925287,2025-07-20T23:41:13.593008,475.667721,0.15167115304807272,0.01,0.001,27.23297709658644,,,
51,PRUNED,,2025-07-20T23:41:13.602269,2025-07-20T23:49:10.633057,477.030788,0.1518233955085504,0.01,0.001,26.806064496569764,,,
52,PRUNED,,2025-07-20T23:49:10.643329,2025-07-20T23:57:06.449085,475.805756,0.15172981223847146,0.01,0.001,26.51445985885466,,,
53,PRUNED,,2025-07-20T23:57:06.458183,2025-07-21T00:05:02.670768,476.212585,0.15206998453537002,0.01,0.001,28.763953521116683,,,
54,PRUNED,,2025-07-21T00:05:02.680877,2025-07-21T00:12:59.899918,477.219041,0.15190481933911087,0.01,0.001,27.08452869286147,,,
55,PRUNED,,2025-07-21T00:12:59.914739,2025-07-21T00:20:56.260051,476.345312,0.15175750807843558,0.01,0.001,26.998376133674725,,,
56,PRUNED,,2025-07-21T00:20:56.268589,2025-07-21T00:28:53.328769,477.06018,0.1518614542771508,0.01,0.001,27.06056814455418,,,
57,PRUNED,,2025-07-21T00:28:53.340486,2025-07-21T00:36:50.556136,477.21565,0.1521533352744886,0.01,0.001,29.65477947599506,,,
58,PRUNED,,2025-07-21T00:36:50.564663,2025-07-21T00:44:47.334527,476.769864,0.1517678426152183,0.01,0.001,28.893264840668635,,,
59,PRUNED,,2025-07-21T00:44:47.343693,2025-07-21T00:52:44.737480,477.393787,0.15196042868704682,0.01,0.001,27.457460123941747,,,
60,PRUNED,,2025-07-21T00:52:44.747144,2025-07-21T01:00:40.981573,476.234429,0.15184261584766556,0.01,0.001,27.589492959800932,,,
61,PRUNED,,2025-07-21T01:00:40.992464,2025-07-21T01:08:40.449791,479.457327,0.15184528138321243,0.01,0.001,27.692137321393215,,,
62,PRUNED,,2025-07-21T01:08:40.459128,2025-07-21T01:16:36.449085,475.989957,0.15193461151110432,0.01,0.001,27.36938104653874,,,
63,PRUNED,,2025-07-21T01:16:36.461981,2025-07-21T01:24:32.905062,476.443081,0.15200611936544067,0.01,0.001,28.167118946610053,,,
64,PRUNED,,2025-07-21T01:24:32.916342,2025-07-21T01:32:30.182586,477.266244,0.15189205332896447,0.01,0.001,26.48798845626739,,,
65,PRUNED,,2025-07-21T01:32:30.191366,2025-07-21T01:40:25.941790,475.750424,0.15173677626655782,0.01,0.001,28.156129606262596,,,
66,PRUNED,,2025-07-21T01:40:25.951957,2025-07-21T01:48:23.555489,477.603532,0.1517579269320707,0.01,0.001,28.2271307982636,,,
67,PRUNED,,2025-07-21T01:48:23.564282,2025-07-21T01:56:20.552441,476.988159,0.1518026428274626,0.01,0.001,26.990108368881963,,,
68,PRUNED,,2025-07-21T01:56:20.562284,2025-07-21T02:04:17.924825,477.362541,0.1519970894557353,0.01,0.001,28.923101316970858,,,
69,PRUNED,,2025-07-21T02:04:17.934438,2025-07-21T02:12:13.807377,475.872939,0.15194881517284548,0.01,0.001,26.847821574050634,,,
70,PRUNED,,2025-07-21T02:12:13.825881,2025-07-21T02:20:09.349183,475.523302,0.15185017337265336,0.01,0.001,26.737371260160106,,,
71,PRUNED,,2025-07-21T02:20:09.359321,2025-07-21T02:28:04.329621,474.9703,0.1519412681168948,0.01,0.001,28.3176136693073,,,
72,PRUNED,,2025-07-21T02:28:04.339165,2025-07-21T02:36:00.594904,476.255739,0.1519223332649186,0.01,0.001,28.04605099471567,,,
73,PRUNED,,2025-07-21T02:36:00.604558,2025-07-21T02:43:57.436415,476.831857,0.15206637769494424,0.01,0.001,29.179370403325404,,,
74,PRUNED,,2025-07-21T02:43:57.446469,2025-07-21T02:51:53.055123,475.608654,0.15186279678129036,0.01,0.001,28.487657832748585,,,
75,PRUNED,,2025-07-21T02:51:53.065661,2025-07-21T02:59:48.888176,475.822515,0.15209681413311715,0.01,0.001,29.443081320817264,,,
76,PRUNED,,2025-07-21T02:59:48.897865,2025-07-21T03:07:44.252678,475.354813,0.1517788362406774,0.01,0.001,26.215097533523885,,,
77,PRUNED,,2025-07-21T03:07:44.261319,2025-07-21T03:15:39.818166,475.556847,0.15188598857356223,0.01,0.001,27.755029201878806,,,
78,PRUNED,,2025-07-21T03:15:39.828140,2025-07-21T03:23:35.982367,476.154227,0.15193735281414916,0.01,0.001,28.791858522986473,,,
79,PRUNED,,2025-07-21T03:23:35.992646,2025-07-21T03:31:32.851699,476.859053,0.15190905147075812,0.01,0.001,27.062244921429524,,,
80,PRUNED,,2025-07-21T03:31:32.861456,2025-07-21T03:39:30.190973,477.329517,0.15179751875417616,0.01,0.001,26.08005353957451,,,
81,PRUNED,,2025-07-21T03:39:30.200842,2025-07-21T03:47:26.148832,475.94799,0.15175726553003663,0.01,0.001,26.918930030425315,,,
82,PRUNED,,2025-07-21T03:47:26.159063,2025-07-21T03:55:21.773507,475.614444,0.15179627884664598,0.01,0.001,26.818689462040155,,,
83,PRUNED,,2025-07-21T03:55:21.782766,2025-07-21T04:03:17.362805,475.580039,0.1518306474300298,0.01,0.001,29.010770609222725,,,
84,PRUNED,,2025-07-21T04:03:17.371455,2025-07-21T04:11:14.353981,476.982526,0.151880672372092,0.01,0.001,28.292486719896385,,,
85,COMPLETE,"[13.0, 1.9047000885626808]",2025-07-21T04:11:14.364010,2025-07-21T04:19:11.716601,477.352591,0.1514900493723012,0.01,0.001,25.72419421117849,102.0,115.0,uniform
86,COMPLETE,"[97.0, 3.0827985000387588]",2025-07-21T04:19:11.724872,2025-07-21T04:27:07.965734,476.240862,0.012703110147169407,0.6,0.008,50.0,1.0,98.0,uniform
87,COMPLETE,"[38.0, 1.9330618927850254]",2025-07-21T04:27:07.973867,2025-07-21T04:35:05.543311,477.569444,0.01,0.3186187198637856,0.001,20.0,1.0,39.0,uniform
88,COMPLETE,"[131.0, 4.144299872470892]",2025-07-21T04:35:05.551838,2025-07-21T04:43:03.569808,478.01797,0.022488369004420087,0.4144835137021318,0.008,50.0,1.0,132.0,uniform
89,COMPLETE,"[159.0, 5.439241595466035]",2025-07-21T04:43:03.579175,2025-07-21T04:51:01.613213,478.034038,0.035284513070485524,0.22422493252463985,0.004964857649087063,50.0,7.0,166.0,uniform
90,COMPLETE,"[123.0, 6.0058207910851085]",2025-07-21T04:51:01.621294,2025-07-21T04:58:57.757810,476.136516,0.04582540622265244,0.16413369687042836,0.008,50.0,34.0,157.0,uniform
91,COMPLETE,"[126.0, 6.107485564371421]",2025-07-21T04:58:57.765633,2025-07-21T05:06:56.278041,478.512408,0.04608425844940916,0.1564938388583194,0.008,50.0,32.0,158.0,uniform
92,COMPLETE,"[7.0, 0.0]",2025-07-21T05:06:56.286063,2025-07-21T05:14:52.578619,476.292556,0.3904239801244834,0.6,0.008,50.0,31.0,38.0,uniform
93,COMPLETE,"[197.0, 1.1931133579105733]",2025-07-21T05:14:52.586991,2025-07-21T05:22:48.617318,476.030327,0.1621792310211691,0.01,0.008,50.0,1.0,198.0,uniform
94,COMPLETE,"[197.0, 1.658323759744771]",2025-07-21T05:22:48.625932,2025-07-21T05:30:46.488270,477.862338,0.14769158322183532,0.01,0.008,50.0,1.0,198.0,uniform
95,COMPLETE,"[6.0, 0.863057778302072]",2025-07-21T05:30:46.498263,2025-07-21T05:38:44.373325,477.875062,0.36588736053090176,0.01,0.008,50.0,1.0,7.0,uniform
96,COMPLETE,"[158.0, 4.570876457005441]",2025-07-21T05:38:44.381500,2025-07-21T05:46:40.917020,476.53552,0.03593238803804985,0.2516653807626693,0.008,35.91721661264785,3.0,161.0,uniform
97,COMPLETE,"[156.0, 4.214894203615238]",2025-07-21T05:46:40.925548,2025-07-21T05:54:37.896516,476.970968,0.029351171960254635,0.2273239605895487,0.008,36.60418867467385,1.0,157.0,uniform
98,COMPLETE,"[170.0, 4.768242608013804]",2025-07-21T05:54:37.905521,2025-07-21T06:02:34.430125,476.524604,0.0556117267872315,0.20181285621405598,0.008,26.638853288171813,4.0,174.0,uniform
99,COMPLETE,"[176.0, 4.45859665211308]",2025-07-21T06:02:34.440299,2025-07-21T06:10:31.017746,476.577447,0.06812495013180613,0.19074870865978005,0.008,20.0,4.0,180.0,uniform
100,COMPLETE,"[176.0, 4.50381897300372]",2025-07-21T06:10:31.025938,2025-07-21T06:18:28.695144,477.669206,0.0716912014903274,0.2412041953649692,0.008,20.0,3.0,179.0,uniform
101,COMPLETE,"[175.0, 5.028000910373833]",2025-07-21T06:18:28.707026,2025-07-21T06:26:26.304474,477.597448,0.08593017053743024,0.17972345283833127,0.008,20.0,7.0,182.0,uniform
102,COMPLETE,"[165.0, 5.246728335256555]",2025-07-21T06:26:26.312522,2025-07-21T06:34:26.208280,479.895758,0.09740805322682736,0.21890790225051238,0.008,20.0,16.0,181.0,uniform
103,COMPLETE,"[171.0, 5.387000498541806]",2025-07-21T06:34:26.215780,2025-07-21T06:42:24.301938,478.086158,0.09907866306038172,0.145090117811982,0.008,20.0,13.0,184.0,uniform
104,COMPLETE,"[165.0, 5.4313031792026765]",2025-07-21T06:42:24.310430,2025-07-21T06:50:22.906134,478.595704,0.07693674309229087,0.18774208410639354,0.008,25.655925689517268,14.0,179.0,uniform
105,COMPLETE,"[177.0, 4.619018724784853]",2025-07-21T06:50:22.915021,2025-07-21T06:58:20.072055,477.157034,0.07369773632747241,0.16986851558648286,0.008,20.0,3.0,180.0,uniform
106,COMPLETE,"[134.0, 5.810374153476353]",2025-07-21T06:58:20.080515,2025-07-21T07:06:16.379050,476.298535,0.08924377261155568,0.15812070338105422,0.008,25.953409125338613,44.0,178.0,uniform
107,COMPLETE,"[82.0, 6.080504156412397]",2025-07-21T07:06:16.388306,2025-07-21T07:14:13.248103,476.859797,0.07885935088109504,0.145076095836182,0.008,33.03150234829654,91.0,173.0,uniform
108,COMPLETE,"[173.0, 4.671413335862706]",2025-07-21T07:14:13.256872,2025-07-21T07:22:09.997602,476.74073,0.06440543110626573,0.20908160805512516,0.008,23.065224388437194,5.0,178.0,uniform
109,COMPLETE,"[125.0, 6.098569442742771]",2025-07-21T07:22:10.005060,2025-07-21T07:30:07.320657,477.315597,0.05936342628024845,0.14799158258968137,0.008,39.70001479261286,41.0,166.0,uniform
110,COMPLETE,"[151.0, 3.7236522874178615]",2025-07-21T07:30:07.330442,2025-07-21T07:38:07.042849,479.712407,0.03442963566645081,0.4701639283998573,0.008,30.031282927071352,1.0,152.0,uniform
111,COMPLETE,"[159.0, 4.230150408574779]",2025-07-21T07:38:07.051565,2025-07-21T07:46:03.393012,476.341447,0.0589052905532126,0.564097275029311,0.008,24.966698702034638,4.0,163.0,uniform
112,COMPLETE,"[141.0, 4.455746347953733]",2025-07-21T07:46:03.401474,2025-07-21T07:54:01.661550,478.260076,0.03880947586359811,0.6,0.008,38.12040480809139,2.0,143.0,uniform
113,COMPLETE,"[125.0, 3.5346531241946]",2025-07-21T07:54:01.669049,2025-07-21T08:01:58.853026,477.183977,0.09508576109692872,0.03442997633689481,0.001,20.0,4.0,129.0,uniform
114,COMPLETE,"[170.0, 3.7790328927527943]",2025-07-21T08:01:58.861657,2025-07-21T08:09:56.774166,477.912509,0.03521596077548695,0.04855477196383651,0.008,29.48245222643929,1.0,171.0,uniform
115,COMPLETE,"[158.0, 3.292809253203291]",2025-07-21T08:09:56.782495,2025-07-21T08:17:55.573490,478.790995,0.04814710977915719,0.6,0.008,20.0,1.0,159.0,uniform
116,COMPLETE,"[181.0, 4.983201992287894]",2025-07-21T08:17:55.581915,2025-07-21T08:25:53.043705,477.46179,0.08944582357434068,0.03990985770077252,0.008,22.050176557953936,5.0,186.0,uniform
117,COMPLETE,"[17.0, 0.0]",2025-07-21T08:25:53.051826,2025-07-21T08:33:52.398088,479.346262,0.5,0.6,0.008,20.0,62.0,79.0,uniform
118,COMPLETE,"[198.0, 0.8540960340568309]",2025-07-21T08:33:52.406549,2025-07-21T08:41:48.900360,476.493811,0.3545197565420438,0.01,0.008,29.112476275057094,1.0,199.0,uniform
119,COMPLETE,"[195.0, 1.286832025376174]",2025-07-21T08:41:48.909053,2025-07-21T08:49:48.068017,479.158964,0.3255176220722578,0.01,0.008,21.86707771880306,4.0,199.0,uniform
120,COMPLETE,"[142.0, 3.8277250160898113]",2025-07-21T08:49:48.075918,2025-07-21T08:57:46.858543,478.782625,0.04552936342841209,0.12119843494177181,0.001,30.40883853475959,2.0,144.0,uniform
121,COMPLETE,"[194.0, 1.8842914427470479]",2025-07-21T08:57:46.867553,2025-07-21T09:05:47.193577,480.326024,0.1293026614808925,0.01,0.008,50.0,3.0,197.0,uniform
122,COMPLETE,"[13.0, 0.0]",2025-07-21T09:05:47.200837,2025-07-21T09:13:49.123379,481.922542,0.5,0.01,0.001,50.0,2.0,15.0,uniform
123,COMPLETE,"[138.0, 5.949113609594834]",2025-07-21T09:13:49.131360,2025-07-21T09:21:50.819432,481.688072,0.051417117678565105,0.1508530214279542,0.008,43.75673561995022,24.0,162.0,uniform
124,COMPLETE,"[143.0, 3.2048880976984235]",2025-07-21T09:21:50.829413,2025-07-21T09:30:13.298626,502.469213,0.06651295989156941,0.01,0.008,24.756068699267704,2.0,145.0,uniform
125,COMPLETE,"[159.0, 5.074426936379417]",2025-07-21T09:30:13.307235,2025-07-21T09:38:42.047002,508.739767,0.08373215905116015,0.28680429943151076,0.008,22.704781153923648,17.0,176.0,uniform
126,COMPLETE,"[138.0, 4.712943373884833]",2025-07-21T09:38:42.055765,2025-07-21T09:47:21.755087,519.699322,0.07151626555184812,0.6,0.008,28.40094237340004,20.0,158.0,uniform
127,COMPLETE,"[133.0, 4.231387013202826]",2025-07-21T09:47:21.766042,2025-07-21T09:56:21.699169,539.933127,0.03261818777316487,0.6,0.008,42.54884228325331,2.0,135.0,uniform
128,COMPLETE,"[167.0, 3.567440278590256]",2025-07-21T09:56:21.708207,2025-07-21T10:04:53.906359,512.198152,0.043953295106205166,0.3343431972551882,0.008,21.603210543022414,1.0,168.0,uniform
129,COMPLETE,"[150.0, 4.373073472966132]",2025-07-21T10:04:53.915938,2025-07-21T10:13:21.365236,507.449298,0.03841909689799338,0.1561406002455433,0.001,41.088663080363034,4.0,154.0,uniform
130,COMPLETE,"[156.0, 4.900879111019242]",2025-07-21T10:13:21.373795,2025-07-21T10:21:50.296046,508.922251,0.04160052573287838,0.11538499437477147,0.001,47.87761574954399,8.0,164.0,uniform
131,COMPLETE,"[146.0, 3.1470322326564686]",2025-07-21T10:21:50.305133,2025-07-21T10:30:21.890358,511.585225,0.09073012721941404,0.01,0.008,20.728287503178404,4.0,150.0,uniform
132,COMPLETE,"[169.0, 5.178839802458079]",2025-07-21T10:30:21.899459,2025-07-21T10:38:50.668638,508.769179,0.043278389426132866,0.082174913457316,0.008,37.22884408831937,4.0,173.0,uniform
133,COMPLETE,"[177.0, 5.325273945949818]",2025-07-21T10:38:50.677789,2025-07-21T10:47:18.077075,507.399286,0.08611763878517169,0.08453991217584493,0.008,21.455008461607665,8.0,185.0,uniform
134,COMPLETE,"[170.0, 3.6229680042307124]",2025-07-21T10:47:18.088197,2025-07-21T10:55:44.540745,506.452548,0.09157616302081625,0.6,0.001,20.0,14.0,184.0,uniform
135,COMPLETE,"[170.0, 3.4770484307908647]",2025-07-21T10:55:44.554563,2025-07-21T11:04:04.884262,500.329699,0.075699011694175,0.4379806379721157,0.001,20.0,5.0,175.0,uniform
136,COMPLETE,"[164.0, 3.07768785420828]",2025-07-21T11:04:04.895914,2025-07-21T11:12:25.817027,500.921113,0.06786344961180969,0.6,0.001,20.0,2.0,166.0,uniform
137,COMPLETE,"[163.0, 4.466967197963006]",2025-07-21T11:12:25.826295,2025-07-21T11:20:45.598864,499.772569,0.0835451267886396,0.5293808457173983,0.008,20.0,6.0,169.0,uniform
138,COMPLETE,"[99.0, 4.7728991758514345]",2025-07-21T11:20:45.607705,2025-07-21T11:29:07.024672,501.416967,0.1172260326884624,0.6,0.008,20.0,72.0,171.0,uniform
139,COMPLETE,"[161.0, 2.0980554073023967]",2025-07-21T11:29:07.033706,2025-07-21T11:37:55.057780,528.024074,0.13120564134547533,0.01,0.008,43.40540031966137,35.0,196.0,uniform
140,COMPLETE,"[10.0, 0.9179709387054279]",2025-07-21T11:37:55.066850,2025-07-21T11:46:27.680125,512.613275,0.2361361378742028,0.6,0.001,50.0,30.0,40.0,uniform
141,COMPLETE,"[184.0, 1.5846977661682438]",2025-07-21T11:46:27.689493,2025-07-21T11:54:36.631612,488.942119,0.13577072577300978,0.01,0.0016471864850668232,50.0,14.0,198.0,uniform
142,COMPLETE,"[105.0, 0.8030401664621881]",2025-07-21T11:54:36.639458,2025-07-21T12:02:46.298680,489.659222,0.3747927895190867,0.01,0.008,32.652027435925135,1.0,106.0,uniform
143,COMPLETE,"[80.0, 0.9354333621485955]",2025-07-21T12:02:46.306826,2025-07-21T12:10:55.796537,489.489711,0.36484649082804704,0.01,0.001,29.701345419649588,2.0,82.0,uniform
144,COMPLETE,"[161.0, 5.505762646921761]",2025-07-21T12:10:55.805174,2025-07-21T12:19:04.468842,488.663668,0.09124418015060695,0.09995850860117328,0.008,22.801938809141397,22.0,183.0,uniform
145,COMPLETE,"[171.0, 4.081916147947942]",2025-07-21T12:19:04.478446,2025-07-21T12:27:12.854654,488.376208,0.0666993069311357,0.3961133864371935,0.008,20.0,2.0,173.0,uniform
146,COMPLETE,"[182.0, 4.335537097685497]",2025-07-21T12:27:12.863400,2025-07-21T12:35:22.493464,489.630064,0.07680311587270794,0.23352918654837523,0.0036260568804254716,20.0,5.0,187.0,uniform
147,COMPLETE,"[171.0, 4.099862640214175]",2025-07-21T12:35:22.503013,2025-07-21T12:43:31.374064,488.871051,0.09675772669467875,0.34960699004575924,0.001,20.0,18.0,189.0,uniform
148,COMPLETE,"[195.0, 1.778593959076153]",2025-07-21T12:43:31.384167,2025-07-21T12:51:40.351370,488.967203,0.13851239514449984,0.01,0.008,50.0,2.0,197.0,uniform
149,COMPLETE,"[179.0, 4.467056207934112]",2025-07-21T12:51:40.361130,2025-07-21T12:59:50.041700,489.68057,0.07928065757533694,0.30434108713780744,0.004212343177736005,20.0,5.0,184.0,uniform
150,COMPLETE,"[180.0, 4.58229156943677]",2025-07-21T12:59:50.051079,2025-07-21T13:07:59.131090,489.080011,0.07923631811815543,0.16520514082304602,0.005232789075314265,20.0,5.0,185.0,uniform
151,COMPLETE,"[180.0, 3.9686965771670963]",2025-07-21T13:07:59.139867,2025-07-21T13:16:09.601078,490.461211,0.06615537516589674,0.26104291289840675,0.0041104260445830485,20.0,2.0,182.0,uniform
152,COMPLETE,"[198.0, 0.9865613168541132]",2025-07-21T13:16:09.609280,2025-07-21T13:24:16.617414,487.008134,0.16325683225393292,0.01,0.002698839669752901,50.0,1.0,199.0,uniform
153,COMPLETE,"[197.0, 1.5745776612757287]",2025-07-21T13:24:16.626484,2025-07-21T13:32:28.774282,492.147798,0.1442934287602742,0.01,0.005440414424388183,50.0,2.0,199.0,uniform
154,COMPLETE,"[173.0, 3.903094852459694]",2025-07-21T13:32:28.783224,2025-07-21T13:40:36.977127,488.193903,0.07941386041658495,0.2626566584172378,0.001,20.0,4.0,177.0,uniform
155,COMPLETE,"[156.0, 5.580917912312397]",2025-07-21T13:40:36.985206,2025-07-21T13:48:47.445812,490.460606,0.04094224711144865,0.13457842556468863,0.008,43.81574246502116,7.0,163.0,uniform
156,COMPLETE,"[178.0, 3.9112055287009735]",2025-07-21T13:48:47.455854,2025-07-21T13:56:54.366021,486.910167,0.05299750441079561,0.15896563082592388,0.008,20.0,1.0,179.0,uniform
157,COMPLETE,"[195.0, 1.8240431604033347]",2025-07-21T13:56:54.373970,2025-07-21T14:05:04.681901,490.307931,0.13699108277350552,0.01,0.008,50.0,2.0,197.0,uniform
158,COMPLETE,"[172.0, 4.396658699821048]",2025-07-21T14:05:04.690306,2025-07-21T14:13:12.773137,488.082831,0.08785398081569785,0.42696074846994486,0.004020936064725566,20.0,10.0,182.0,uniform
159,COMPLETE,"[198.0, 1.1333239969569295]",2025-07-21T14:13:12.782258,2025-07-21T14:21:23.118492,490.336234,0.16948228830158377,0.01,0.005441079184977938,50.0,1.0,199.0,uniform
160,COMPLETE,"[173.0, 4.445678856211085]",2025-07-21T14:21:23.128433,2025-07-21T14:29:35.111101,491.982668,0.04677389659582678,0.12563929529478685,0.008,28.33803748364776,2.0,175.0,uniform
161,COMPLETE,"[67.0, 0.4881489436756745]",2025-07-21T14:29:35.119830,2025-07-21T14:37:52.584490,497.46466,0.18800072103127236,0.01,0.001,50.0,3.0,70.0,uniform
162,COMPLETE,"[168.0, 3.8164736630893796]",2025-07-21T14:37:52.592653,2025-07-21T14:46:03.954970,491.362317,0.04944998089146592,0.6,0.001,35.423053196790555,8.0,176.0,uniform
163,COMPLETE,"[197.0, 1.534133493483964]",2025-07-21T14:46:03.964011,2025-07-21T14:54:17.167024,493.203013,0.1525430697934001,0.01,0.004753682527209661,50.0,2.0,199.0,uniform
164,COMPLETE,"[120.0, 4.117641676492857]",2025-07-21T14:54:17.176079,2025-07-21T15:02:28.502790,491.326711,0.12189854723108937,0.6,0.001,20.0,72.0,192.0,uniform
165,COMPLETE,"[197.0, 1.2461122254833739]",2025-07-21T15:02:28.511138,2025-07-21T15:10:39.978816,491.467678,0.1715433779560312,0.01,0.008,50.0,1.0,198.0,uniform
166,COMPLETE,"[197.0, 1.449177031297452]",2025-07-21T15:10:39.988857,2025-07-21T15:19:08.477722,508.488865,0.1545435385053369,0.01,0.004912658399830003,50.0,2.0,199.0,uniform
167,COMPLETE,"[170.0, 3.729799781797906]",2025-07-21T15:19:08.487194,2025-07-21T15:27:36.033182,507.545988,0.06192979045407995,0.6,0.001,28.33873980575778,8.0,178.0,uniform
168,COMPLETE,"[179.0, 4.61790936666616]",2025-07-21T15:27:36.042239,2025-07-21T15:36:10.734459,514.69222,0.07329183152498951,0.2545927607305573,0.0020667058699886725,24.637330493079745,9.0,188.0,uniform
169,COMPLETE,"[121.0, 3.016892452587319]",2025-07-21T15:36:10.744000,2025-07-21T15:44:37.295295,506.551295,0.02452755893665781,0.6,0.001,36.869715100271925,1.0,122.0,uniform
170,COMPLETE,"[47.0, 4.189423123870323]",2025-07-21T15:44:37.304225,2025-07-21T15:53:04.244116,506.939891,0.08195178579762427,0.6,0.001,33.84560835910083,139.0,186.0,uniform
171,COMPLETE,"[175.0, 4.389943396517795]",2025-07-21T15:53:04.254342,2025-07-21T16:01:25.217924,500.963582,0.05757503312842829,0.3538063731348262,0.003474421822406693,26.71224273227625,4.0,179.0,uniform
172,COMPLETE,"[157.0, 3.4836272778426705]",2025-07-21T16:01:25.226786,2025-07-21T16:09:45.499392,500.272606,0.04426650592781202,0.6,0.001,30.9746244096362,2.0,159.0,uniform
173,COMPLETE,"[178.0, 4.7646233084840475]",2025-07-21T16:09:45.507645,2025-07-21T16:18:04.755357,499.247712,0.07609892845557582,0.17876621328536849,0.004658921534499169,22.408159186618466,8.0,186.0,uniform
174,COMPLETE,"[169.0, 3.6914516955778893]",2025-07-21T16:18:04.764689,2025-07-21T16:26:25.934291,501.169602,0.07459186883305638,0.6,0.001,24.35293264298792,13.0,182.0,uniform
175,COMPLETE,"[164.0, 4.086878624136439]",2025-07-21T16:26:25.942579,2025-07-21T16:34:46.751700,500.809121,0.045943867095090664,0.3305547770121884,0.001,35.819950156748625,6.0,170.0,uniform
176,COMPLETE,"[166.0, 3.834459352871553]",2025-07-21T16:34:46.761619,2025-07-21T16:43:07.237583,500.475964,0.06451249891257133,0.35386375538048725,0.001,24.186617443606895,6.0,172.0,uniform
177,COMPLETE,"[164.0, 4.765562256180488]",2025-07-21T16:43:07.246258,2025-07-21T16:51:29.243133,501.996875,0.053343245568781235,0.3455921840287016,0.005706722077730103,30.231727477677566,8.0,172.0,uniform
178,COMPLETE,"[110.0, 3.9295170439379534]",2025-07-21T16:51:29.254313,2025-07-21T16:59:51.142324,501.888011,0.05416223476231194,0.030037882427798826,0.001,37.53407455119509,4.0,114.0,uniform
179,COMPLETE,"[166.0, 4.128807080813286]",2025-07-21T16:59:51.152710,2025-07-21T17:08:14.157920,503.00521,0.041782092439244994,0.45246047643325094,0.001,41.617709443197356,6.0,172.0,uniform
180,COMPLETE,"[71.0, 0.7087998249806473]",2025-07-21T17:08:14.167049,2025-07-21T17:16:37.470506,503.303457,0.5,0.01,0.001,20.0,3.0,74.0,uniform
181,COMPLETE,"[163.0, 3.682272455519763]",2025-07-21T17:16:37.478343,2025-07-21T17:24:57.113591,499.635248,0.03533258957809632,0.22981443386735453,0.008,26.868432909813688,1.0,164.0,uniform
182,COMPLETE,"[51.0, 1.1257264829581062]",2025-07-21T17:24:57.122724,2025-07-21T17:33:19.712437,502.589713,0.1449762806966942,0.01,0.001,45.29424117314423,88.0,139.0,uniform
183,COMPLETE,"[152.0, 3.6790294696607373]",2025-07-21T17:33:19.720986,2025-07-21T17:41:39.426180,499.705194,0.019084999272880356,0.08469508811405388,0.008,40.80598875052848,1.0,153.0,uniform
184,COMPLETE,"[167.0, 4.3553392824592665]",2025-07-21T17:41:39.435851,2025-07-21T17:50:02.487440,503.051589,0.07674146422365234,0.36047677040985615,0.001,26.211974377409355,21.0,188.0,uniform
185,COMPLETE,"[176.0, 5.041249413934281]",2025-07-21T17:50:02.496441,2025-07-21T17:58:22.214174,499.717733,0.07705051673530613,0.09275022919888848,0.008,22.115378896600884,6.0,182.0,uniform
186,COMPLETE,"[2.0, 1.519560684036122]",2025-07-21T17:58:22.222894,2025-07-21T18:06:45.808020,503.585126,0.10607219411641391,0.06630185526559157,0.008,41.74694845610793,138.0,140.0,uniform
187,COMPLETE,"[155.0, 3.4334670660508153]",2025-07-21T18:06:45.816919,2025-07-21T18:15:04.975760,499.158841,0.03766507038082931,0.4766256059100711,0.001,33.74701784634015,2.0,157.0,uniform
188,COMPLETE,"[155.0, 4.119084894518089]",2025-07-21T18:15:04.984619,2025-07-21T18:23:23.772591,498.787972,0.03816582553488062,0.40530281425176257,0.001,44.084352711051764,10.0,165.0,uniform
189,COMPLETE,"[109.0, 2.876912589143212]",2025-07-21T18:23:23.781300,2025-07-21T18:31:48.416039,504.634739,0.01,0.041393562135331796,0.008,30.96235493041874,1.0,110.0,uniform
190,COMPLETE,"[136.0, 4.288857446035014]",2025-07-21T18:31:48.424572,2025-07-21T18:40:07.600726,499.176154,0.05793025918701157,0.6,0.001,38.61009195687146,44.0,180.0,uniform
191,COMPLETE,"[141.0, 3.0011440971699748]",2025-07-21T18:40:07.611085,2025-07-21T18:48:27.536983,499.925898,0.03805124040669137,0.6,0.001,27.759243049004123,1.0,142.0,uniform
192,COMPLETE,"[162.0, 4.846859090868916]",2025-07-21T18:48:27.545862,2025-07-21T18:56:47.937780,500.391918,0.036184710374791505,0.15802540126150025,0.008,39.08111105035279,3.0,165.0,uniform
193,COMPLETE,"[159.0, 5.596669522489497]",2025-07-21T18:56:47.945864,2025-07-21T19:05:05.503717,497.557853,0.0736726196563605,0.1270551069534461,0.008,29.09533519079742,17.0,176.0,uniform
194,COMPLETE,"[161.0, 4.457845932756774]",2025-07-21T19:05:05.513815,2025-07-21T19:13:23.372040,497.858225,0.06794503781438423,0.10937806948616371,0.001,27.55902359520152,7.0,168.0,uniform
195,COMPLETE,"[171.0, 4.934590618940166]",2025-07-21T19:13:23.380378,2025-07-21T19:21:45.560810,502.180432,0.0693496020174581,0.3304315057589026,0.0053893913127032785,25.12985314413261,8.0,179.0,uniform
196,COMPLETE,"[163.0, 3.6616392066737236]",2025-07-21T19:21:45.569285,2025-07-21T19:30:05.195614,499.626329,0.08459831933867362,0.6,0.001,22.119436939878668,21.0,184.0,uniform
197,COMPLETE,"[177.0, 4.789112664416487]",2025-07-21T19:30:05.203901,2025-07-21T19:38:23.281780,498.077879,0.050505536382767835,0.05777739288971908,0.008,30.96559742036115,3.0,180.0,uniform
198,COMPLETE,"[140.0, 3.337374038021461]",2025-07-21T19:38:23.291156,2025-07-21T19:46:46.044557,502.753401,0.043053783330978264,0.010189259842144603,0.008,34.09928335171878,2.0,142.0,uniform
199,COMPLETE,"[145.0, 4.259028197639668]",2025-07-21T19:46:46.052253,2025-07-21T19:55:03.906888,497.854635,0.044384235161197105,0.5999999999999999,0.008,33.19969848357061,4.0,149.0,uniform
200,COMPLETE,"[11.0, 0.0]",2025-07-21T19:55:03.916271,2025-07-21T20:03:24.319925,500.403654,0.3529688564879899,0.5999999999999999,0.008,29.700709473474593,48.0,59.0,uniform
201,COMPLETE,"[198.0, 1.1142773117940963]",2025-07-21T20:03:24.329020,2025-07-21T20:11:41.494109,497.165089,0.3158942895828487,0.01,0.008,25.47795135879462,1.0,199.0,uniform
202,COMPLETE,"[145.0, 5.652636362934882]",2025-07-21T20:11:41.502685,2025-07-21T20:19:59.436517,497.933832,0.12030056164193187,0.09140895826183443,0.008,20.0,40.0,185.0,uniform
203,COMPLETE,"[27.0, 0.9517030669130448]",2025-07-21T20:19:59.445390,2025-07-21T20:28:16.978193,497.532803,0.5,0.6,0.008,43.45746905374847,30.0,57.0,uniform
204,COMPLETE,"[162.0, 4.839108366539021]",2025-07-21T20:28:16.987443,2025-07-21T20:36:37.872696,500.885253,0.05706522337884909,0.32757370490505383,0.008,28.048891788471337,7.0,169.0,uniform
205,COMPLETE,"[155.0, 5.096432768233193]",2025-07-21T20:36:37.881908,2025-07-21T20:44:55.767106,497.885198,0.03746068932048024,0.24175224854307217,0.008,41.85288952173638,4.0,159.0,uniform
206,COMPLETE,"[161.0, 4.1326867715861875]",2025-07-21T20:44:55.775264,2025-07-21T20:53:17.886729,502.111465,0.06742953973161987,0.6,0.008,22.296261020574466,3.0,164.0,uniform
207,COMPLETE,"[198.0, 0.9296586202223531]",2025-07-21T20:53:17.894581,2025-07-21T21:01:36.176136,498.281555,0.27292735001374263,0.01,0.008,32.374482572885135,1.0,199.0,uniform
208,COMPLETE,"[66.0, 0.8754003630862822]",2025-07-21T21:01:36.184303,2025-07-21T21:09:55.979793,499.79549,0.27971746206828096,0.01,0.001,33.78247793462668,2.0,68.0,uniform
209,COMPLETE,"[197.0, 1.0571685585481507]",2025-07-21T21:09:55.988135,2025-07-21T21:18:14.569736,498.581601,0.2780698436642898,0.01,0.008,30.041686729990953,1.0,198.0,uniform
210,COMPLETE,"[166.0, 4.4811107937489565]",2025-07-21T21:18:14.578739,2025-07-21T21:26:34.987214,500.408475,0.11177688475900273,0.207273678948037,0.001,20.0,26.0,192.0,uniform
211,COMPLETE,"[169.0, 4.155868329134488]",2025-07-21T21:26:34.995638,2025-07-21T21:34:53.262467,498.266829,0.06396241048389438,0.5006093544659107,0.0030136044069132865,26.18530855825377,8.0,177.0,uniform
212,COMPLETE,"[151.0, 4.686473197461802]",2025-07-21T21:34:53.271449,2025-07-21T21:43:12.746184,499.474735,0.03935716675890533,0.4339207492315851,0.006169175204073942,39.50555201518587,4.0,155.0,uniform
213,COMPLETE,"[197.0, 0.9006666460599552]",2025-07-21T21:43:12.755076,2025-07-21T21:51:32.445506,499.69043,0.29061493870794614,0.01,0.008,32.044040662378066,1.0,198.0,uniform
214,COMPLETE,"[18.0, 5.745092891771767]",2025-07-21T21:51:32.454540,2025-07-21T21:59:51.186483,498.731943,0.14586775378011477,0.20890131642287738,0.008,20.0,161.0,179.0,uniform
215,COMPLETE,"[171.0, 3.7777764105079235]",2025-07-21T21:59:51.194769,2025-07-21T22:08:09.245002,498.050233,0.09643521694042172,0.4958059252261319,0.001,20.0,17.0,188.0,uniform
216,COMPLETE,"[178.0, 4.535268813777861]",2025-07-21T22:08:09.254011,2025-07-21T22:16:29.023414,499.769403,0.059590093683998785,0.23248566039403426,0.0031734877434096806,27.96735070349563,5.0,183.0,uniform
217,COMPLETE,"[178.0, 5.21682151094329]",2025-07-21T22:16:29.031272,2025-07-21T22:24:48.417496,499.386224,0.06458012765869464,0.10146213126145406,0.005803860047622146,26.869527159101278,4.0,182.0,uniform
218,COMPLETE,"[177.0, 4.746600015877014]",2025-07-21T22:24:48.426695,2025-07-21T22:33:06.139220,497.712525,0.09584460846028024,0.1819284455590735,0.003164162155352054,20.0,12.0,189.0,uniform
219,COMPLETE,"[176.0, 5.230068806898007]",2025-07-21T22:33:06.148936,2025-07-21T22:41:27.119305,500.970369,0.08443403609034059,0.04865770283443924,0.008,24.128090192192793,9.0,185.0,uniform
220,COMPLETE,"[199.0, 0.7978149758542159]",2025-07-21T22:41:27.128390,2025-07-21T22:49:43.166408,496.038018,0.3663969812988086,0.01,0.006937322149792008,27.251620432439488,1.0,200.0,uniform
221,COMPLETE,"[44.0, 0.0]",2025-07-21T22:49:43.176469,2025-07-21T22:58:02.443435,499.266966,0.1737060935935258,0.6,0.008,38.90882339172093,43.0,87.0,uniform
222,COMPLETE,"[179.0, 4.976405520510723]",2025-07-21T22:58:02.451992,2025-07-21T23:06:25.369085,502.917093,0.06627225435394195,0.19088094955649929,0.004129573703189855,25.507342199251248,6.0,185.0,uniform
223,COMPLETE,"[172.0, 5.235331408176264]",2025-07-21T23:06:25.378223,2025-07-21T23:14:43.221269,497.843046,0.05409402769663896,0.13474983708311422,0.005875861592343822,31.33115509230669,6.0,178.0,uniform
224,COMPLETE,"[37.0, 0.5189337890965721]",2025-07-21T23:14:43.230930,2025-07-21T23:23:00.335166,497.104236,0.2529218411115985,0.01,0.008,50.0,1.0,38.0,uniform
225,COMPLETE,"[183.0, 1.9209039272440316]",2025-07-21T23:23:00.344816,2025-07-21T23:31:19.192376,498.84756,0.12752000091929944,0.01,0.005483140072930421,50.0,15.0,198.0,uniform
226,COMPLETE,"[11.0, 0.14993246509812663]",2025-07-21T23:31:19.201094,2025-07-21T23:39:38.513083,499.311989,0.3030498842607638,0.6,0.008,50.0,36.0,47.0,uniform
227,COMPLETE,"[198.0, 0.8714666234090015]",2025-07-21T23:39:38.522245,2025-07-21T23:48:00.013627,501.491382,0.3651987223433688,0.01,0.006690823309368912,28.799913225860823,1.0,199.0,uniform
228,COMPLETE,"[45.0, 1.8365099751889833]",2025-07-21T23:48:00.023582,2025-07-21T23:56:18.848083,498.824501,0.43361386581006334,0.01,0.001,20.0,10.0,55.0,uniform
229,COMPLETE,"[15.0, 0.0]",2025-07-21T23:56:18.856140,2025-07-22T00:04:38.572513,499.716373,0.22935691547996567,0.6,0.001,20.0,98.0,113.0,uniform
230,COMPLETE,"[81.0, 5.776036108879075]",2025-07-22T00:04:38.580820,2025-07-22T00:12:56.060159,497.479339,0.13068442505097874,0.1570760778924004,0.008,20.0,101.0,182.0,uniform
231,COMPLETE,"[178.0, 4.735055863285776]",2025-07-22T00:12:56.069339,2025-07-22T00:21:15.052555,498.983216,0.08561862850303278,0.22933745997725652,0.00473093251280882,20.0,9.0,187.0,uniform
232,COMPLETE,"[173.0, 3.801010874260054]",2025-07-22T00:21:15.061003,2025-07-22T00:29:34.295782,499.234779,0.05072813925490708,0.23390350839818164,0.008,20.0,1.0,174.0,uniform
233,COMPLETE,"[158.0, 5.600381932249144]",2025-07-22T00:29:34.305040,2025-07-22T00:38:38.676306,544.371266,0.05600137545475902,0.13425328949478213,0.008,34.5688901952477,15.0,173.0,uniform
234,COMPLETE,"[197.0, 1.4988158833918308]",2025-07-22T00:38:38.687154,2025-07-22T00:47:00.397605,501.710451,0.16051893003326106,0.01,0.004717516372973834,50.0,1.0,198.0,uniform
235,COMPLETE,"[170.0, 4.437731786107539]",2025-07-22T00:47:00.406802,2025-07-22T00:55:17.971773,497.564971,0.0632180773945436,0.2819962474860378,0.001,29.330594915008383,11.0,181.0,uniform
236,COMPLETE,"[176.0, 5.216113290478123]",2025-07-22T00:55:17.980350,2025-07-22T01:03:37.006437,499.026087,0.07212126222686767,0.1213188688173469,0.0063085835108484326,24.972110188720528,6.0,182.0,uniform
237,COMPLETE,"[6.0, 0.3222521106193778]",2025-07-22T01:03:37.014821,2025-07-22T01:11:57.871257,500.856436,0.5,0.5999999999999999,0.001,50.0,33.0,39.0,uniform
238,COMPLETE,"[177.0, 4.341401393975419]",2025-07-22T01:11:57.881353,2025-07-22T01:20:17.537495,499.656142,0.06447867399443487,0.19052616227604213,0.0034916240906455167,22.800426632002935,6.0,183.0,uniform
239,COMPLETE,"[198.0, 0.9038656942578521]",2025-07-22T01:20:17.546016,2025-07-22T01:28:33.147016,495.601,0.36607414854109116,0.01,0.006908414727796816,28.42753386432947,1.0,199.0,uniform
240,COMPLETE,"[174.0, 5.26114238478376]",2025-07-22T01:28:33.155268,2025-07-22T01:36:54.418667,501.263399,0.06111581664938022,0.10614928379792486,0.008,27.993597878040845,4.0,178.0,uniform
241,COMPLETE,"[179.0, 4.656867683283075]",2025-07-22T01:36:54.427015,2025-07-22T01:45:15.150141,500.723126,0.07083134840323099,0.24905739830014256,0.004293794519817831,22.29575918402012,5.0,184.0,uniform
242,COMPLETE,"[196.0, 1.369789573447115]",2025-07-22T01:45:15.159553,2025-07-22T01:53:33.575730,498.416177,0.15460542250638656,0.01,0.0032171425557341107,50.0,3.0,199.0,uniform
243,COMPLETE,"[146.0, 5.705324708331915]",2025-07-22T01:53:33.584489,2025-07-22T02:01:52.297724,498.713235,0.039259422871522696,0.13441196987202456,0.007351280548088598,49.97202227646107,17.0,163.0,uniform
244,COMPLETE,"[146.0, 4.334754673187257]",2025-07-22T02:01:52.307091,2025-07-22T02:10:08.527676,496.220585,0.042677894668751146,0.6,0.001,50.0,27.0,173.0,uniform
245,COMPLETE,"[180.0, 4.423926738117186]",2025-07-22T02:10:08.536153,2025-07-22T02:18:26.296586,497.760433,0.07267404217516193,0.2203613440296532,0.005148758892910537,20.0,4.0,184.0,uniform
246,COMPLETE,"[161.0, 3.91113706589599]",2025-07-22T02:18:26.305618,2025-07-22T02:26:43.842255,497.536637,0.04007795192703937,0.6,0.001,42.55217105289842,7.0,168.0,uniform
247,COMPLETE,"[198.0, 0.9221860064073099]",2025-07-22T02:26:43.850628,2025-07-22T02:35:03.888720,500.038092,0.2815733929180562,0.01,0.008,31.656338226014768,1.0,199.0,uniform
248,COMPLETE,"[47.0, 0.0]",2025-07-22T02:35:03.897060,2025-07-22T02:43:21.590451,497.693391,0.42676955931124044,0.6,0.001,20.0,54.0,101.0,uniform
249,COMPLETE,"[44.0, 4.204676254050615]",2025-07-22T02:43:21.598944,2025-07-22T02:51:38.439704,496.84076,0.058962986701312746,0.6,0.008,50.0,93.0,137.0,uniform
250,COMPLETE,"[168.0, 5.4911869133514255]",2025-07-22T02:51:38.448094,2025-07-22T02:59:56.187771,497.739677,0.08272464671838521,0.08535589151313311,0.008,25.331810566479728,13.0,181.0,uniform
251,COMPLETE,"[171.0, 3.9725415236982395]",2025-07-22T02:59:56.196050,2025-07-22T03:08:12.427500,496.23145,0.08096150674036619,0.6,0.004498107476560785,20.0,6.0,177.0,uniform
252,COMPLETE,"[198.0, 0.9279656317601936]",2025-07-22T03:08:12.436689,2025-07-22T03:16:31.005441,498.568752,0.33150521648978587,0.01,0.008,24.88768771679605,1.0,199.0,uniform
253,COMPLETE,"[96.0, 5.909649459143466]",2025-07-22T03:16:31.014407,2025-07-22T03:24:47.811270,496.796863,0.07053545280152616,0.17492428746874414,0.008,34.96813949721422,73.0,169.0,uniform
254,COMPLETE,"[158.0, 5.683573258257249]",2025-07-22T03:24:47.820987,2025-07-22T03:33:06.787278,498.966291,0.05028231800685655,0.128676426360414,0.008,39.95371336212297,11.0,169.0,uniform
255,COMPLETE,"[198.0, 0.901265529433388]",2025-07-22T03:33:06.796811,2025-07-22T03:41:22.603424,495.806613,0.3636985911132811,0.01,0.007421286120881662,28.02843525387135,1.0,199.0,uniform
256,COMPLETE,"[169.0, 3.948606098357224]",2025-07-22T03:41:22.611970,2025-07-22T03:49:41.602140,498.99017,0.059365453398203434,0.6,0.003714768290425585,25.26867142941957,3.0,172.0,uniform
257,COMPLETE,"[173.0, 4.484133768658597]",2025-07-22T03:49:41.611257,2025-07-22T03:57:58.694035,497.082778,0.09065576126513779,0.2118275026488044,0.001,22.634732740016165,15.0,188.0,uniform
258,COMPLETE,"[198.0, 0.9344859237459102]",2025-07-22T03:57:58.703303,2025-07-22T04:06:14.809299,496.105996,0.24758014856788613,0.01,0.008,32.89645051804172,1.0,199.0,uniform
259,COMPLETE,"[178.0, 5.056848471942189]",2025-07-22T04:06:14.819974,2025-07-22T04:14:34.768426,499.948452,0.06510515912572876,0.15996320512481313,0.004555301353957375,27.51704450328143,6.0,184.0,uniform
260,COMPLETE,"[11.0, 2.4465908325321557]",2025-07-22T04:14:34.778307,2025-07-22T04:22:50.664678,495.886371,0.19940032264908,0.01,0.008,20.0,173.0,184.0,uniform
261,COMPLETE,"[168.0, 4.024967225128826]",2025-07-22T04:22:50.673084,2025-07-22T04:31:07.694863,497.021779,0.055280273134027544,0.4522201931676005,0.001,32.27155593730614,10.0,178.0,uniform
262,COMPLETE,"[172.0, 3.9275372462949605]",2025-07-22T04:31:07.703518,2025-07-22T04:39:24.557927,496.854409,0.07201153942037289,0.485654881001093,0.004925748924582665,20.0,3.0,175.0,uniform
263,COMPLETE,"[128.0, 2.9037407781533524]",2025-07-22T04:39:24.567279,2025-07-22T04:47:41.851247,497.283968,0.12157136440484363,0.01,0.008,25.527042007198744,40.0,168.0,uniform
264,COMPLETE,"[197.0, 0.9229483830086216]",2025-07-22T04:47:41.859870,2025-07-22T04:55:58.897340,497.03747,0.25784808365095635,0.01,0.008,33.10212592276385,1.0,198.0,uniform
265,COMPLETE,"[197.0, 0.9508914055093666]",2025-07-22T04:55:58.906048,2025-07-22T05:04:17.589579,498.683531,0.24352314533271446,0.01,0.008,35.77404404955905,1.0,198.0,uniform
266,COMPLETE,"[197.0, 0.873530743856137]",2025-07-22T05:04:17.598898,2025-07-22T05:12:35.057093,497.458195,0.30870320340443463,0.01,0.008,28.867952557763612,1.0,198.0,uniform
267,COMPLETE,"[173.0, 4.326146791929986]",2025-07-22T05:12:35.066080,2025-07-22T05:20:52.126712,497.060632,0.09595471038290553,0.22429585773203087,0.001,20.0,14.0,187.0,uniform
268,COMPLETE,"[29.0, 0.0]",2025-07-22T05:20:52.135795,2025-07-22T05:29:09.527217,497.391422,0.5,0.1998929360547258,0.008,20.0,62.0,91.0,uniform
269,COMPLETE,"[180.0, 4.59237681906536]",2025-07-22T05:29:09.536047,2025-07-22T05:37:26.774516,497.238469,0.07491580329202144,0.1862378392685158,0.0023436390854176224,23.807494496940485,9.0,189.0,uniform
270,COMPLETE,"[194.0, 0.9556507488579986]",2025-07-22T05:37:26.782980,2025-07-22T05:45:43.955509,497.172529,0.39847686473776545,0.01,0.008,20.0,5.0,199.0,uniform
271,COMPLETE,"[198.0, 0.8358262443162523]",2025-07-22T05:45:43.963586,2025-07-22T05:54:00.083192,496.119606,0.38437755765714704,0.01,0.008,24.015324074594346,1.0,199.0,uniform
272,COMPLETE,"[198.0, 0.8975545855821189]",2025-07-22T05:54:00.091912,2025-07-22T06:02:17.272787,497.180875,0.37419541294145725,0.01,0.007225330951415959,26.856187116863357,1.0,199.0,uniform
273,COMPLETE,"[177.0, 5.241398028036089]",2025-07-22T06:02:17.281775,2025-07-22T06:10:34.398344,497.116569,0.0841520739131961,0.07835753052851015,0.005695569423083663,22.962303422488738,8.0,185.0,uniform
274,COMPLETE,"[53.0, 0.0]",2025-07-22T06:10:34.406585,2025-07-22T06:18:50.571990,496.165405,0.15368643855346895,0.6,0.001,50.0,32.0,85.0,uniform
275,COMPLETE,"[198.0, 0.894349141663558]",2025-07-22T06:18:50.580277,2025-07-22T06:27:09.709982,499.129705,0.3718787761972474,0.01,0.008,26.492761037685703,1.0,199.0,uniform
276,COMPLETE,"[183.0, 4.458899506760574]",2025-07-22T06:27:09.718102,2025-07-22T06:35:27.038156,497.320054,0.08182574199331923,0.17658734569519177,0.003288059581831037,20.0,4.0,187.0,uniform
277,COMPLETE,"[198.0, 1.260182207600622]",2025-07-22T06:35:27.048291,2025-07-22T06:43:44.334361,497.28607,0.16214539414734033,0.01,0.004785598439928109,50.0,1.0,199.0,uniform
278,COMPLETE,"[32.0, 0.3030585716472585]",2025-07-22T06:43:44.343186,2025-07-22T06:52:00.199048,495.855862,0.24986596970454195,0.06529473544630829,0.008,33.82518185185839,51.0,83.0,uniform
279,COMPLETE,"[98.0, 2.144127947391895]",2025-07-22T06:52:00.207390,2025-07-22T07:00:17.254106,497.046716,0.01,0.6,0.008,20.0,1.0,99.0,uniform
280,COMPLETE,"[177.0, 5.374742640525254]",2025-07-22T07:00:17.263986,2025-07-22T07:08:33.603272,496.339286,0.09737503590304286,0.07883177553412853,0.008,20.0,10.0,187.0,uniform
281,COMPLETE,"[197.0, 1.6116501664738632]",2025-07-22T07:08:33.612350,2025-07-22T07:16:51.050253,497.437903,0.20265404738351628,0.01,0.008,37.35468076489293,1.0,198.0,uniform
282,COMPLETE,"[171.0, 4.866559487584496]",2025-07-22T07:16:51.059166,2025-07-22T07:25:08.218846,497.15968,0.037815217540116866,0.2591258392952789,0.002117336752296495,44.76056994178478,5.0,176.0,uniform
283,COMPLETE,"[186.0, 4.140271156341784]",2025-07-22T07:25:08.226944,2025-07-22T07:33:25.255141,497.028197,0.07777348307857927,0.12302656415631079,0.002944210721184001,20.0,3.0,189.0,uniform
284,COMPLETE,"[181.0, 4.107056193164718]",2025-07-22T07:33:25.264505,2025-07-22T07:41:42.458970,497.194465,0.06651121888612968,0.11026582555849629,0.004134498949409371,20.0,2.0,183.0,uniform
285,COMPLETE,"[13.0, 1.093306448229747]",2025-07-22T07:41:42.468165,2025-07-22T07:50:00.524387,498.056222,0.5,0.3096063230925994,0.008,50.0,22.0,35.0,uniform
286,COMPLETE,"[162.0, 3.79828001355068]",2025-07-22T07:50:00.533556,2025-07-22T07:58:18.448438,497.914882,0.07473983193708693,0.14745687036062577,0.001,20.0,3.0,165.0,uniform
287,COMPLETE,"[197.0, 1.4245920940134713]",2025-07-22T07:58:18.456617,2025-07-22T08:06:35.670099,497.213482,0.18628739705599162,0.01,0.008,42.2722149405688,1.0,198.0,uniform
288,COMPLETE,"[184.0, 4.574852142982605]",2025-07-22T08:06:35.677974,2025-07-22T08:14:55.001473,499.323499,0.08170118209838796,0.10496929296696728,0.004399978309656254,20.0,4.0,188.0,uniform
289,COMPLETE,"[181.0, 4.668801865388305]",2025-07-22T08:14:55.010398,2025-07-22T08:23:13.108614,498.098216,0.07503819039862447,0.10837854497528994,0.0037174194389728733,22.480217367072015,4.0,185.0,uniform
290,COMPLETE,"[185.0, 4.436155428800991]",2025-07-22T08:23:13.117844,2025-07-22T08:31:30.658693,497.540849,0.07672589882347998,0.12598771258413158,0.004115165773040123,20.0,3.0,188.0,uniform
291,COMPLETE,"[190.0, 1.7186664527131186]",2025-07-22T08:31:30.667860,2025-07-22T08:39:46.643298,495.975438,0.17761742148284315,0.01,0.008,35.5208155578636,7.0,197.0,uniform
292,COMPLETE,"[102.0, 4.541730255841447]",2025-07-22T08:39:46.651891,2025-07-22T08:48:05.588183,498.936292,0.12755037535934197,0.36764932178564047,0.001,20.0,91.0,193.0,uniform
293,COMPLETE,"[90.0, 0.0]",2025-07-22T08:48:05.597396,2025-07-22T08:56:22.872844,497.275448,0.3080449485519809,0.6,0.001,20.0,35.0,125.0,uniform
294,COMPLETE,"[195.0, 0.8871919378458918]",2025-07-22T08:56:22.882022,2025-07-22T09:04:38.933236,496.051214,0.38469268095197834,0.01,0.008,20.0,3.0,198.0,uniform
295,COMPLETE,"[160.0, 4.2989699158997094]",2025-07-22T09:04:38.942314,2025-07-22T09:13:10.586264,511.64395,0.045668480378421805,0.5302287867285381,0.003112977304276131,37.119469614206295,8.0,168.0,uniform
296,COMPLETE,"[179.0, 4.7092592357154075]",2025-07-22T09:13:10.594632,2025-07-22T09:21:34.999983,504.405351,0.09062112167306748,0.11761867678328501,0.0037546115976430125,20.0,7.0,186.0,uniform
297,COMPLETE,"[197.0, 1.269682607189838]",2025-07-22T09:21:35.008342,2025-07-22T09:29:55.802084,500.793742,0.22386093211258043,0.01,0.008,35.28095153226634,1.0,198.0,uniform
298,COMPLETE,"[5.0, 0.0]",2025-07-22T09:29:55.810365,2025-07-22T09:38:13.154964,497.344599,0.42065092224407963,0.37635848519120063,0.001,50.0,27.0,32.0,uniform
299,COMPLETE,"[165.0, 5.4572731795335905]",2025-07-22T09:38:13.164225,2025-07-22T09:46:30.214467,497.050242,0.10570462778386586,0.10216890464604732,0.008,20.0,20.0,185.0,uniform
300,COMPLETE,"[123.0, 2.9398474620212056]",2025-07-22T09:46:30.223593,2025-07-22T09:54:48.011937,497.788344,0.013831581155107806,0.3770264384494277,0.008,36.555418947099724,1.0,124.0,uniform
301,COMPLETE,"[199.0, 0.9622720381338468]",2025-07-22T09:54:48.020647,2025-07-22T10:03:05.817086,497.796439,0.30875997778192577,0.01,0.006361142672445655,27.504443591131125,1.0,200.0,uniform
302,COMPLETE,"[195.0, 1.6842363204662734]",2025-07-22T10:03:05.825093,2025-07-22T10:11:24.051460,498.226367,0.17228356360594266,0.01,0.008,40.652627177724874,2.0,197.0,uniform
303,COMPLETE,"[198.0, 1.144826370878195]",2025-07-22T10:11:24.060450,2025-07-22T10:19:40.613719,496.553269,0.317505061140264,0.01,0.007031723276990135,26.90889988964758,1.0,199.0,uniform
304,COMPLETE,"[9.0, 0.32100455334095584]",2025-07-22T10:19:40.622769,2025-07-22T10:27:58.962905,498.340136,0.33765637469439214,0.37913432246368317,0.001,50.0,19.0,28.0,uniform
305,COMPLETE,"[171.0, 4.854724615604139]",2025-07-22T10:27:58.970997,2025-07-22T10:36:17.979962,499.008965,0.047692183885361325,0.2240320434141977,0.003386354143593754,35.9464528773253,7.0,178.0,uniform
306,COMPLETE,"[199.0, 0.774823876062793]",2025-07-22T10:36:17.988069,2025-07-22T10:44:36.548517,498.560448,0.4493742697380384,0.01,0.008,20.0,1.0,200.0,uniform
307,COMPLETE,"[198.0, 0.7639531535432547]",2025-07-22T10:44:36.557198,2025-07-22T10:52:53.099279,496.542081,0.46580336696773517,0.01,0.008,20.0,1.0,199.0,uniform
308,COMPLETE,"[198.0, 0.5144073641539161]",2025-07-22T10:52:53.107352,2025-07-22T11:01:10.774056,497.666704,0.5,0.01,0.008,20.0,1.0,199.0,uniform
309,COMPLETE,"[197.0, 0.9390524184718776]",2025-07-22T11:01:10.782445,2025-07-22T11:09:28.018604,497.236159,0.2947803819731934,0.01,0.008,29.133022491757,1.0,198.0,uniform
310,COMPLETE,"[162.0, 3.4124366352657516]",2025-07-22T11:09:28.027816,2025-07-22T11:17:59.263622,511.235806,0.048517035346076175,0.46704148246014643,0.008,20.0,2.0,164.0,uniform
311,COMPLETE,"[198.0, 0.8696271589187428]",2025-07-22T11:17:59.273625,2025-07-22T11:26:22.121036,502.847411,0.4280198107082246,0.01,0.008,20.0,1.0,199.0,uniform
312,COMPLETE,"[198.0, 0.9354381639508027]",2025-07-22T11:26:22.130810,2025-07-22T11:34:50.292056,508.161246,0.3016128642799738,0.01,0.006777557313287656,29.493670231196884,1.0,199.0,uniform
313,COMPLETE,"[87.0, 0.8671130953995825]",2025-07-22T11:34:50.301232,2025-07-22T11:43:19.589145,509.287913,0.5,0.01,0.008,26.30786419132903,1.0,88.0,uniform
314,COMPLETE,"[198.0, 0.6987904396341811]",2025-07-22T11:43:19.598939,2025-07-22T11:51:51.124723,511.525784,0.4851816307507752,0.01,0.008,20.0,1.0,199.0,uniform
315,COMPLETE,"[175.0, 3.82872576708297]",2025-07-22T11:51:51.133745,2025-07-22T12:00:21.838052,510.704307,0.08349822725731713,0.5293131623806098,0.002513315321765277,20.0,8.0,183.0,uniform
316,COMPLETE,"[199.0, 0.9263483927408929]",2025-07-22T12:00:21.847105,2025-07-22T12:08:43.913989,502.066884,0.30989598330323603,0.01,0.007085213353164384,27.713646033403066,1.0,200.0,uniform
317,COMPLETE,"[184.0, 4.311086792206498]",2025-07-22T12:08:43.923124,2025-07-22T12:17:03.054547,499.131423,0.07721396274184596,0.12466084384013323,0.003920994579165761,20.0,4.0,188.0,uniform
318,COMPLETE,"[39.0, 5.420662167752428]",2025-07-22T12:17:03.063641,2025-07-22T12:25:23.931569,500.867928,0.09622075342779421,0.4315903019520325,0.008,28.576267866111017,128.0,167.0,uniform
319,COMPLETE,"[22.0, 0.0]",2025-07-22T12:25:23.939926,2025-07-22T12:33:44.402006,500.46208,0.4089800427844206,0.01,0.001,50.0,2.0,24.0,uniform
320,COMPLETE,"[148.0, 5.77112084712437]",2025-07-22T12:33:44.411614,2025-07-22T12:42:06.839684,502.42807,0.05060455319155356,0.13960378908088789,0.008,40.97545267237923,17.0,165.0,uniform
321,COMPLETE,"[198.0, 0.8210052205793463]",2025-07-22T12:42:06.847673,2025-07-22T12:50:28.130684,501.283011,0.43884190188016475,0.01,0.008,20.0,1.0,199.0,uniform
322,COMPLETE,"[167.0, 4.709291293440543]",2025-07-22T12:50:28.140771,2025-07-22T12:58:48.361606,500.220835,0.061223935733590765,0.1886249163699117,0.001,33.59274339573181,16.0,183.0,uniform
323,COMPLETE,"[175.0, 3.947737004624527]",2025-07-22T12:58:48.371950,2025-07-22T13:07:09.529462,501.157512,0.06444569016949492,0.34719550034046154,0.0050626464149445645,20.0,3.0,178.0,uniform
324,COMPLETE,"[179.0, 4.886857595480412]",2025-07-22T13:07:09.538136,2025-07-22T13:15:44.303738,514.765602,0.08701307211502735,0.07960875972477986,0.006624967699520802,20.0,7.0,186.0,uniform
325,COMPLETE,"[198.0, 0.8242820772394607]",2025-07-22T13:15:44.312810,2025-07-22T13:24:08.434668,504.121858,0.4559184096227662,0.01,0.008,20.0,1.0,199.0,uniform
326,COMPLETE,"[166.0, 5.5442137942978835]",2025-07-22T13:24:08.443167,2025-07-22T13:32:33.931521,505.488354,0.07187768090200536,0.10419727159331738,0.007687260941696356,28.21081994351713,14.0,180.0,uniform
327,COMPLETE,"[28.0, 0.0]",2025-07-22T13:32:33.940185,2025-07-22T13:41:00.665286,506.725101,0.42487215879787427,0.3820763435336136,0.008,20.0,40.0,68.0,uniform
328,COMPLETE,"[198.0, 0.8575965440050688]",2025-07-22T13:41:00.674003,2025-07-22T13:49:29.418148,508.744145,0.31283589493923386,0.01,0.006870484841844499,27.9235018817592,1.0,199.0,uniform
329,COMPLETE,"[168.0, 4.903156341675697]",2025-07-22T13:49:29.426886,2025-07-22T13:57:53.748099,504.321213,0.0729246825856738,0.21008594507792655,0.0026886871735425782,27.608460495533862,18.0,186.0,uniform
330,COMPLETE,"[1.0, 1.5962624405713433]",2025-07-22T13:57:53.756986,2025-07-22T14:06:18.461751,504.704765,0.17723912948432896,0.24082245565654858,0.001,20.0,177.0,178.0,uniform
331,COMPLETE,"[174.0, 4.306487552959737]",2025-07-22T14:06:18.470426,2025-07-22T14:14:50.089989,511.619563,0.05451390269856565,0.28607065817219063,0.004958957282391042,25.525808566940245,2.0,176.0,uniform
332,COMPLETE,"[165.0, 4.106699414268608]",2025-07-22T14:14:50.099212,2025-07-22T14:23:16.414828,506.315616,0.05424453291732236,0.4195238674516616,0.00631810608746972,25.345889268115542,3.0,168.0,uniform
333,COMPLETE,"[72.0, 5.492437117234158]",2025-07-22T14:23:16.424205,2025-07-22T14:31:42.970846,506.546641,0.1262816916219407,0.28590608127715894,0.008,20.0,108.0,180.0,uniform
334,COMPLETE,"[197.0, 1.1588953969624791]",2025-07-22T14:31:42.980009,2025-07-22T14:40:03.790699,500.81069,0.1619698734830755,0.01,0.0039056637922149024,50.0,1.0,198.0,uniform
335,COMPLETE,"[173.0, 4.574312573401784]",2025-07-22T14:40:03.799150,2025-07-22T14:48:35.068679,511.269529,0.04277123765701581,0.08780699228946284,0.008,31.914547616383526,2.0,175.0,uniform
336,RUNNING,,2025-07-22T14:48:35.077460,,,0.30586657967744035,0.01,0.007209299786857768,27.84379219084456,,,
